essentialMetaboliteDegradationRate,essentialMetaboliteKm,essentialMetaboliteProductionRate,measure,muMax,chainId
0.5,50.0,2.0,-0.01389261162658859,0.6931471805599453,1
1.6222625046683274,269.56202235553326,1.7906371489452426,-0.18337136157461528,1.089232375691199,1
1.6448499697966885,616.6007588268967,4.207524347759899,-0.11870313443746776,1.1655764571580671,1
2.0449631752178346,382.7005233998869,1.02256735969394,-0.45453121827177323,1.3118306220729008,1
4.017967027563164,955.8659125230486,0.8325862408586334,-0.04298971560619844,1.0397656035019525,1
2.5804186285659187,890.1932598512404,1.3904077063699765,-0.22715066414438526,1.834420043155657,1
4.208442682055251,461.8185252842854,3.923498326322334,-0.06930191800323746,1.8291523511418029,1
0.5525595426188699,776.9262111248555,0.8774712837884382,0.04146893876170285,1.3072958773684527,1
0.5089665408662072,464.1959382628959,4.062311485940283,0.07223829545100392,1.80278807256891,1
1.9291200120821759,878.8246526200653,2.966106885869517,-0.28528999892762275,1.2178036516624169,1
4.7517283172685545,288.24589537040634,3.9456088782587884,-0.7542121303420817,1.5158933962289938,1
2.8899908138183643,942.6157039307014,0.815349807974222,-0.14320635832744502,1.6616234920556925,1
2.3358683327339036,722.3947683763217,3.384583542004012,-0.17955813182280475,0.7595947991125703,1
3.7012152011581705,704.9409089182434,4.8444800181765935,0.38147584167773957,1.463677172194977,1
4.271152903207042,693.3641861117788,0.26154849843224326,-0.05642549768482618,1.5431649985747984,1
3.9516774616965065,42.68314927490037,0.8067832443273755,-0.347890597270338,1.628739881959794,1
0.588447594864145,612.1914342326771,1.9141627381412591,0.20900920550693292,1.9025003980096657,1
3.1031132189609187,508.7114108366022,2.4343323528173637,-0.2681902009959877,0.5026802997182604,1
3.1539299122637887,483.5578668860595,1.0447634657783667,-0.12892076907233876,0.9286921669261967,1
1.3006310946653654,773.8329288213164,3.5433639481305206,-0.3491104231504636,0.7535017602727951,1
1.4118231782845942,168.90354822837014,3.1266647130692276,0.08536635271740252,1.242309993882865,1
0.9216987645962128,786.515449913822,3.609021642242226,-0.21342568241616125,1.5000426873876551,1
4.0703967409216535,189.1226217594487,4.870081286148186,0.399556942150505,0.763058563481668,1
3.7972027910553665,579.489805908382,3.6661223427542127,0.10062490670923356,1.649891560120479,1
3.5133418882336875,138.54148854573654,0.12033130765639327,-0.04842989761872435,1.1098123265537232,1
3.3423212918343195,39.69208417759087,4.883354738142402,0.4584660406914922,0.5693658561590598,1
0.9906372819148404,583.9476540269362,2.6302854906718247,0.21005367408638967,1.0685273340150718,1
0.8055900142344645,916.4666123591498,1.9786477193517709,0.29350879471750935,1.4249168667822496,1
2.9670210325437516,286.20417459436453,2.283255188029739,0.46130896958413525,1.4932740173816401,1
3.1271909139255345,497.2094378122434,1.3598941126161135,-0.2743851243836087,1.1454916596496827,1
1.2530012793035832,335.1912392517479,0.2048869222515563,-0.10679778925233843,1.2296237358658488,1
1.938078073106189,556.1194650830964,4.5834573835057,-0.41866318516730056,1.2872603915829652,1
4.517840810430036,789.3409707995995,2.1491904172604435,-0.1378627797467541,1.4043975405483011,1
2.5175260692161094,613.4021459758949,3.7044754959209976,-0.12827204796551778,0.5952649618462668,1
2.9798290371125797,130.899143432627,1.442601902376042,-0.2266497880129264,1.3253981565488209,1
2.5526962144049565,833.20822353963,0.5125060163828234,-0.11263681614543722,0.7327400084903373,1
1.790150712376913,279.0699266654707,4.080095373238831,-0.09941081089753616,0.8972459337518126,1
3.5201468497635053,503.3135968305543,3.0366901533973674,-0.23298120976134573,1.2589842752707716,1
2.3022888547966778,263.6022297234431,3.1807875211647207,0.5178242951513381,1.1596377760806753,1
3.801727194542318,789.2802645968304,3.3731722970900857,-0.30371550825952165,1.6291592328444826,1
3.4029945187550674,257.12221806041475,4.752208643315872,0.5101158330132288,0.5117156403699489,1
3.0641353281000296,312.76591112121656,4.2785128465784705,-0.32770623149173067,1.6879148641413433,1
0.5328298798113886,961.093508929263,2.272081826373531,-0.26516502526588664,0.6338033933063535,1
3.4173881098309797,627.2887067137813,1.7121880442483897,-0.11590690117532905,1.247723151389347,1
0.5112155278695817,973.0634025790079,3.616193851816911,-0.013575550829733482,1.5941148151112128,1
3.6108935203115777,561.7958392747273,3.6760818310584193,-0.18239971429284355,0.9872720186036494,1
4.423377464037196,691.7409301982651,0.4549907822142273,-0.04222721824587942,0.8513370578277027,1
1.954363669064453,626.9119121297052,3.4056837816326824,-0.03406746420441495,1.5266310198798645,1
1.7695395212826615,151.12724007948023,1.5380680508235876,0.36478571775013147,0.5375747888558551,1
1.1394569168622537,523.0118513397656,2.941468259580141,-0.0049508228976717856,0.902877039528675,1
3.8591584213846906,12.780859793973745,2.3143167401276927,0.5062183368637071,1.5308795417066752,1
0.897480447621724,636.1454038649617,4.461840995747458,-0.2150908711553691,1.2271143555879231,1
2.553827778501889,980.3907012648071,3.2268498073011918,0.08660304150947008,1.4722752354110928,1
1.60282258379948,259.55945397593507,2.151025092407528,0.8615161943482027,1.6677291418470257,1
3.9470797971540486,252.09260168691648,0.5406957803287732,0.408606741963576,0.8580354691182481,1
0.20921641875245975,748.2228117773168,2.146497619737909,-0.1085248460742415,1.969916165458212,1
1.7564294417359023,821.155944853147,0.33583921722351345,-0.11372837569713676,0.7941763746667139,1
2.8403497624442577,144.04380070814062,0.278355255492326,0.30378729917486835,0.811943296359674,1
1.724841005616708,706.1927913108672,3.7585363833707848,-0.04737979541704314,1.201088533627254,1
2.005016303723814,487.79732516974246,1.922146982228182,0.8816790677028197,1.8343440893738905,1
4.840824915372067,74.27349704005553,2.0942665426953697,-0.27963894054706195,1.590882952264277,1
0.3133879966225829,545.6178229605907,1.1273844001849562,0.4214491669820552,1.274538105363323,1
0.8452769318812152,894.9498981071214,1.5177714028444946,-0.23145645499984113,1.069068764006444,1
2.0984065146075004,431.5831508306202,3.856942798679758,-0.024153016393012407,0.9041693191294069,1
1.8147965080446364,563.1020602755582,1.1381129334193716,0.9614107254467027,1.7993966873423641,1
1.761895169024422,514.5503713241012,4.823806482117191,-0.18608497440713123,1.1340156589182757,1
1.3145774939194734,932.325250225448,4.180298703310554,0.5421357260442665,0.7353958950451762,1
0.8354013168319107,19.18100400764854,1.5084590034277894,-0.31606505490617415,1.0572818406081057,1
4.264900062718603,154.41742216265857,2.598785201193485,0.2593414665428828,1.1745909146534248,1
1.774449233157274,808.2253855692306,0.41575771510957615,-0.20974214788279943,1.7337693530374676,1
1.4350017923220073,854.9020384774032,0.12029445166547283,-0.04117759213131948,1.296499956623759,1
4.253127159981398,101.18454875584766,3.7104409415068997,0.7341826398520938,1.059105594970583,1
2.3782293824040885,598.8360727956151,4.406036400978475,0.474297289121645,0.6688067915009821,1
3.248041046067631,554.0039866915673,1.1579255424875647,0.20397518265334377,1.7866759601677566,1
0.4415636193125071,192.67623216004577,2.633363423956281,0.11639126933084956,0.5657108732868423,1
3.865663870396379,436.1895185532059,3.5155308634832436,0.07262891138397412,1.6455517699128315,1
0.5085445582073383,118.59346927535564,2.9217777116517674,0.09780216792356967,0.9661038694753012,1
3.799743558753819,191.00758403769387,2.0094508018526698,-0.023786340856208017,1.8863149252281544,1
4.654636065790343,150.69115811773474,0.6535692720462798,0.24826421396831538,1.642572931619023,1
2.3192791408955817,353.2795834562059,4.893295330395753,-0.42730285877227275,1.5935829536464476,1
3.7487780640508195,547.2888751496879,3.879590461133613,-0.31824233156110726,1.2496647899319573,1
0.3642597902525927,498.21355730955725,2.4502687642119687,0.31944420793758577,0.516710785009519,1
2.7887312667231674,190.6600214116786,1.429818303626268,0.014954076436122012,1.2668093037786314,1
4.5979765222341555,389.6326361180762,0.9419676425914064,-0.1443823193522691,1.4229315589589708,1
1.2641326693203132,120.86954227672693,0.2059323955525768,-0.12761588950663946,1.2138645414563052,1
1.7701695788822611,382.0475822509201,0.7678567654179956,-0.1300248754688537,1.0150805398956058,1
2.0720268315433965,326.3505388665583,0.3282015369214829,-0.11227448902422726,0.9568377420477474,1
0.7945224786691302,626.1122164396386,4.31392568714098,-0.3690412826102555,0.7667658882132837,1
2.688269607729838,67.42620687470028,1.989827894514337,-0.0891680240751043,0.6409495515924688,1
1.029173331363465,365.7751802502661,2.4520579951277703,-0.3096388285934642,1.7362041078148676,1
2.5882388754335257,406.09182393737575,1.6740409892257193,0.38335696462071756,0.7118034550046413,1
3.400257506257128,396.06497573105133,4.373523184138778,0.12872385149450707,1.217718990626095,1
4.327243737742926,82.86086229071978,3.006132377851368,-0.03772951220125204,1.3213279936541933,1
4.346618566915891,805.5222706583107,0.31781869237068827,-0.019425185445570096,0.5801617502799385,1
0.7866709906523617,319.52310315276327,2.2054374192115147,0.5679692935761163,0.8426456603105443,1
0.12290126839153749,588.782406359011,3.511861863963283,-0.0019367731410173546,1.0763561977826188,1
4.788237929934357,908.9311308620731,0.6083449380404237,-0.06441059018842742,1.2986783816104077,1
3.961574745278047,90.17311862448985,3.32229884447783,-0.3605562365449573,1.793542873224296,1
1.4474789441469456,483.0533132111264,3.0224437544271994,0.2785382404502378,1.1048624467672912,1
3.8871491556303472,123.58359698640072,2.2622157385252804,-0.15782383319418794,0.5138555089586517,1
2.80181439837644,523.1823221907802,0.34267592139984654,-0.11797870864870462,1.4388094058032257,1
3.6984880624600813,792.1244964767344,3.5190563316880294,-0.3285410045458398,1.774920236527575,1
1.7337274966687846,520.0388399715993,2.5157944832219408,0.4004176555973229,1.3409145499377382,1
3.1541929688627937,60.09739446147728,1.7193767740727763,-0.31019190601697866,0.6807793485645054,1
1.606997137918466,381.9998487897643,0.3103807347560166,-0.23982607887958707,1.6555934099472738,1
4.010643537803828,429.4627403460647,1.1290636565667174,-0.08047278570904803,0.5401288390490607,1
3.0660708124316933,694.5442368679239,0.6721518929442463,-0.24052887247826232,1.5543898268814058,1
4.645428438857453,403.920053032862,0.4963893798978328,-0.14521051769750892,1.877701051411595,1
2.7738534851747243,495.65008590231884,3.239916861253498,-0.11851087836227667,1.7361507193352668,1
0.5934500699249677,183.8227022459755,0.5318737352738232,-0.2159826498602739,0.8236622051151763,1
4.179489367955284,311.66247335544745,0.264014171435214,-0.10312319009032994,1.8952217332249603,1
4.9366862355150865,951.6708284987673,4.541722750221477,0.1867690290024825,1.7396379261939057,1
3.491654416049453,333.1908072261862,4.920377085754081,0.08244134805298867,0.7630146964981879,1
4.609719388719318,906.677060387756,1.3946659850211771,-0.09605916260986762,1.0363485041965959,1
2.5334277834950196,386.2163742681826,2.6976409448027323,0.38442377155423774,1.9910881608353266,1
4.056393042050662,920.4616039151774,0.8069779758532387,-0.062232218284291554,0.6281692833147388,1
4.59009098197483,565.3001672530593,0.146638801330233,-0.057642715015465446,1.8714806824747017,1
4.612334051595521,554.993742981995,3.571629667647539,0.9793712682807526,0.5175984640398147,1
4.623108578960916,501.44798078254337,3.9649872902392724,-0.25914379862804016,1.9091658395434048,1
1.6923327700762645,595.9233308771936,2.602167312767635,0.07760491604756774,1.9582308535661375,1
2.638326025890406,954.6260181441174,1.309146125700332,0.26080089843801507,1.5306929408895784,1
2.8409426740682413,724.7815762890701,2.5059335909342026,-0.4815126692589195,1.8771716204800977,1
2.1829398990701874,750.578952316391,1.4657389742210822,0.11953222089018019,1.4602762813975372,1
0.8805790710515433,92.2638286386927,0.8559051429390176,-0.098708262733573,1.5674978670738942,1
2.6332718631400756,97.68494161082532,2.957658422427937,-0.1836774808935229,1.31012777731388,1
0.18136044940384932,44.58983443260348,3.154780949089685,-0.045717351810856205,1.9128569589270656,1
4.478138506856643,791.8160179822746,0.4218179754530147,-Inf,0.7756107483395838,1
1.0030869472333606,408.65486181935023,0.6388065514448594,0.08269049909181062,1.2930945013847073,1
0.8823991274018174,901.4549571550604,2.3396216945303663,0.45682337751317925,1.1420682693804172,1
2.8332666601578174,236.30896324493847,1.4202983796975372,0.490200908040879,1.4268976317578486,1
1.7328900523391666,616.2249782284599,3.0656090862665177,-0.1856740470882777,1.5658009944915126,1
4.461549323300598,470.0794103946502,0.10196280600614803,-Inf,0.9243571052052214,1
3.581226364648309,475.52608722236323,2.686786842295713,-0.2969145489265188,0.8569388153320956,1
0.8853293698240077,427.98934482211314,0.9724849618530159,-0.41786676985673316,1.401079424325684,1
3.2660066412473046,731.489662695929,4.768782902856229,0.019733416011858997,0.9955225272599105,1
4.464008587181399,570.7642879862647,3.0498397160239805,0.018803068895302345,1.9411800686076195,1
2.3002741977540926,258.6886863943476,3.0977632731387383,-0.3708280876224682,1.3934029374003316,1
4.322143476273153,628.8702094461338,3.956503300339506,0.6471750941949285,1.4605629095949133,1
3.49110088787441,663.8577497391898,4.081704562195157,-0.13426826874234501,0.5428560075952826,1
1.8452393191713812,710.6154587409509,1.1175876849200304,-0.2672694027917435,1.01477856212351,1
1.7904817405837925,770.1607164081814,1.2827144115513602,0.12383111781937454,0.9393381550341368,1
4.56023863124566,830.2959277108,4.213405413522197,-0.20217871411699054,1.781078319726131,1
0.5874424884189813,806.8029156472908,4.835616256745455,-0.05774093655093649,1.3663080695368435,1
1.8096655151243963,405.52378770146066,3.036601198324848,0.8671370875838641,1.6336830812952443,1
0.8347828087354949,105.2350027294495,0.4674160906740652,0.013292562813106954,0.6474193933568608,1
0.1012932634294206,609.2930294374779,1.4134418512038989,-0.05383339815143216,1.3753748008809408,1
3.8859819704699894,10.546286070352267,0.7374347746941203,-0.28143137193868867,1.2593196804971707,1
3.450812538334947,301.08517776576923,4.679787962622737,-0.06798825050314107,0.8994161962436744,1
3.3660126133863475,220.8622951108464,2.7041798426019126,0.31345942966050305,1.495067881856174,1
0.8716172967759892,534.9575235228101,2.2245665059902007,-0.2499513153163821,1.5997480008032494,1
0.20873350262048213,599.6672374105161,2.1189642631263754,-0.0670114299729523,1.191080262692461,1
0.24910285285891634,177.51100950930086,1.547566429198421,0.10046976887327025,1.2256650038977692,1
3.1160238140625127,75.4772099548072,2.1871295553616643,-0.08689985231400749,1.5311893678510482,1
1.3247314358536386,227.06318608456885,2.9526664465375583,0.42815345653104386,1.71716858391245,1
3.959331509031181,549.8291747577152,3.0880925030124056,0.38367674970252813,1.8610226658056166,1
0.37908023238698996,382.3475723279655,0.2743399841119117,0.017703061512122108,1.7751552526760601,1
4.308268143879072,563.479860818193,1.9610284613288111,-0.2244268210905514,1.056673128817702,1
2.5711358489782663,307.1825252838637,2.2580731887465375,-0.5342770167341505,1.0943626092336793,1
1.255096917757053,515.8225830475482,0.3106821117211854,-0.04504739832257557,0.6131782446478701,1
3.06265555490359,249.89761976199927,4.878839878027323,-0.08675458555461493,1.0954904117296005,1
3.2133522845386646,470.3380581238568,0.9919366942118673,-0.18733122627879234,1.1050923145929519,1
1.9440908462524433,416.7514728752449,1.9412746278126238,-0.27932464445664806,0.9389427850465363,1
1.238922010867939,91.93470325969069,2.4191311576576897,0.28555530656580463,1.6824874798346454,1
4.783805323861969,665.4643553690131,2.052340304808553,-0.15575906742980952,1.9019228275626459,1
3.976871776024777,303.0061864581254,2.3967517127490936,-0.4090209132416137,1.6695879221129757,1
0.5625201348735263,72.581428922257,1.036417144421982,0.04659508668214078,0.7868610668013734,1
2.314777111212301,491.10082476187773,4.5884019528803055,-0.345335107409094,0.7569414762501318,1
3.8495877580835973,732.3739618299843,0.6738434778604806,-0.0749126020373086,1.0877539836870644,1
3.123692860769817,524.9987397558223,4.2130249498029295,0.24156298172395596,0.6267362805838732,1
3.4515135520138576,787.5788079501594,2.837833602646605,0.5528663697728505,1.3601925446596261,1
2.6795925434035843,713.5861801150107,0.38975815822554083,-0.11808941452862737,1.0193769129303605,1
4.047233035222861,875.3630122234965,2.1401250974536654,-0.1426410212455816,1.0777267777077875,1
3.3384360782247735,815.0345631944399,2.6386920343197624,0.34605878816849733,1.2525716530597586,1
1.0845799558648208,678.2397570942863,1.4748564970864209,0.3038291490447204,1.8703644598056859,1
3.8891625010771995,446.36731059967076,0.2742213774543556,-0.1289304072399601,1.9634463478564774,1
3.7127256787419314,503.2401614804972,1.4989230662333661,-0.14658637774133898,1.2558246437052314,1
4.637178906354451,881.1006728908092,1.2840359968792707,0.3829063469102586,1.3753055397466674,1
0.18430885533770144,49.13544737904541,2.582641797539882,-0.01359388971507639,1.389700394432383,1
3.6429222979930405,21.16215765867357,2.578668278939858,0.5908243270636288,1.5527227413865954,1
1.264028891824497,366.1181234442652,2.120904431092407,0.2773565239312114,1.0302556074564588,1
0.15294564229684632,600.9517866325219,3.05833658221495,0.02279159288123449,1.4223202642214636,1
1.7907246331386766,476.37810840844617,2.153649780444315,-0.29680039055796337,0.8540469554257583,1
0.8312654643547164,697.6013862151791,1.7602759870108216,-0.282147970166214,1.1205685555475686,1
1.7897194685714088,927.4910335795176,4.8309729045372976,-0.3363274967131868,1.5898739289208734,1
4.150834758670969,982.575773657071,0.2904913639439791,-0.031075774989024002,1.1123899949060738,1
2.435303337547213,906.0825223195776,2.248772382963161,-0.28860433636442245,1.7726493129088956,1
3.5977890854870624,348.81911142295667,4.158781886912491,0.13517349584917326,1.8859208729273724,1
1.4162460199911056,920.2517856062655,3.7481241449970972,-0.5141183454518006,1.584731744364857,1
4.5328917707254215,769.8446085399615,2.1212191948683166,0.23624069807137682,1.8821541876275978,1
3.8327891793772695,460.9775710915935,0.19223268047467035,-0.11302082678060729,1.8580828963406664,1
2.5962013199076193,361.4683976817845,2.03490073472928,-0.03565939175333335,1.400240111237559,1
1.0974189458148957,372.49741084993946,2.496227366037796,-0.09323548065814663,0.7611682604412728,1
2.593426077835912,101.54773520403191,4.624936274723841,-0.040155363422787776,1.3226029110586746,1
2.5631725328903143,107.93642871143089,3.6451645374026014,0.12946113814827684,1.4511637827011072,1
2.023585085061417,458.0646750625936,3.3078604863962826,0.01962858711618693,1.0646996777480173,1
3.238232346649159,879.9542119221243,0.30426137656220276,-0.04899213612382014,1.8645614021355146,1
2.043927939071279,576.2567587067248,3.7054560356302138,0.1428334527922792,1.4916489758102398,1
2.694566822047772,759.1132913550986,2.203649331352777,-0.2606277730386964,0.8838947251468467,1
1.8964515568361642,819.140783379181,3.9959900741415906,-0.1251933439362832,0.5409241701951055,1
2.4915946851623096,744.3064631752278,2.848231833981381,0.0614448350823776,1.26963914123437,1
4.311455985677653,161.44816835166688,1.1614192445230438,-0.25989709003116807,0.634949819056774,1
3.445603782422059,142.0722062702252,3.5148604005944555,0.5244910110698837,0.8606758291843151,1
1.447817420636003,661.5871027166887,3.020726376653618,0.23635262439429394,1.2782101438210656,1
4.450663960451162,574.8049502753956,1.492253652313292,-0.1418095779941922,1.8837215655721353,1
4.025326835943208,748.4037076239103,1.0369840924893146,-0.09645772661378961,0.6112799715933239,1
2.7629694394399085,773.6027343446553,0.5610853978607736,-0.07009105699168632,0.6633180381122868,1
1.971126107896194,726.7123979061405,2.6226786744262816,0.43015748009107735,1.3135558796591174,1
4.657201719917782,730.8009337786985,1.3076686088784688,0.396070945750918,0.9439396672429738,1
1.6532134246808563,158.93373376995305,2.3523975648690856,0.050727975112858426,1.6859220692539585,1
2.2087218396573207,610.0096489988202,0.8262357953049468,-0.09538097447076728,0.6667005709152962,1
0.7307669023125696,322.1194443505747,1.5455294432753097,-0.37852521884345136,1.1593474310457859,1
3.46246699896736,234.71703655877405,4.377248444303587,0.22564233990525737,0.945177943903692,1
3.886908381606367,698.3324266627742,3.168387586504899,0.2545308017328017,1.1368245402782864,1
3.684558854397023,66.33292464188563,2.2607799722220454,0.3338093776417034,0.8941971024769106,1
4.49522241458348,734.727153160043,2.206319149051892,-0.27092171734902654,1.3204692763984043,1
0.3891640985008046,88.24468236374585,1.8658323119860025,-0.13112118332758163,1.638191298425701,1
0.3920443543632185,338.10236429870105,4.348642757594309,-0.052386472775268304,1.1039321548216041,1
2.1025604982833745,51.25241371866902,0.3808053223049357,0.020239635240855966,0.6037715793645333,1
0.8096366789917794,855.8389650619569,2.6328081229416282,-0.04892313397259976,1.4644124390755677,1
3.8738460456153643,194.66440189559893,2.763452151983655,0.07434378363398797,1.9429345174017927,1
2.863558238620832,21.61094345626637,0.9026961065436024,-0.27131867393228515,1.1691779201633747,1
0.35837596658841553,400.4519626930039,4.383467410194437,0.2807970179349075,1.013426839267112,1
3.921434349791308,756.1086078070131,0.3673863478418361,-0.05228296220283325,0.7328668230544855,1
1.8453602610477091,861.33299306893,2.390556015657183,-0.2890664376212245,1.7900418354718748,1
4.559695977200836,270.9332083472943,1.3510180459391283,0.03852154285648045,1.9915641311894232,1
2.6329902082577252,458.65018957768615,1.6318772802930117,-0.21264970677353093,0.5999157712406141,1
2.4128247003712344,73.49035541803983,4.484875203114667,0.35761704281815987,1.94385834148692,1
0.10187913591571819,816.7572839786113,4.558097923616388,-0.12261275059552906,1.099442295281774,1
2.29462268232155,843.5856607571711,3.2224104404785043,0.13002876186917098,1.0745922642447434,1
2.7889849835776737,892.9507470490628,3.517847770458227,0.026484227238007016,1.839270204752161,1
1.1417424459396392,63.834299885492065,2.7490493923932107,0.2616382264020282,0.742333583085707,1
3.683323244975059,341.14699640591374,4.4377830574818615,-0.34144154927321557,1.587705529727011,1
4.901106810380797,68.35594551977306,1.7771356874734094,-0.16017784831919069,1.7786616892649416,1
3.945366692575787,753.7158148270022,1.2286025782901606,-0.09100397850096577,1.217298276006007,1
3.475995460125181,351.9025956038987,0.44737107981497726,-0.17540684223361036,1.7438970776367828,1
1.5223111448334496,280.9973483418133,3.5447244020596678,0.12150534695881031,1.6378064688343545,1
1.4279575313807207,88.92874750056514,0.6135388989008738,-0.44480930801914437,1.12822226660007,1
4.80476189021853,141.85453243125627,0.5729675773458767,-0.14186047646218325,1.7051898040642293,1
3.32312640974207,951.13201642497,3.8365342621434046,0.15903050406825595,1.4428999717108015,1
3.238347039039323,817.8839675124767,0.9780209977598884,-0.08112773878514742,0.9055378090309718,1
2.742170899299513,62.149067241152466,1.3090412042081576,0.12126526260246812,0.5725112532482415,1
2.349420822525787,358.95737777734877,2.1545196703259992,-0.38229245894297836,0.9609473102192824,1
3.888147155521487,28.7585439972787,1.4312208087361806,0.3014925042193964,1.4675225756026622,1
0.3363587532275609,628.1480023582486,3.1294273576432388,0.1363953392974542,1.6773576326140713,1
0.7135048699364239,671.6949037578128,4.491370128311903,0.6851193633154887,0.574952852279533,1
4.7519098951694545,166.4886669775545,0.4384322684123583,-0.08090154384713533,0.8350086192902111,1
4.528011615060781,978.7080424837786,0.7205452840280083,-0.09474491280136554,1.93369377231092,1
3.0340268929786403,497.7233595761076,1.754498584973109,-0.26976226837210665,1.8399948904180226,1
2.8686175289281075,69.73812061158941,1.7000086118178501,-0.5051516356514565,1.129227177418516,1
0.9191012632201118,552.4914646196653,0.20074676022108684,-0.21749247547410172,1.764988004569434,1
4.3155657753901355,604.1427402699454,4.67821160396767,-0.26211828268763937,0.5111343801116153,1
3.497225087423036,428.2764369043256,3.0357874641114178,-0.14068036217774746,0.6545746026676988,1
1.4902009323662597,333.6792881500789,0.8364178293996879,-0.45018317303907923,1.6427302074209063,1
1.003804504044016,192.60744082300286,0.6877556066664999,0.22061205823293834,1.6509221986058669,1
2.2449640959692725,738.4007438906627,4.327396852774268,0.34792746527586793,1.359101007549977,1
2.846835208988421,233.12381290590827,1.6939636665673916,-0.24387054203804312,1.6154345230533642,1
4.4174354068098785,356.0047739388643,1.366775226306069,-0.4164112607347939,1.9409595435074987,1
2.6794101043244907,579.9701563431712,0.9291070904554136,-0.2531919337744583,1.7092589774958635,1
0.1746411491172398,266.38596570689907,1.3075226234268413,0.022253317913930187,1.1297205117422116,1
3.0981421554373623,463.6645844657168,2.8607260103875376,-0.25084056591140935,1.901685753228711,1
1.4014365130523267,253.23787685832434,3.1841796699909968,-0.614224294915259,1.331998244540995,1
4.4384306156448945,420.5524262385463,0.5549296471401596,-0.11418599114652218,1.2632316616907553,1
3.0750502779161626,896.4525821956364,2.2756906867004028,0.19228479442520355,1.4058090669359258,1
4.5383263074076,833.9986567022236,2.627971029172954,-0.17320883514312926,1.1575886626822836,1
0.1466698991337511,55.357922766135815,3.014040600462092,0.07645201980099359,0.9116221401322984,1
1.3624967090300293,338.3037966590213,4.087359601769141,0.5981906743621056,1.5131465296460114,1
1.6368043826443457,113.1141591669009,4.628216268518157,-0.16348871526632405,1.0871049022403092,1
3.690654760793852,291.74413174121605,0.15411867386435568,-0.04532233148638752,0.5131319489658052,1
3.2253125767197206,132.60771003808904,1.2113548100702338,-0.47762310375507333,1.9585106303103463,1
2.912938237327331,889.103398041396,4.501054814009585,0.48185333066510594,1.534206585617205,1
4.604360630530616,272.53268040847644,2.774303082813671,-0.21392749981738549,0.744696905427497,1
1.6086714961410338,689.8874839640004,3.0599082242970015,0.0277523135543306,0.7563387295803226,1
1.1129917710629738,362.42762405398014,2.843091574399734,-0.12271069015110617,1.9295165878633176,1
4.215547841942907,816.1316412186018,2.059282905691515,0.29418722569790384,1.9441749074810888,1
0.27692103601204987,983.939248494252,1.8905717045809358,0.3355726139859642,1.0030678099784838,1
0.3089647055229222,985.9007676597531,3.0596669529558627,-0.2944503195375986,1.4139413397927043,1
0.7462822087938358,937.2879895160995,1.4048981434669836,0.025185572938639756,1.2559073512436294,1
0.6297069302567488,241.1101862135862,0.9281387954191173,-0.28934834287936173,0.5679432368485889,1
1.224612436466371,572.6437227748833,1.335042431038313,0.344510324756162,0.565047340906361,1
0.4019093556649108,449.8216440994276,2.753127179693497,0.03665313194530918,0.8762917142758659,1
4.315315948178934,968.2723167556286,2.214299552846362,-0.15821836952892668,1.5445969018620922,1
4.4212551044193,926.9906041568094,3.266520344935752,-0.3105393129127089,1.9549256639196184,1
0.7443791555610949,465.032709981593,2.9445854816885757,-0.4158396983239912,1.9917447558400299,1
2.8768848696484537,388.3042133709523,1.7092160840807518,-0.184762221732975,0.9453622086123219,1
1.7769841996205193,133.44789487904308,0.352588419637604,-0.1045562696508988,0.5764286438613879,1
0.9028922709188333,560.9643055215779,4.055822899512532,0.5023554451213604,0.5397884217010067,1
1.4191707607858999,212.4680665544475,2.922732408083806,-0.31618143910799273,0.6797042063688225,1
0.18853879562896614,100.7520014719392,2.0745442036682857,-0.04344750351154121,0.8976127559606126,1
4.0280224756420635,393.2586905394172,4.637923101084672,0.060809434044151386,1.91183342011111,1
4.819465892413973,16.148397667549798,3.996743741088276,-0.288124078037706,0.7959367747734921,1
3.3138700686912674,361.253640143925,3.5730649563427233,0.3677220686954602,1.017368158805951,1
3.0709618745416245,204.40109509097772,1.7888981389439635,-0.10497819793569349,1.678507337686374,1
1.3707957489626654,993.9683354074851,0.767374333696732,-0.3101898186242942,1.9141173658652582,1
1.0068253168474766,171.7225130783773,4.391929430047017,0.07476249665577711,1.7967379889321662,1
3.0530941659612107,901.1771777318934,0.6856872113273367,-0.036074433991153364,0.6892314966705355,1
2.8305464757880165,480.21345044966614,3.329910878847882,-0.38085933681351286,1.3334253350004954,1
3.533897792627153,526.0189326078804,2.8434007721892214,-0.25995481179736335,1.0989343214445326,1
4.780634211884319,351.84638326941536,4.0852935372423325,0.36024185733534986,1.3012700070668672,1
4.564613322821597,873.5869171171807,2.182040162369156,-0.103625559522249,0.7115473527370149,1
2.27478516719369,585.0480725510694,4.800883329428717,0.9313428379939489,0.7763637243444184,1
1.1361375535733016,978.172524425407,4.321074648973575,-0.2820811245848654,1.4936904023967355,1
3.4152225331964576,39.59925374977455,4.257995304468543,0.1780334100536362,1.5735896392992328,1
1.383982112586929,711.2447259791545,3.442781565949723,-0.17377703130136457,1.8735058953259074,1
2.1852333140493263,114.45429572980747,3.5363405059412,0.3170177643724425,1.0079245932866847,1
2.2109272995477953,512.6579972849149,3.1195085458562057,-0.21495951370820116,0.7907855541287396,1
2.027935946832557,371.54784409177284,0.649170263027324,-0.1661602339067217,0.9047405862699573,1
2.5620012083920214,228.8687316612302,1.803228126891927,0.060858115920446106,1.14237853328838,1
4.412314084225439,756.4242924068291,2.9348988921052688,-0.2007553442531408,1.4140046992174122,1
3.108817427106321,321.2498903603997,3.787451935106101,0.2700441717240796,1.9262924162540884,1
4.059177080730452,130.35134289202807,4.102374075964267,-0.047532654589576284,0.970789463257426,1
2.80418482758048,753.8116505386083,0.30094296313109675,-0.07945831832739791,1.2254366502265592,1
3.8306926974611666,412.128130405971,4.568867392307162,-0.18728805828831457,1.5624836287992787,1
4.950711057918459,618.2350580913652,4.213994369455107,-0.3428253165566512,1.8045163517289784,1
4.351716040934671,820.5023562157821,0.3875704872072896,-Inf,0.7403748259934939,1
2.291534038629945,728.5280646635509,2.142818631092681,0.01701831898636489,1.278117411148997,1
1.297453772244625,368.4532315405599,1.9935204667571509,0.19057485296110793,0.5513681660114762,1
2.5385082898802014,327.04605472094573,0.8564763174187623,0.5059444003157729,1.6701986419211572,1
1.8018169940342263,659.2152587518921,2.850940993013751,-0.2880673841259688,0.8270952556157908,1
4.490705404800068,892.7327100638648,2.227693416850687,-0.11319558093842567,1.336137274350823,1
0.34869326692093033,531.6582022397232,2.376418361112897,-0.38143819320861866,1.1270842672474075,1
3.9707367319774667,308.0490247946932,2.4750998563792597,-0.2080531044728395,1.9536583706228492,1
3.0153962367580847,902.9880999207553,4.964337382410548,0.5783390166076046,0.8472375441316344,1
2.123948175857062,459.37034859517,2.823159570637916,-0.20172907774150245,1.9793476246479142,1
2.077298092501402,573.6393971596094,3.4655381792416398,0.45451849428255386,1.648593999107114,1
1.5274637546816552,881.3927833864597,3.3997868248903695,-0.3403846153339695,1.7966873209312155,1
3.6964130018662296,810.8902926612166,4.566392107249562,0.5075582581601183,1.7902150942244202,1
4.728231874157742,698.1637525770496,0.19958359089535527,-0.04747977671514992,1.8664239070667008,1
1.6461299781024472,518.5016243398491,0.19046454752255654,-0.2334951216248933,1.7896993388107358,1
2.1201229270217046,962.1909569122812,2.123516281116137,-0.20583990861035256,1.1632977307882209,1
3.2888894495084853,720.0801418257661,4.156219320595273,-0.1969557160089271,0.5977631854703862,1
0.9723191165777871,377.0296385678118,4.44413759682584,0.18096227118992375,1.808702478669045,1
4.6818517731802745,545.4585539202787,1.1361343422855112,-0.14850446949109924,1.3262044004165863,1
1.6767209971150265,81.7694406722528,1.01345919183709,-0.24123983047663386,1.8188167824969237,1
1.0852916774745696,30.026998291772127,4.572744696628959,-0.043657932305383444,0.945840369101026,1
2.3041612809639567,844.6270050463663,3.5656724017826775,0.3343161053959955,1.7970222416028525,1
2.3890229228205664,586.5503326409735,0.27315190603477757,-0.06602514797340941,0.8460094441568693,1
3.5304982067423123,800.0845189741488,0.4674511282943521,-0.057498470755062446,1.380966616086698,1
2.246527424749757,927.1388812219747,3.644685515819622,0.1209551767249015,1.126515371866206,1
3.6803464784610354,465.83832056361473,3.1643473216523272,-0.28765835640180903,1.1185280834498468,1
4.812948814372687,774.2407205125962,0.6262768504781079,-0.0379093524275127,1.3019430969127357,1
3.0157605868306634,738.2236609870492,4.766697602354753,-0.581257330705482,1.6920855102606174,1
0.8458337179136358,482.8928248745773,4.803143693564066,0.14842161419004868,1.2713318318059272,1
2.200061967347085,762.7422868219743,1.3811935692640223,0.30133384567513993,1.3109337817656639,1
0.20988443860763598,256.92451625788226,1.7524603363906626,0.061030800097688534,1.0834833052831745,1
0.9023330303336216,17.979443814547846,1.0506177587126206,-0.2269366996805712,1.9421720163098524,1
1.7551597490764903,677.1374659227583,0.908553517758478,-0.21204089250312688,1.296288854366858,1
2.1070229152905005,941.313126376702,2.270782227471749,-0.28164771419461804,1.6342058369378856,1
3.044150188811648,437.64882319457683,4.44489906088026,-0.2988008692063719,0.9399491293802519,1
2.610270887649096,963.4351620951093,0.24814624014048306,-0.061071567243563586,0.9456811153177651,1
0.6277958706247938,413.9872689308071,3.8797930734415997,-0.36215239254751785,1.3701618979857555,1
4.223784050734607,524.5796983862238,0.9378328232943411,-0.20505379343567032,1.8697052550567845,1
2.8918856998172555,700.1704615602523,1.7224210128543318,-0.22284780142976637,1.9078314075089542,1
2.7154614469862755,118.83374930695877,1.9776044272724487,0.11260045981635922,1.645543072975849,1
3.921094714824467,91.0096532703863,1.2164568564889335,0.19578426099010654,1.9361366633823827,1
0.22823864903139876,869.2761986338793,0.9267586593932421,0.14274520910457614,0.5719079351876764,1
2.0216089092855634,210.98941628415238,1.9605469800529154,0.6753105947471593,1.8600578453244236,1
3.4660001145243626,957.7992919200449,2.9031779023107824,0.3512744116148379,1.1540698928509496,1
4.483366675886942,815.0930724246278,2.7341336924337964,-0.24159921710652374,0.5111538735430514,1
4.463055023607122,509.84694718488953,1.3011177631994972,-0.15277947609925685,1.8723908854821831,1
1.0278810439790969,893.1447496565758,1.0781377949051052,0.13140540945682724,1.8553761445454644,1
3.4231204860029356,691.9416341707949,3.0918135271868468,0.3358360764916815,1.3687366873865958,1
2.538798475286863,995.0270870208584,2.865667207861238,0.43468917220405484,0.792465674323817,1
1.1463396158863706,351.99117924969255,0.1134172552034467,-0.06655138681689905,1.2757015730431325,1
2.3988798011209678,495.85058176131963,2.774990206087467,-0.01397270260551258,1.4411504690413275,1
0.6835615926822177,263.2979174418448,4.090815256646751,-0.5361317634237114,0.6533923265766568,1
3.2841835269182873,574.6238700886237,0.7382607121662863,-0.1346694978392741,0.9086620106190568,1
2.5606745065377776,866.8414076878634,1.7945809747109798,0.42329909960301615,0.501639981201098,1
3.7728857258160424,124.84534970370474,1.2325205315787586,-0.049293012846071425,1.6748939167576897,1
2.3069680972015045,853.4629211120063,1.9183318839083532,-0.23288108415011122,0.8336615963985761,1
4.537697231828211,416.5787346607642,0.5198702538525268,-0.10583916437045032,1.7611044490835173,1
2.774319297907044,651.3929094543339,0.7440268496127139,-0.0964896870750453,0.871691514392583,1
2.938078598441925,762.2584743518298,4.562070515097325,0.28273180928523295,0.74687163952911,1
4.997140090509582,627.9965722647872,2.9584594057602724,-0.06306789704872516,0.6796942254006878,1
2.642785533289604,925.7940596624933,1.5388539152981393,-0.18010671315883062,1.0737536728398343,1
4.338837448036598,508.1244772800665,0.26733809657237195,-0.0750066909878087,1.6121303262664806,1
3.5182173568817046,537.2547388433645,4.184546384752365,0.054307993881461174,1.4448871048488579,1
2.135641248447254,812.7518683261042,4.055904461170554,-0.18853748070923676,1.7373656362076435,1
4.932877824876391,658.7781518322585,1.2212722831749736,0.44310211460975996,1.0082198516885412,1
0.45134050013063387,874.443146620207,2.673844957602186,-0.11448250357599014,1.5163294886101668,1
3.3791467258450996,38.993246260934725,1.3450717109930828,0.4994169384637649,1.5838786050957445,1
0.16847403349926743,593.6910431223451,4.4140128356811115,0.07641422764650053,1.2200147181605323,1
0.3946555521515209,673.5271138023436,2.231311335832932,0.26117902081128436,1.6018428285353026,1
4.582454099055995,239.76191176827876,2.950654319024675,-0.3659596231272651,1.8489961983661143,1
4.920821464090207,268.7824105462834,4.489184707946514,-0.262605690908828,1.1472017943499195,1
0.6751529737496373,904.1543946202333,4.2454962162465435,0.5783892623520881,1.1833754906505347,1
0.9278969113391994,888.302331604192,4.337945656674656,0.05317608079695541,0.6848527194846918,1
2.7445990544057635,543.0461795311608,2.77872986594753,-0.13846402626463558,0.93802475732552,1
3.7916165841346525,871.2251764829703,3.0740006136597535,-0.07441719284601934,0.9038018119212736,1
0.4574908787847718,154.87316922319644,1.2988070989800706,0.27425646626296146,1.4667568214429945,1
4.038414484753809,505.5509615821529,3.363344285051891,-0.15672173860121455,1.069174000570575,1
4.884380621935091,558.5440928206109,4.492231316010836,-0.2788647542883536,0.8792746506252942,1
1.603950318148113,971.1229406762691,2.74385410268543,0.1654464352415869,0.9701810695806441,1
2.853859337016112,519.9855733041738,1.6582963145708591,0.5402934289588585,1.546454281511953,1
1.507211444515583,252.53424874185555,1.9695190381630931,0.5961545137841343,1.1436366709862247,1
0.22022793635761118,895.1149422335715,4.504772766838647,-0.0633627648945056,1.62921689693492,1
4.895071005539548,343.340279443123,1.2060198158555622,0.11805660478383866,1.1474402680576916,1
0.19631132924912725,659.3923229701013,3.9103709225161882,-0.1392609493412804,1.352890487414756,1
3.3174446803242037,406.50826959916986,1.6950634681093357,0.3243635087594873,0.5312122585987002,1
1.5711809543860307,797.2788776441491,4.363106068548897,0.3191393762919148,1.0763184566526123,1
2.353825610750455,130.65891159469993,1.799034815590675,-0.2809663570515833,1.5334877839324657,1
0.5499229098554106,646.1676465575343,2.386375484491216,-0.19816879406341711,0.5159306468982844,1
1.519181221476329,889.5032526482161,0.9153231250357423,-0.20907105762490602,1.9085719956602822,1
3.3977660767774602,464.27195443485124,2.610289332627163,-0.30298886527680235,0.9160368982060854,1
1.4822853153667446,126.44472943357411,3.43402837686533,-0.16318364732934718,0.8055502807096961,1
2.080409344909613,755.4106124397563,2.146114634089495,-0.24137804103086977,1.5190763847059687,1
3.1861626969456633,338.33212095820977,4.204905554032779,-0.38382478678722903,1.7761584227504632,1
1.1263147844231456,19.68835526379499,4.766089255000866,0.03116068271064908,1.9694259313085287,1
1.6632880564679071,780.4759400762897,0.570826376885257,-0.1578874083472127,1.6051814647554967,1
3.8286390360958644,719.2652014661574,0.8845358084717893,-0.10580849563126273,0.8765549945551483,1
0.3116759567443702,73.06268001257314,1.4099214753333553,0.027559362236979322,0.9569464037373889,1
0.24432355406507936,637.9758102169457,2.1929663455543595,-0.1204437883913871,1.1300901232015113,1
3.2370765149663723,443.74054388754837,0.3058579177903042,-Inf,0.5567911675530226,1
0.8971321375489272,91.21062136375316,3.5166430376402587,-0.12315359603403964,1.1320324993021234,1
4.237928223173747,837.8383910845072,1.9872116674029472,0.5703625832787613,1.9617533270015284,1
1.2535668777715256,888.0921603501854,2.36500513607253,0.0774433263634321,1.1326849814041935,1
2.4145373471799014,452.94422712661293,4.726261192286332,-0.27678748152329435,0.5098700757200165,1
4.938934555650574,983.8716206823434,1.7683854941488966,-0.23725037698122264,1.9604269747711753,1
2.412604484317029,458.54162599336235,2.7234982285857083,-0.17782557553109293,0.6179051223677526,1
4.928093384901411,334.107617573279,1.0396724962294206,0.07901776443544675,1.7985688033604468,1
1.780125681800754,648.1499535880712,1.3154782756801682,-0.3160265240019783,1.3540486187170946,1
4.0809664888465385,492.6032352181057,3.479197930338323,-0.05909786144516364,1.9936524373080846,1
2.7848132474379383,935.2178027851904,1.9479242384174862,0.5891377092638137,1.9923089231673412,1
1.4145656195127725,429.6982738826679,3.4619367376100407,-0.29848939261311264,1.5735340388229615,1
4.786233496832051,236.0479325681476,0.8612014758049128,-0.34206215838949866,1.3437863053120953,1
2.8058884324311824,298.8679634527646,4.385829320482677,0.20306256651672036,1.3467232463677377,1
2.059408185706402,681.1452973885229,2.657443655948819,-0.33376956280103487,0.6765426065309962,1
0.29653277100515446,839.1916024418516,0.4907705162758943,-0.2064102948033707,1.121536301365032,1
0.31996214750400975,866.8409478816922,3.0464080124576265,0.17917078601023953,1.1886453517188125,1
0.2210084347882727,195.3505582922304,0.5998978097696896,-0.3576123817081377,0.8724242048724693,1
2.4908655762176126,505.6878878907101,1.986933874573327,0.5974605662464939,1.7876018427402338,1
1.0502314007030265,409.7700227750404,1.2285907551231072,0.05035629439232191,1.1140222186610622,1
1.9219902583980735,991.6100548292515,0.6382323469638322,-0.09851999889564636,1.521828763938848,1
0.3380051313202832,890.4837917423707,1.544532330502853,-0.1592271916313801,0.6715120222393474,1
4.1110393731444175,597.2003895037266,1.4273545975305792,-0.19077675160119204,1.586013340499297,1
1.4929655405066387,186.51458745808816,4.765076121260368,-0.1649991903241335,1.8844020516635358,1
4.209490268088399,116.23717395785083,3.314725075990949,0.447446760903077,1.0667201375817021,1
2.2410727605091827,649.0424088681822,1.353402173451404,0.40609312070654285,0.8764936040865858,1
2.8429830667587743,630.837221492034,3.7785001618865364,-0.07619016246226055,0.5936660002195602,1
4.500894722760163,752.7013431423065,0.23305691404967085,-0.05144873876325896,1.634889504522067,1
3.80320758900136,215.1291819623148,1.2372498814773296,0.21874489646202708,0.5564428467371276,1
4.222909179731492,123.1411564482942,0.8684243100483816,0.892602850390635,1.331015524869947,1
2.973276393629919,662.6382233667887,0.894925490760132,-0.0832550818617543,1.0580680418115298,1
2.4109056021955473,298.7886807228177,1.4071913504335045,-0.2272449527417218,1.4110994731026671,1
4.247856739735463,745.3793034759938,2.4725192723522276,-0.19542807113575106,1.1061795134006875,1
2.875008992301016,497.9843270986248,4.048181790147743,-0.043701489478658304,1.280046415547484,1
3.189784482575407,48.804823756886,3.646512233068284,-0.5626844465096715,1.4373144686656159,1
1.9472338174349562,344.7604026152398,0.1397342469498672,-0.11924161718286569,1.65589445606728,1
0.6349571362826686,73.66461533701485,2.413492402701609,0.08385906646965745,1.6955087381080487,1
0.24644198116971006,661.8271241851623,0.7031064844395918,0.027324266928100572,0.9270573218126943,1
1.3370722326631506,958.6221668367074,2.943333606181228,0.6672835673299254,0.9303921135098543,1
2.1839032291057383,198.4559521617695,2.333975146531132,-0.062224979759837165,1.7596164291262555,1
4.5197315589934215,88.87597461548339,2.5471987228499597,0.04418813117713053,1.195667494550615,1
4.6139989698240615,367.4392595060311,2.9782201263047194,0.5111586891843819,1.8305963649761776,1
0.46880774614570675,342.3627022942946,0.9416853781114376,-0.027513684935088996,0.8020156000778633,1
4.1248810195650965,837.3440517243134,1.4148560571325468,-0.3115327277682097,1.1484659264490182,1
3.2301214984715756,933.9609091373035,4.711412526622862,0.497087866365434,1.279601111584083,1
2.2077151976952294,395.99791213716856,4.006560646960959,-0.05766721715102234,1.934205771391341,1
2.1578035953435784,125.34597061623197,0.9179244557637602,-0.47762601497013146,1.4809459286696465,1
3.8317834191825693,265.559493748793,0.9351159370185564,0.31942565412589796,1.7343254300133757,1
4.269761922839057,302.5545680487812,1.401975223506709,-0.2369791056300105,1.1356133423750419,1
3.7699625967491115,182.39700287072813,2.3997184616437908,0.2952375155771046,1.146635001967359,1
3.443938565970608,785.6989711721607,1.7978389940189952,-0.08958725284856099,1.0246105678375024,1
1.4521722082040303,669.0012950965992,4.316804791631918,-0.07622933369808645,1.8195528797828764,1
2.3125529071074715,990.6716978512468,0.22130447110224655,-Inf,0.5951616470184644,1
0.8788449900789761,564.4627679911097,2.4883270801488173,-0.13750967057310054,1.1502283892038323,1
0.9895095062047183,865.0291316492361,2.4565853681521688,-0.3262145607733975,1.7100734340382564,1
1.4641199113903502,923.5691279069813,4.0360857494870706,-0.1082154799625369,1.3142602838761634,1
1.7760379388501095,552.8089229614822,0.649975832773201,-0.16430225486495448,0.8217081806538251,1
4.518641152831946,250.61390098325282,0.956505889067694,-0.09071007676769381,0.5120057607288393,1
0.5509224202136818,568.8835139657925,2.903425439365022,-0.13731852363497443,1.1048433668310558,1
4.9291558013658205,216.2667415165676,2.3167932296471774,-0.3441992716083185,1.807831658942916,1
4.670791503833054,63.29565224589101,0.6373170212919396,0.6187101354757155,1.1469808876732737,1
0.780658793445133,349.8778323649061,1.7261081996795362,-0.27324410879944994,0.6637597093576052,1
3.0412981953576113,224.08541785094127,3.034247338806546,0.1151355891051172,1.5951682159303278,1
3.2015037626421257,751.9957996558993,4.739435079270916,-0.4336270726809913,1.2486576425579232,1
2.1309023010316643,325.1222248308371,4.457912032968924,0.23744789822759707,0.863654736499907,1
4.611632735457498,891.8354083674075,4.265223552873414,-0.07523750754957176,0.9443786684705012,1
1.5546397423470362,212.20465951319775,0.4666148245287587,-0.258977047260854,1.8669573582405294,1
3.586221742336309,140.8762595001916,2.8453938021483642,-0.3784031507991412,0.9264476539178106,1
1.9352060548448837,518.4221887394884,3.3032431407236422,0.05258962831215892,0.991126997040819,1
4.481910109205839,944.3360173729416,4.639066773494147,-0.2647240934111119,1.7753838649931337,1
0.6234965048292729,193.59641106088344,3.3861678492759557,-0.16619460517119036,1.9477088976303398,1
2.97576787833257,574.7508301431725,3.6237356148379773,0.030558660682527147,1.4622392757782114,1
3.0631017209239997,258.5589852093116,3.043598937715546,-0.04562471180901679,1.6639449951644312,1
3.1280909013495695,564.695924406776,2.14488339192153,0.2836234611222124,1.1595030996861748,1
0.41381522241631574,695.2595697722719,2.3975609455170064,-0.15329468179438152,1.8101069362435047,1
2.8073976032522867,625.9232099363202,1.0874785566658862,-0.0839616076596449,0.7836529440133693,1
4.30036932552362,998.0230493169256,2.7270355485959086,-0.10215197200236723,0.7373436064563946,1
2.8001434445613396,769.2827507839846,0.24324895515384898,-0.10175279326944875,1.3348053940224824,1
4.190825118200352,659.4993061152746,2.214925600661498,-0.19636505216698008,1.935086517361162,1
3.3460198807413524,157.03025933612696,1.9919820436604159,-0.224441156316011,1.9084886857133794,1
1.358752799024308,906.0708230683846,4.181372083574219,0.221124336304186,1.0785794973752867,1
3.3763452249087895,309.85395274820763,4.115690827708604,-0.3994242062047317,1.6278679591333527,1
1.594256489176594,506.7380835933326,0.8154234413251238,-0.2089002040016108,0.8353982645706037,1
2.3356859429015646,674.9357968157483,2.5033273805984995,-0.42894020853998605,1.0602594486341466,1
4.985568923511862,934.7407897896082,0.6407331401127339,-0.043237822678085513,0.7807737802969914,1
0.42696613372097114,34.36283645504346,2.732219575330892,0.13991840506883965,1.4542915002614727,1
4.192695293518175,847.9605925239669,1.2522083424893073,-0.0698786675108641,0.9952181268710806,1
4.28559823312636,543.720689850425,3.6975878214164153,-0.10759435606598336,1.8062953570065439,1
3.061211070319619,586.9315791076975,3.15817703532747,0.15829361916889773,1.8956403344951958,1
1.795085718616626,346.7399566088426,0.2656747311841531,-0.18196965871634388,1.6083925084931365,1
0.7979931675591871,800.4079432093888,2.44987135122823,0.31451332907031376,0.9347140564593369,1
3.844490467646381,790.6603400066045,3.705054494977966,0.10607578127138885,1.2428204586965814,1
0.8266481729167269,534.782412031294,2.4422910960175295,0.04316821143183563,1.388610591854639,1
2.2729401821847177,754.7605728249605,1.2558748770244492,-0.08121518440130394,0.573936755900963,1
1.8906999146792633,256.86830191379124,3.672575274810031,-0.08266508520353195,1.5279318023015702,1
1.3847971409503619,783.182055440691,2.0245054095790667,0.09300422050242901,1.4885698088656105,1
3.1417939117899567,377.7053842150288,0.6754036411989887,0.24544404995002717,1.9274861230176525,1
4.795748372469852,303.65506196247674,1.3249262518020986,-0.0568557611618051,0.7098316034206245,1
0.22547817906828554,720.8777083938902,4.061855260610095,-0.13470382856619476,1.4641317036423667,1
1.5007553177021924,904.687513979287,2.4235180211719487,0.15592277299086016,0.7440043342028038,1
3.728500513335226,890.5385446418733,4.026137056060431,0.558664949050425,0.9498271710647737,1
2.8775936799448205,39.29263539233642,1.6430478364818437,-0.4008641011481207,1.417941155564155,1
2.360294611864524,472.6084491820959,1.050711316162822,0.042753316297293176,1.913844946459127,1
3.533637698984887,216.05571251252078,3.6604261978631962,-0.04001618984698396,1.9925131811152808,1
3.034404737848028,41.696279012234825,2.967380445373516,-0.21696926875297703,0.7470787909458851,1
3.384556635111128,893.674294192301,4.02804624128849,-0.23573845936286647,1.80413847821707,1
0.3985934849889181,117.87116309060796,3.1595736018510716,-0.19019923742879266,1.9287270455550514,1
1.4244216448027482,808.6554038066124,3.037177891703872,0.1379911172819346,0.8859666272058249,1
2.8748506214492515,243.5610450192401,2.0524419097446556,-0.37854067792383483,1.201911041180888,1
0.3977605397231896,942.6154582085985,4.075212272739718,0.09187318374466028,1.8346947113526797,1
4.9564717294985305,960.5481444337295,3.287128478153918,-0.3191589825677718,1.8241659744492162,1
3.677026004544425,838.2500323701745,1.2956761179804601,-0.06345398210226261,0.9759738102318654,1
1.991082370186507,534.4839664832771,2.340039964340273,-0.1128267226358413,1.4289648868259983,1
4.015849015953532,473.3586244935119,4.698161064767448,0.3242555703670223,1.524407407162841,1
2.6018704611989665,11.410549905052799,0.885863996187665,0.5541422088761502,1.680502755561201,1
4.954411758365372,635.0358660218,3.6563813723108862,-0.18772315220602032,1.5980858531207565,1
2.0199141561132965,593.6560740620158,1.8455521176121816,-0.01998668095960687,1.4400643374551987,1
3.1197918388688306,30.331927792065006,3.9136518656411092,0.5427295212170303,1.514057632121648,1
4.616353311450028,518.535760933428,4.474687217347889,-0.35977765398141315,1.0589539774612504,1
1.6211537052801377,470.97536048356284,0.31360843821419926,-0.11205267986142055,1.0667669754194948,1
2.8559378695259374,591.6281994905739,4.055246410750478,-0.23808117753063926,0.9289541960115495,1
1.7068172287327743,935.2213981230831,2.111285704709744,-0.34881214103052666,1.8230412956799888,1
3.5247737328196336,894.6890060883637,1.5560887139493427,-0.13391896203944828,0.5228163549263818,1
3.9455114460733336,76.96456693448273,4.703106180439432,-0.1669453174664542,1.601605822678605,1
0.6705639301184475,519.8815045559481,1.7282827233601201,0.06550287238227584,0.7268721758807337,1
2.6840904167027366,152.4648210698982,1.538157938808527,-0.22770570437225762,1.5211606841986804,1
0.339249793262849,512.6111385561915,2.6258943527336287,-0.01615305236549743,1.0323436394235475,1
4.639503392831698,916.4833507093527,2.724263417752994,-0.10464811971177182,0.6324383596751028,1
2.358436997350428,645.5076948436283,1.8735333087714507,-0.25285554768454527,0.9259801763693671,1
1.7893830225556717,690.8443666980356,4.453430863969604,-0.1850633801095592,1.2908885064550397,1
2.1767930697671245,517.293415941672,4.350905453803794,-0.12536960434005914,1.058792780274619,1
1.2858351889174355,676.9765599340176,4.39667449956143,-0.5292211087188158,1.092496830816704,1
1.8750245178373048,327.25890968075555,4.356517914045314,-0.7394288747468815,1.826574175941256,1
2.4696306438463536,287.5895565830788,2.0023492730333383,0.08826312586336904,0.7789990575222485,1
3.561579493321989,976.3502766251216,0.933261049252594,-0.12525367060561673,1.1893347651450006,1
1.6775904867262574,753.5072719631052,4.519485600232748,-0.17979355253744803,1.3601225579094445,1
2.55901323392607,441.3826898981197,2.2685663892740813,0.5433918964090859,1.5750859197501499,1
4.088310821347936,441.7045342999856,1.7342254114841689,-0.11097121832453656,1.1404573047816107,1
1.417478692156001,418.137488956667,4.717664967802461,-0.08837924706556037,1.037452590165779,1
0.23501876392101864,558.7679321644807,4.143792939471493,-0.16023070580365711,1.999716420252219,1
4.2418602655446005,846.5452147910452,0.7195593644812399,-0.045090951134735095,1.1649089449174297,1
4.072181389549416,775.0125067136534,3.2396355258729144,-0.23641620539275304,1.2785567686541066,1
3.790259142933203,313.84131229426686,0.2367976142485849,-0.07452189653614101,1.0779023670747487,1
4.174157985665024,371.2118531220545,0.2400343264941371,-0.054768131643082696,0.8953573204587622,1
0.6900589371375108,743.5777152197998,3.620901297303535,0.4881919858986204,0.5387568182387961,1
4.311336084060867,244.4625184210244,0.5694451986965378,-0.11313129650272086,1.5503302296690806,1
3.4226010783384115,843.3739510884034,0.1769149126619436,-0.03802934040670188,1.075907442262535,1
2.487581729885853,93.57287450558334,3.639733182954758,-0.4128279624278929,1.453923081155283,1
3.9015318188819683,967.1603942295537,0.9231772963997944,-0.10932432431724477,1.0042000669496696,1
1.58975337941823,163.54838581250542,4.224191155105057,-0.2426237692512417,1.4666730799819545,1
3.59468100275555,107.12714270197903,3.1762800909744713,-0.10689864695400562,1.9138223437659523,1
3.6251742802172697,80.70169418057168,1.6149164918317738,-0.3546210464085905,1.0253773054660618,1
0.9242349148199192,835.1015016726167,1.4600702865489308,0.9238835842871401,0.9481717764394846,1
4.358530961776224,409.02294444146594,3.065964078559235,-0.28946716850924703,0.5409640321338818,1
4.5728501323137865,545.2344865497842,0.541711377394885,-0.05183215560195641,0.9242725659231941,1
0.7800752967905485,61.32463708531215,0.14440657442497112,-0.050619819655855776,1.0641444584682462,1
4.093870315062006,63.7330019695166,0.4828534019351982,0.22879355763105808,1.6088376996995564,1
3.5590750302553515,684.7324217232067,2.67914046170778,0.9125172548557632,1.7657625632816498,1
2.954978432111254,765.7901833128799,4.291067911534913,-0.012120388890936518,1.9550149180565954,1
3.2813863804092622,972.0408022988163,4.435998555928248,-0.30513982997881345,1.1927975983404806,1
3.538150975088273,930.3618584557311,1.7055155805151594,0.2980431583692735,1.5167008645413853,1
1.868474679390455,863.3043426852765,2.3129088133653,0.06270035448134544,1.5645547334248922,1
3.7006292694484095,873.9045577126356,3.844481995534008,-0.11198099439077618,1.327802322025533,1
2.3928410425732336,645.6011349058141,1.8418347525228855,0.1361302223315763,1.4454475417600663,1
2.2124158906871534,316.7611876384868,3.338369104466524,-0.14004248108763415,0.5059683293626134,1
1.0148866384497237,970.0569610951925,4.022904374562308,0.4231693398440084,1.0958196538282015,1
1.5464573606680376,450.39921464190326,4.9025884443864625,-0.21084293316390118,1.0930325659175937,1
2.872931625599973,970.8282763669872,0.6169205624033949,-0.053124517051432917,0.7031532394401037,1
1.1233019817463659,262.09849770106064,4.49020421923338,-0.27858223551235617,1.6186187640492666,1
2.8970209151588926,427.04023510856524,3.9975752473069104,-0.4739752244750151,1.6050302126995823,1
2.4050230429776374,792.8493254387655,3.739961997656559,0.13669299545396177,0.9897903272695836,1
4.476161404994919,33.03120020720142,0.8171083837200636,0.3614317185391562,0.6133452693170869,1
3.788063288130452,54.43030222304107,2.3386178671873408,-0.19697937392007753,1.6930499233321723,1
3.4712231059349112,918.4810673625892,1.5952406495800313,-0.09322450507010387,0.960071143108032,1
1.439454487411035,967.2956937878148,1.2651609169814881,-0.1092773711094114,0.7563239808747146,1
2.5677447835979064,266.27850710097835,1.6211423874448248,-0.11585806050239641,1.107691611961211,1
0.9134855716584448,758.6725333926348,3.6681449925908587,0.3629168562318236,0.6519462810281578,1
0.5178528336495464,953.4908093256954,3.336827374038676,0.27846387016634633,1.2105364241486627,1
2.9369339421980376,266.90240187968107,4.638264149603917,-0.4291584157479367,0.7991489689678826,1
3.7915560199316714,184.72898748664937,3.6106690652408227,-0.29567229580765936,0.8633361039965832,1
2.932663344080696,953.8090628015016,0.853107245402969,-0.10447093623201616,1.8348535989961188,1
1.6848999072916382,588.9541567548126,2.240588066327314,0.050398868438304135,1.085767628332861,1
1.9224530840370249,256.3719290484295,2.3983747155640467,-0.018844090202518676,1.966003605662509,1
1.5033022083378653,62.01085170450988,1.529541417753625,0.4320182794123618,1.2351027665240226,1
1.320123158022374,465.7798437407033,0.48335456264568855,-0.35759022828944537,1.6838294272353405,1
1.8222208466377603,119.85829888725372,4.753934180339227,0.3827246537833858,0.7991135130885554,1
3.5343377248918726,660.4724034724397,4.916642620318164,-0.13402989303719132,1.9314017226418378,1
0.2422072151254718,47.6836827238672,1.4018495470689891,0.01264508541580645,0.7932379253708286,1
2.0694791285532284,34.87604255278694,1.8291073139301286,-0.2037244400868462,1.1674989675701037,1
1.1214922024142853,369.3285863089856,2.071711478483122,0.04029164524049372,0.6519992944112235,1
2.705766626241087,343.5739245814607,3.0368158233920246,-0.5328719775138878,1.0934877919490356,1
0.209285107609067,864.6040988618297,2.158792753385452,0.1114260187103015,1.0604602822345917,1
1.3813747906021365,772.7600973217337,2.179255096841339,0.022814110798377717,1.0339326362236994,1
4.217052513089716,309.55600155442255,3.7046299908783027,0.3984792773942258,0.8662421041164892,1
0.9664699014616375,84.99100006248017,4.817383359865298,-0.09612874879322811,1.6934298659686164,1
3.9558548975507857,136.27569661150147,0.10058521761523478,-0.0652825480047894,1.412404786409426,1
4.942453956518826,745.6861717295144,1.5949970556072868,-0.09003321358322554,0.9204724920692455,1
1.2913131067417312,382.2540305864354,1.4572569724062845,-0.12366730933661546,1.3142809151947794,1
2.633162937297047,976.7221247963046,2.801656780364308,0.6654935052506463,1.843988550204862,1
4.596363465564867,154.760518334957,1.5494085044135875,-0.15926837351106027,0.543031982466748,1
2.0003373723697826,876.5267097122672,3.1321127572092426,0.124664009222794,1.0011953275136751,1
2.0428710317036676,958.9140966263385,3.1994168937424705,0.11526848514321708,1.3023371532103702,1
1.362799835132299,403.00832485675505,0.48558494366111504,-0.32042517271233817,1.4047933754856237,1
1.484143323602399,715.7987315296241,4.129402417092357,-0.04790630437294783,1.2738797731541924,1
1.9194297825761892,584.9477829551641,1.3562478920297756,-0.2522014697058422,1.339059238571623,1
3.496560095168652,528.1408323812065,0.20223299294706257,0.8746576430427832,1.9374790581592096,1
2.0315722133655774,219.42773832861903,1.8293698264934457,-0.17032912640672607,0.503336196127441,1
1.175942218019803,708.0366230687115,4.523326605418497,-0.16159837183710818,0.8827821709914243,1
0.5423561447749239,78.94394387548377,0.637800370658948,0.07076927599524642,1.714343850989604,1
1.5274435760001837,434.27384962618436,0.5177944897962352,-0.1961612308832832,1.4658431971340948,1
3.125185806670374,717.3143954213991,3.3833146280738844,0.049593074841851256,1.9695678478282335,1
0.9506402708545917,155.92836116224015,3.434622115038626,0.34915596178786185,1.5507099151945751,1
4.7501055434888455,900.3270274773557,1.0458618023380613,0.3592641588500709,1.5101636990019782,1
0.3887906516746049,966.4782448951415,1.6723938606562383,0.20688166005537512,1.019026259037346,1
4.096273251380034,988.7936543638234,2.8274181881128264,0.2964820458315412,1.2891852105793258,1
0.6587742046943552,615.4211121144349,3.0289318329320363,-0.2376891247836654,1.839529577944906,1
2.0643894918589707,857.8247028975177,3.630384512484799,0.34553331863753683,1.0276290213243047,1
3.367708246698166,20.075383335506285,0.9078260072409472,-0.0066721918260141625,0.5822074383746069,1
3.700461042846718,184.10390248249178,1.9846611597193342,-0.15781669195126838,1.0453990912655848,1
3.56214048760349,732.5961534358446,0.26442488234647044,-0.03970368763358435,1.059336491568878,1
1.1890807801237644,417.16077624906086,3.339494248888172,0.4218582684488412,1.3444020548000393,1
1.5691368463894084,456.591797242659,1.0315596279020232,0.4150240111017078,1.8888721759453215,1
4.192307272241759,660.5402964881422,0.9645464349054629,-0.1827413918562462,1.901520363585274,1
4.737134143036481,238.74248590793255,4.572852980743886,-0.38891950945997905,0.8509168302348488,1
4.3741091466959166,713.2224322078683,2.239930090350563,0.05378821496357694,1.7400217792678787,1
2.8689217353003302,982.2612090558086,1.153603696266257,0.4406876735027817,0.739526893520366,1
2.5612109525398603,981.3747759413078,0.6239469378512139,-0.08457187292387784,0.973135419285233,1
3.0206547691228267,882.2820079842847,3.5449243000864934,-0.16029207981572816,0.8455318693541503,1
2.971398495977736,160.672410032254,3.620293435905319,-0.32843765432738387,1.8712025207906362,1
0.5293727302597783,162.86200496984597,3.955539237620633,-0.018600184223659014,0.7827865995444836,1
1.1435410650840876,551.1407230559797,2.702923245444297,6.834922829050303e-5,1.8669419707950838,1
1.063981283946449,501.0264835382775,4.2225998703356264,-0.18418487676948722,1.113664559046683,1
3.045804980949838,622.9654439427194,3.357902330522295,-0.36829469050961094,0.8785273586271257,1
0.6741966707442015,549.898049463273,4.762696785237193,-0.3625338277751565,0.9401689065895095,1
4.814631187395244,404.6530332835891,0.15945560394667166,-Inf,0.5728563017275532,1
3.116717953962176,530.9386451434568,4.750948167215133,0.09415770349440578,1.50754449823971,1
4.012707306614384,325.949431792317,4.783978883927573,-0.35649032769652567,1.1326437501572744,1
3.7085477043733808,701.2910826048812,4.525112130413527,0.2016449036519816,0.578815522919371,1
0.49499271579948223,214.14413199449487,3.0247085034063956,0.12552114067171075,1.613854169301792,1
0.7219696824851565,226.41452187900933,2.2187956188189206,0.3913860379654813,1.7000011210763146,1
1.300197303285501,569.6107387016797,1.2913855522999569,-0.4365725256689689,1.5714673517496067,1
3.6486194661896802,817.86928019646,0.8961239758164393,-0.16727316069311798,0.8382557632058738,1
1.374117102782711,413.08436749458957,4.077516830925866,-0.8581773746221871,1.3128278207881494,1
1.5516088845188776,728.9970259639184,0.9135821816360546,0.1692054112514359,1.8148360517245297,1
2.698321909077976,268.3626608704411,2.2340844814350436,-0.48857736507046057,1.8810571289121432,1
4.64787824952622,337.8659076533914,2.6702074084241576,-0.1358852595030623,0.92961864560273,1
1.6114669082677116,212.83433339489724,2.1789870151619954,-0.310328505211429,1.8306220444003143,1
2.792373243008354,28.155871011718155,2.387974975337895,0.22125141084495886,1.654839448969289,1
1.3555020998912175,549.7637986584085,2.1880350912506246,-0.7894319027035163,1.9115275446886775,1
4.494922011220649,513.8489188888549,0.6619914826507315,-0.05027113905892302,1.1319276653972787,1
0.9084829752270873,569.3882355692522,4.90238759288339,0.3764798641654968,1.2826288117062035,1
4.9094075028978565,501.08033988725305,0.3676644785376616,-0.03525935164479334,0.5196886966839658,1
3.9977717996473734,674.1192843384096,2.2339638561730153,-0.09318134005081201,1.8594306902002002,1
3.883506111734449,970.513048195637,4.00966752303729,0.21517039554183756,1.38001410989041,1
3.4500777861383622,821.4488040680794,4.830827779007192,0.27094990533328667,1.9359469944656988,1
4.4060979352181855,216.39991761064124,2.328486718628938,-0.18133083676821768,1.8026637842591937,1
2.111470854838504,303.1834986448075,2.61596818821041,-0.19530584455163302,0.6734674757201052,1
3.388409315713571,524.4445707911847,2.366321564970233,0.8624189254229139,1.989767267895826,1
3.496431442807341,286.46953077449166,4.053978574784295,-0.04486081158170132,0.6418140512849682,1
1.5718930915931828,761.0960495871236,0.4643132386757456,-0.16495330038107542,1.7001949316452496,1
1.0289270264239654,89.05432055898616,0.582303988308259,-0.4125394135797619,0.9278840110832892,1
2.5344585123648073,493.8910773614987,4.2605160704013345,0.8686054147701794,1.1882269273489339,1
4.684547913938019,375.52112278680977,4.445803592524857,-0.16874351091408554,0.7878166187591102,1
4.325392785617567,387.81747353270134,4.628424562530819,0.5575893869457075,0.7725949537895123,1
4.9141857891268375,779.0615968321877,4.762131234903738,-0.2129153378437612,1.1896858652822333,1
1.6614971484416874,479.28081801512997,0.7196879391317724,-0.10918968734635136,1.3875167602791703,1
2.2999096169077373,259.8147010709154,4.464907463022967,-0.27822585769577196,0.9643986217027372,1
1.3880719391740153,760.2116664823108,4.241129118335313,-0.24282411131428758,1.9171666320820984,1
0.5685984293128707,232.31022936432433,1.7627115497410812,0.12688967733851514,1.66994562407471,1
1.5466614217992556,468.5550058276789,1.4794441820080886,-0.0021742103643249086,1.8093412696156503,1
4.759698017868979,663.4587870022273,0.7910994644318377,0.4516184976529758,1.9728641303185679,1
1.2658286804850798,791.8770032953046,4.285356666102408,-0.3610874054566756,1.06005963472535,1
4.21257502890772,184.42617273525352,0.4740231990024518,-0.30538185882554825,1.872517626288638,1
1.8077850689418937,536.8770778195446,2.916305540544043,-0.0998426913787328,0.6662849511383264,1
3.8806551969227234,126.45704561263877,0.9819282414639237,0.01404706408067487,1.5952817202457954,1
0.7926348569927761,194.6085322836981,1.2886559982716004,0.24054320079970354,1.2973583972986136,1
1.9219854682091506,139.69699480598965,3.2884748253276674,0.23221655416202272,1.2199233324093246,1
1.3638723607521497,849.5828007695009,4.1694163607830195,-0.09635279745427344,1.238217269173059,1
3.8354503855879116,653.8524593936659,3.3407738599640275,-0.1699685357180457,0.8336124125765629,1
2.9689135482778224,16.810577138169123,3.390706362623895,0.1952606392911863,1.939710993238794,1
2.512436123342861,307.462404747742,0.3762864572142832,-0.25195221549899954,1.6866465352619817,1
3.3589148499465695,378.87825472078464,1.3706849046511411,-0.04424358181372726,1.7783510290272362,1
0.8258248601797513,65.47632574497902,4.108131581165151,-0.2089641925766801,1.735653761713675,1
2.7519490739944588,541.0827217158975,3.0608155117017857,-0.1297696243188046,1.6457573872207087,1
0.48809776291115414,312.69699658347537,3.216579561331088,0.507168490232217,1.228047247868196,1
0.5822404152957227,114.01314321962133,2.8291313823679403,0.01927769384468453,1.3753334515940465,1
4.382568446521422,160.25293730283724,1.5138455187403903,-0.33213053037629203,1.2084977274877517,1
1.7439054941937084,985.1484753291599,3.6112029621002355,-0.37451232515330485,1.4387508121666492,1
4.311341855411725,913.7233176753361,0.447707923273136,-0.0339533494129165,0.9077293070557872,1
1.0667086782484163,242.36101103074716,2.250661113574642,0.38797511921005434,1.8751007882058566,1
4.304128003276974,268.25780798527813,1.1932308257417619,0.07941193164143229,1.808370914810165,1
3.3152133686632164,781.7640485325207,3.9423120998902754,-0.31987573407306535,1.3357248408123976,1
4.560624781641865,127.19804821861166,2.2292083565694565,0.0019244986019636228,1.3446983351537933,1
1.556570019069801,468.7843435034417,1.2168566516270525,-0.15026654946228868,0.8026304123709418,1
1.5915419789932226,190.52249978277897,1.7314052788353527,-0.3867669236572836,0.7666298695499745,1
4.253976078226215,670.0295245629334,0.3721435567673197,0.43980429664761683,1.3167917039453505,1
2.5829750495010044,545.5627115807866,4.127870583637733,0.00011972968599396634,0.8826585052804468,1
4.730744347076976,437.83947820242855,1.0713912077269692,0.2102607469994225,1.291619868527653,1
1.6069960067486286,948.0955545672762,1.231747414659486,-0.2747418224128393,1.405135881335981,1
2.856416450855571,443.89025003167575,2.88430948504976,-0.22203204571685448,0.633680971861577,1
1.715187437538813,294.1406423894613,1.176113613437597,0.2068831431737492,0.8574929529308221,1
4.908699640569209,449.13379491160896,1.5649522759704553,0.05104397581547565,1.9919860722634386,1
3.0270599171609365,486.5313357047841,3.7667883987598105,-0.11666602593801505,1.707735865987517,1
3.358667135205011,638.9058024030115,4.637008961060261,-0.15157734338985246,1.2365023264902288,1
4.738054756171342,727.0834103758817,3.1023597012729778,-0.17833918614712177,1.0357288908233258,1
2.92309770366196,814.9561097115691,3.506458142683102,-0.16310749553540912,0.7900800004095699,1
0.7483362716952848,409.35673842978946,2.9555822232475695,-0.09622606338186147,1.6654751064255535,1
4.091028706528568,664.1583986663802,3.5037427475243925,-0.17396964509219856,1.9464288273276007,1
2.2188387422327343,109.84246888244843,0.2599246284750908,0.10959448237285443,1.775241305980896,1
4.108041898693457,266.81527366464155,2.742414027508267,-0.28276093992976387,1.383673479719287,1
0.8448683233018928,60.56980069671364,0.43419895448721246,0.11802825535544771,1.683158664124685,1
1.4975650579959991,702.7471027230988,2.4175406834464215,0.14393978450155462,0.7194932778212139,1
2.929087370440374,775.2279214734285,1.4223776726156698,-0.13200296567423372,1.7444005273424854,1
1.9845078030772592,440.3212363051591,4.266104288756421,-0.24287282380201064,0.5624770980964453,1
4.408840517285449,211.2497107154463,0.604077906823892,-0.17563370428475109,1.8646519449490648,1
4.055054676460643,846.4737054370937,4.479746690481042,0.17972476289914613,1.0349852057456546,1
0.2665291918726045,904.3059841044128,1.7880238026862654,-0.03880500203886375,0.9109465486216775,1
1.8692514526532213,274.1870719225609,0.6247979195174017,-0.2925992467987523,1.6029558659575074,1
0.36004678880358465,479.0625800951742,2.1277597454665464,-0.19586926574172245,1.8643269169233854,1
1.1921416816504993,582.5057218690183,3.6111658546788767,-0.3708766986207148,1.064914561071111,1
0.8878598563493517,492.87187328317583,2.546751383496289,-0.04667331214990959,1.893440037476657,1
4.899788125290835,528.2897543905852,4.3974453169774534,0.1953152943826692,1.0181983223482707,1
0.7294651779118715,772.7143939081947,3.9251164549385567,-0.08167045173671653,1.9259739289534847,1
1.338409964976858,974.14477922286,1.3161001331582107,0.07337480669202753,1.6549130034490205,1
2.3519548839270046,448.3825621782855,1.0349187805660138,0.28202191408845273,1.444772432134956,1
3.901538031880205,808.3108113458728,2.884070026316468,-0.20914256488588417,1.293827448358684,1
4.940219109677181,77.62089444372558,1.1630583919282045,-0.3266486953458569,1.7833603630141204,1
3.441873917555762,634.0447909968491,4.804318620053423,-0.13810747131412518,0.5140361340398476,1
0.815085256634879,383.65548339733795,4.560320753209345,-0.032479168602529716,1.0360304613994367,1
4.870192778509545,232.8011134164469,0.2199711172354606,-0.09410026182169365,1.094881625377413,1
4.3324208475516635,867.2702200498117,0.6839205148909884,-0.050622289858734876,0.7532731687624634,1
4.049320130659581,238.40590162829915,2.9714330685472023,0.14040881973189306,0.8888149124353661,1
1.8537562314558014,424.26926496733586,2.1728970960618943,-0.05263568296305772,1.4803682569119283,1
0.10488885527532459,97.5417712489624,3.1752972110396422,-0.08580547101444151,0.8701053744389707,1
3.8291660681023374,95.44105708032629,0.8399824336943803,-0.00928563144836132,1.9934091533539273,1
1.9391519600879223,143.44833440967344,1.2725196503749356,0.5982402593186491,1.7224925342835118,1
3.156648025593235,819.0107119441748,2.5904970537097656,-0.29454438840709846,1.4697569671468154,1
1.5615750677863265,294.3524856244807,3.28894854712733,-0.01474626758585306,1.9676031719611178,1
3.194895757864684,410.72527147217926,0.48130306984734994,-0.14923021433464365,1.7619806593675738,1
3.2987677143401566,343.71245749558557,0.7900704446345236,-0.21119515244280995,1.395668208543298,1
0.1846890045597626,476.66458319127736,2.465439526562773,-0.38694701981849366,1.323664224580232,1
2.602795833522285,531.5444925141629,4.701797278412569,-0.24776511960927833,0.5538384142871271,1
2.5044372086086617,168.33371365289952,0.6984251039708897,0.21783317415231238,1.0958708293030757,1
4.303281843909691,506.18897087673014,0.44601808232340245,-0.051992750187584744,0.5067448989245619,1
3.978162930902803,830.2887598111631,2.305606086512289,0.3519763377487946,0.841744231200352,1
2.105109368353446,841.7155549922564,0.9956950911488369,-0.12554506055159956,0.8020961699418343,1
1.2316896299196283,81.04409646187852,3.1190818575192156,-0.13231345217896062,1.4482058596767864,1
0.7375153185657016,236.02287974546493,0.6668710175514134,-0.09074972110170997,1.195831207880501,1
4.196969102892928,686.3442069385527,3.816780029276626,-0.13069329408630645,0.8862418975025399,1
2.7556508281681005,341.62864915450757,1.8519970085149315,-0.42732208970401864,1.2600022358732785,1
4.859432727608225,293.3442930733245,2.6030428703682587,-0.10766246587920056,1.7002411210852173,1
2.0856145863763538,464.8870200797293,0.9362512950855046,0.2637475745268563,0.8733659701714678,1
1.5038276609395416,195.6156020139477,2.2449297294346198,-0.032009202210299556,0.814519780980943,1
1.261132854241557,361.3097944201722,4.526498152214498,-0.20675595239594485,1.0106834130700058,1
4.727261343752059,147.75236021930093,4.051262556473261,-0.2888869649485923,0.538477529089656,1
1.8474161813786916,116.63396263133029,3.6597962862385667,0.02011085321900856,0.8096621647081337,1
3.2791605306209735,322.965774590437,4.950946653949001,-0.03683559501413681,1.8860822460455005,1
1.3792812670751107,829.5736584011352,4.530006351427838,-0.409323031907354,1.0021662484331473,1
1.776540382497118,627.9307601415553,0.26253163291008724,1.0,1.272825112906824,1
2.939683621743504,187.9415812436924,2.6713554906910684,-0.5201275220519485,1.8107289203745491,1
4.158943469336118,396.9077106792663,3.9792941076663113,-0.6093999488068568,1.8050113536867898,1
1.9746239812252553,922.8963415020966,2.6291163811123166,0.06670117401467549,1.7323452457132595,1
1.7197198013644546,442.97386757267793,1.5299104456512023,-0.5333819346841269,1.1231375739090528,1
1.9116648205842803,291.20440316943797,1.1480594605412495,-0.0037970163712054065,1.2932945316798388,1
2.658223422314478,897.874240406852,1.0832923023067595,-0.07637189532711845,0.685814365817079,1
0.12892821146223019,601.3254983924534,3.154355917252142,0.12462007328383701,1.46570643889665,1
3.1684749446305602,747.6482799112549,1.1641666978525929,-0.11699450718948665,0.8434819271580969,1
0.7768056093617047,214.5859689107308,1.9508292059698662,-0.11247505180264523,0.6418365817456334,1
4.1018850568915415,149.07787203008763,3.1969718596048393,0.11554132013781242,1.3538226477410926,1
1.854703014033018,549.1603644320649,4.7091338295026555,-0.13734579071141337,1.773523679237132,1
4.480224655822276,457.5261865154358,1.0202372884868802,0.4739932490208292,0.9629826899342708,1
4.19713660120542,711.3359163959323,2.797121730955387,-0.2167430241740551,1.4570296178732463,1
2.3504204248480325,456.57047060654304,0.413584814025554,0.9221064187177674,1.024146201328441,1
3.337503192991671,738.6091745319013,0.2294646374959769,-0.043677349767869245,1.1926466748972273,1
4.042376800670769,242.31205470075435,3.942217159430305,0.6836899615635922,1.2718034505668694,1
1.682948690300799,621.204262666177,3.4330414403420724,0.9793971773548913,0.7146272306759924,1
1.8328620418072394,79.48651523082015,1.9192256210591703,0.5254195750998361,1.0490819314512112,1
4.793791833844752,56.31707215960188,2.0036282536981753,-0.2682293324503827,1.5967523251671036,1
4.564532007813278,154.04310176274993,3.578013214831397,-0.21684221111260815,0.7778110613361068,1
0.501459266385713,332.458429058433,1.6637677746540727,-0.1284793256434417,1.0429512790401319,1
2.6228673109148035,621.0640199135803,3.1222286961613426,0.30240353779434453,1.1384946867333847,1
3.7343928505549795,496.68135390102344,1.703246727468428,-0.15873611420330985,1.0782739502780339,1
0.9592817312850538,38.068891237218025,1.596992798215489,0.21221301070803025,0.5044566339887245,1
4.9030043701243535,777.0763312363518,3.897430948342387,-0.08873530471973383,0.5715893323237853,1
4.800559019622896,203.7690947458876,4.309374804757898,0.9107684173928677,1.2162808893260826,1
4.109642126115586,191.30199989163353,1.6260832149871012,-0.03745605957113325,1.8440468140726225,1
3.2046261986250646,605.6172022650245,4.483514539541828,-0.11814490199391402,0.7085949090078463,1
0.714026002038545,765.7957797581985,2.826831979120363,0.7024567567863539,1.2937138009671671,1
4.2646553184947535,341.6173355598675,2.7212243153480906,-0.15645141409064528,0.749961465321869,1
2.164508579719081,514.3767029947849,3.238383238220846,-0.2384202557111505,0.5171687115750628,1
3.509248464553993,212.64286747345284,3.9789157299850033,0.15477272487785493,1.2166920903226996,1
4.1875303540424005,167.2518739661909,2.9688074138033453,-0.32617421295467997,0.8218065585026672,1
4.425061903290758,749.4838373668168,3.1100834249638534,-0.19053476302759154,1.4279625269314073,1
3.701116884844499,132.23387238664608,0.2596142812094503,0.25513956791564624,1.649785466640449,1
1.2041925583452155,885.5061980159309,3.6379280246357966,-0.2742049707641941,1.4902812777605752,1
2.779094832059604,989.3360552616998,2.9094084696857525,-0.24026835682309206,0.9192708146264734,1
3.51748010387485,377.34076292165855,4.9249871694310325,0.06765555049746881,0.5231965828522956,1
0.4969105915393275,871.8571368340737,3.4636375533667283,-0.2134306006552533,1.7447520396536127,1
4.399280862888024,284.68570993223096,3.9604658941931077,0.12451593132303114,0.7562121590107796,1
1.969591379650396,795.520781079002,3.1469250967837366,0.3294367642507522,0.6471828391461242,1
3.646623505955374,660.7514970390271,4.104552913947591,-0.30128898431488577,0.8688126225079233,1
0.8857294282918134,854.0699031497719,4.713198865014345,0.4988666967696422,1.7603105402771826,1
4.723575974475303,986.0569325212582,2.9480412251138493,-0.09570496312637165,0.6490858647750051,1
4.079150791472047,876.7699795972709,1.4985873068900941,0.42567077034650236,1.8050360138403163,1
2.0353682833503455,340.86125769190966,0.16544812781449936,-0.18555338032458946,1.3640010483187215,1
0.6480619959242186,714.3651709624484,4.644681153344636,-0.012308630645022457,0.6490305025767309,1
4.566299861588071,832.4533551099338,2.3916532716845524,-0.18502585712505193,1.208906935996394,1
2.0343530884117897,419.0650013559335,3.766478738980086,-0.04111389605787576,1.0779925677090367,1
0.16057040516307258,26.638784773917298,3.4905837943938884,-0.019162033565334455,0.854545475875085,1
3.290976065252715,419.8299806891067,3.1412357270640263,-0.13169716279172264,0.5691047815767565,1
2.039490634586349,916.7991792633867,0.3056691249416239,-0.07055820371178946,1.0636924896168696,1
1.6704039434665479,734.4419865800643,4.697790044840039,0.04633684476120209,1.4743434974421985,1
0.4590242012144138,335.9651396747077,3.4201293278746703,-0.09745951943628475,1.3611208961937413,1
4.196117214791621,241.05678659956786,4.94173755248497,-0.01569872237168843,0.7395767606197028,1
2.1703913727633943,159.83684257907558,3.450234166836018,-0.030292224922056524,1.9640969648299065,1
4.712652475485747,699.1897020716304,1.7812010182832632,-0.12467877667030466,1.0115225970940789,1
0.45385810897973244,248.65524729563722,3.9189501428717075,0.22894504061947,0.8853236505405115,1
4.793867002862918,545.1161518324051,4.125385329679665,-0.25173002972750425,1.6370414872809556,1
0.8502966380070716,164.70386159136513,1.910665173521898,-0.30821162317800194,1.3336694790177177,1
0.8548538528777845,319.6150784905663,4.000525555000241,-0.17654702367181457,0.807596293033433,1
2.392340951435486,671.959718317704,4.447284388262557,0.29705240300542646,1.0926414829018407,1
2.7179701629270383,695.9003677587262,4.258894948104271,-0.07001541643765687,1.474639486394426,1
0.4246488819414663,429.7199342544194,2.6091460078880546,0.18018235623450732,1.2441718906414574,1
4.670360802960524,112.83733580566944,1.9203312315378251,-0.12175192253046939,0.7995952010231389,1
2.666054646692528,627.3343184774459,4.695460074615946,-0.011659835369460256,1.3653385145859522,1
2.1841929922922603,104.47286187834719,1.7939788816011333,0.04047780525649173,1.801762495343127,1
2.338102875294586,171.53022088574855,0.22937038279807867,-0.13005856245375416,1.0336890846617823,1
0.5382732772968741,253.0356963053695,3.319677566570218,0.0626104238252035,0.7346919641389387,1
3.6958335183106406,786.022978737078,0.6662591361299962,-0.07941544006778758,1.4275970623784489,1
0.42744081711949744,206.06265007102218,0.3972590373355599,-0.35940114737564327,1.1474583757723305,1
3.5374916099505707,206.60916970820068,0.1897588556858258,-0.0511019140939692,0.848729026358054,1
0.3049267428799751,997.2800221086756,3.137757259404685,0.3478815461264539,1.105539866199593,1
1.9670046598717927,567.7600553231243,3.0917485180974826,0.48810235035898336,1.1163589944994319,1
2.369553786582219,901.9248870608074,2.184901243396103,-0.15997819061480353,0.6202807824999437,1
1.2372095185152372,494.85596591131923,4.276893042006621,-0.17228946253980118,1.6299567769836312,1
0.8291314512990862,713.7521957609625,2.881190339638121,-0.35696390760777275,0.7145484117507862,1
1.819356417086949,662.3388599146839,2.779388057260209,0.09905548365760485,1.811315385016656,1
3.1655715960938373,772.7849707216766,4.140557644096793,0.032569946229520086,1.6820820374595906,1
2.0883730828883342,713.6779119984176,2.7473608265985896,0.08823805960194225,1.4668281079558199,1
3.2442259819607173,560.9459704839293,4.946929688833267,1.0,0.9367566075348811,1
3.820135662072759,698.6039425049365,4.559289224903421,0.5059038475539517,1.327899641223007,1
2.894544463155355,779.6102616182476,1.1521637521133719,-0.08338397643870353,1.318756212177134,1
1.059590971550007,268.17572220214544,4.253181016167174,0.32249813163105445,0.8312817123764183,1
3.467805192783825,701.8461385426585,1.8737318117142372,0.1307132193377382,1.8697095733504145,1
1.834157300731606,139.86980073710174,1.2704719813534098,-0.4926630479228795,1.336510178910836,1
3.6326977269957665,801.2094380004692,3.549799426230072,-0.16251836391981278,0.9190030521561666,1
0.10556288440769389,534.032399084425,4.862840117360333,-0.020205102225005395,1.4552999702612102,1
0.2389156272005926,454.46721274027584,3.882922200739428,-0.23134591188667153,0.7500962860880738,1
3.166095033768646,51.69098776201917,1.3821913092244482,-0.21784744664915628,1.4457130434155,1
1.645409969598763,197.57153226996414,2.881121681449313,-0.3546851843884942,0.5264468713464869,1
2.4760192241856696,786.4667718611541,3.2259153495964377,-0.10504916970666503,0.5987397779123801,1
3.0557952070633494,917.8012172365605,1.455994723578064,-0.10385134859820958,1.0950015951406094,1
0.7930719763915397,750.0334129401101,1.1717327095060257,0.21164692913588554,1.848333795540466,1
3.5959362369616863,724.6346890962991,4.138226674046355,-0.31131830037726377,1.6729925332702829,1
4.984344191589585,807.9187669257922,3.0210580734955577,0.38347795855522976,1.3423473115422968,1
0.9832735622434686,892.9298158212597,1.533568096201707,-0.14483041415269918,0.873952086752397,1
0.7759976261786263,23.236467163085678,0.8566677687826109,0.27437024373768154,1.3930855022469157,1
2.8100002679407647,499.6021955323194,3.398888581258657,0.12636561379799874,0.8732292083783924,1
3.7141879319089592,235.77100347997995,0.9246419517095675,0.310384150163802,1.9928997074560848,1
0.8307998342152402,762.968822970515,0.1406322145530248,-0.05332653176318857,0.5551320634232901,1
2.25980710179419,307.67114021099354,4.100722933682775,-0.4790371754315882,0.9604903205976822,1
3.211595372060662,872.9900754408308,2.2606156374420925,0.07889716002532147,1.542174861825339,1
3.4324462916650633,229.8132703114582,1.0835922509942404,-0.10700073864864659,1.0556270874658715,1
0.28094164479097655,925.0035952696793,1.7471076853030307,-0.05809487124531795,1.3636232622067432,1
4.682171639198446,555.457331466684,2.7522357025817703,0.1404749682942447,1.1968953936236617,1
1.2257675384707605,542.1798424756925,2.59913380125104,0.018409805060345983,1.0245184839742345,1
2.1118629966562463,483.11149144764363,1.8146332759285795,-0.3195728520570191,1.9136188712674453,1
3.4217666140591954,751.4585594367187,3.3983503834310618,0.6498385185116484,1.8446659323971528,1
4.7414003382000045,790.5106545707841,2.8067009230532722,0.5939087809728302,1.9626767172485802,1
0.7459116954354904,827.0512575941358,4.385444664057788,-0.3541399047053443,1.7118199518820225,1
2.4781574349043276,87.00841635104359,1.2925264939174983,-0.10781396801358456,1.723058872907911,1
1.6714715692174205,907.679192739546,3.1644997797639807,0.23504036587034913,0.8445704031917229,1
2.7192932534279595,309.3196999902812,4.802245672432398,-0.34970575705456586,0.6686862622191809,1
0.22426236063623567,731.9767179100918,3.8322148378386514,-0.10056988437175557,1.3983567872027585,1
4.0366981187795234,510.6082336092578,4.377074590684004,-0.4363829414598697,1.98126866124492,1
4.246844261318141,766.1187229535731,4.020105245648958,-0.1614151964048714,1.2457374586149175,1
4.515877460245451,441.75694150667636,2.6698208483484183,-0.26521738688962687,0.6869023960872956,1
1.890149297137187,994.9933131063787,2.282285237218417,-0.3287952670933853,0.9417849298953028,1
4.7538504505692565,194.32301489873177,0.13259254522170774,-0.08515516641009165,1.286903319455233,1
4.209649426273827,185.41468749869307,0.9163878515720325,-0.2807088458163002,1.6912658692795262,1
4.443881057275188,596.9777319191825,4.4324339145527345,0.15372177217665736,1.1268103786732615,1
3.219443338255809,65.23055029374623,0.20994196236301743,-0.12338200077084832,1.255232823820129,1
4.684005955254375,374.21026260636705,0.38245746418898696,-0.07214843827981376,1.6716455717560512,1
3.360687872364813,711.6893735386017,1.4172112333770148,-0.22935914498213691,1.914470727383589,1
4.733073509193906,792.9494046643061,0.18983906677959816,-Inf,0.7547855228114182,1
2.848623475213456,514.1579169925396,3.929928689179175,-0.07637151577909558,1.715121631915577,1
4.029856341134188,550.4189905873565,1.729288950581212,-0.21109121357978206,0.973316291713178,1
0.802778282710716,502.4603609420765,3.460773747864723,0.34991378717421645,1.7136408252426905,1
0.30544585876453006,871.6858048596687,3.073446240335379,0.024851591994037796,1.2150798056656444,1
4.426540928198888,742.5366716413969,4.417804876088217,-0.15899499091648123,0.7271435356061409,1
3.0979972841851002,71.63050000460873,0.637490664061252,-0.31738663782551224,0.8301452822026901,1
0.4958707788943636,130.5000729016058,4.10802140975356,0.1706047684639586,1.168979939453271,1
1.6707616282204336,245.296024943373,3.700855434935289,-0.33697485254031734,1.2265375841247608,1
0.10176498899081382,576.2002753794798,0.43637994153413084,0.11949866159952381,0.9210934943019393,1
4.919492006213457,587.5180695764464,3.4609060727767025,-0.13035041787268803,0.628494636912732,1
0.8132124233466658,611.4176992052743,1.2443621996104075,-0.3272560821723543,1.3774870622912871,1
3.589722288829949,456.38223045231615,1.3275507984064523,-0.26585607254379834,1.0166004684520675,1
2.2430490360892636,552.456569864482,0.21684436261689793,-0.08362489292604441,1.5443820928957372,1
0.5824301526322898,21.694197764725345,2.0631155217557673,0.060966186427169285,1.8776374619105642,1
3.341781476659615,497.5800301243251,3.1117780426999606,0.623692710953163,1.9299680066514844,1
2.792860548280314,547.5447350968079,2.1733721115355045,0.10089455472430749,1.1685247338903064,1
3.2764657468045284,857.4808526190504,4.39819450679421,-0.003832089401497064,1.6427172804965158,1
2.3889178774316417,303.7460370096037,2.784486517102553,-0.002543376197507649,1.7155693183407434,1
0.681430054846456,308.26317027770614,0.7951478252699621,-0.2368618512594603,1.9068864121126947,1
0.7386255174009652,482.93292164980704,0.6956624658529565,-0.5546278387163979,1.0919371034929222,1
3.3954056261573884,751.2976802853635,1.5323673354646152,-0.21252480916787417,1.2389707806280452,1
2.910586670713697,458.34093045720704,2.1046548549841204,-0.45225368850166503,1.832159851286683,1
1.6650441567761098,112.1439255403224,1.571118082901809,0.2108878817174694,0.8693219378453187,1
3.5529072330268106,99.68395180235349,1.6501469568634886,-0.2357118295634117,0.552124440908192,1
1.6807578099947433,516.7046956135543,4.951433199353464,-0.5535907809243192,1.4486703874365168,1
4.207853620497545,177.13329844768407,2.167141509816175,0.18153450858927633,1.8188637767208393,1
2.3020846660160776,474.49640451261365,3.2256348998943882,0.48356393555388233,0.755611711602791,1
4.754883887541073,918.6131536828719,2.331964312227219,0.22727515199402973,0.9794722127550626,1
3.4508917779238057,255.65451457228565,2.05627917115903,-0.2894060365710094,1.6258218798302244,1
2.311214790840491,852.7109021673394,2.832076222815843,0.920974435512393,1.2968414926278475,1
3.120292812672148,619.9487687434979,3.8786979949146794,0.11989023091477032,1.4141346522251481,1
3.6981101876831977,360.0445424838616,4.077994280355885,-0.5036653675682515,1.2733604368553053,1
1.0138577665433322,895.1678276969925,0.4644452854695901,0.38989671189364883,1.477374939581646,1
4.053622975463438,578.7027694467488,2.3506332417993803,-0.25335679337334444,0.9378678203203068,1
4.781686195164075,839.2783021034824,1.5263807653518189,-0.10395584813659041,1.1439864873756942,1
1.462715190073214,254.6864621280888,0.19431982498264952,1.0,1.3106641077405836,1
4.4396370148308435,809.4486872614068,2.2484151008218913,-0.10266244867750086,1.1014069332558891,1
3.4475834914658665,363.6672811137864,3.1864853466429084,-0.1927579750737645,0.6580513161864141,1
2.808859156632357,274.69611882065425,4.085437073152919,-0.2456044332410029,1.4149656511227298,1
1.4113974534415838,115.046500851491,3.3670434458779246,0.2887943968358988,0.877762638895826,1
2.9259206565411957,346.44482070295663,1.8713873014988227,0.1650190905960026,0.5528914588538528,1
4.649890384670968,315.5324995586362,1.9572490547220744,-0.007383474496212293,1.8853257323853359,1
4.269860017661535,333.03231432716063,2.8414358049545507,-0.3232884696414868,1.1713342159416378,1
3.2768009255027324,761.9622760120999,4.640483242345299,0.36673627883857307,1.1793435470340152,1
4.7535137731533235,829.5782925920439,1.443317033594177,-0.08195840624650182,0.6980072184733549,1
0.8884201421095118,859.6640842818866,4.659047902023308,-0.12534509702587113,1.066466938051773,1
2.06989576115574,945.0322172988755,4.874271393409315,0.11303891442662684,1.8190029429695111,1
4.10605899578518,244.3449031656112,3.156349434546625,-0.20262866194587978,1.3254938679521204,1
1.9974527742143837,468.8193107624326,4.791195097712665,-0.11986690317222591,1.3199533993269763,1
3.680938289498064,411.5489495127494,4.540195592672298,-0.014139910261615379,1.082019485846994,1
0.47893583560560593,627.046410696578,4.456677427130396,-0.03289898241822403,0.6974671214998451,1
1.937410353192348,71.8770621185037,2.73529840373134,-0.11819690291170575,1.9547467137373238,1
0.8131892831630977,780.3839074203007,0.7873332057374068,-0.19550578066907023,1.4688528267639214,1
2.041691065861658,270.31366777991843,2.8683390660323926,-0.09208371596256325,0.712299960717931,1
0.88890679845334,798.8502961065393,3.207248429750862,0.29157978748824287,1.9233369696497689,1
2.21837720887129,349.3088827513588,1.716143385737718,0.7085544760492469,1.9215255085873202,1
3.9405873141278036,923.2946163808809,2.6964594642983766,-0.2598895381163687,1.203235554402714,1
3.71650773766198,533.9154595966033,1.9635712768252742,0.37066062329350385,0.6109511147427413,1
1.6411094312846028,498.2080815998666,4.780872680008923,-0.48464909591810823,1.7558150204452698,1
4.065380229159791,470.9864206591873,0.789163565229998,-0.0665937027292711,0.6857862001328103,1
0.821856416355875,679.7731711093334,1.1478159506137044,-0.4532600252167965,1.281942129738552,1
3.811700941533861,562.9041156603249,2.353272110317881,-0.339030782155429,1.1443757407307977,1
4.5458940916701245,646.2846996252338,4.770742597577583,0.10232901369965694,1.0806305773133287,1
4.053008793503374,123.99129187585169,3.912033869479402,-0.44863484877626386,0.922503393559643,1
2.2520151086383824,127.30104273328462,1.4089859964909246,0.2721207985735311,0.9441345232537968,1
1.6881072660885443,161.40181653075686,4.586357211405646,0.04709336960998324,0.6963747286179577,1
3.9100933288223545,330.08612672471634,4.832152198150704,0.38551790959563564,0.8561318171011718,1
4.2400914308634645,309.2899761091722,2.107988594796744,-0.46018755524944716,1.758727054681816,1
4.4508513000598375,644.3213410607884,3.2680847652641187,-0.2559853719829577,0.8137732045115671,1
4.4619243208670465,479.9099995280027,0.4248729097972147,-0.04217353709826709,1.8146101751258994,1
4.738331174415204,491.1377629890786,0.15753865745478446,-0.018203692612204066,0.5935626696658455,1
0.9505361029758825,731.2815617837654,3.901987195235189,-0.0023084846938904724,0.7755893708715866,1
1.9269207941479427,411.1600599257863,1.577117790669883,-0.31976662843855724,0.9640676677015505,1
4.951282802256335,434.6772213154124,2.52005931369197,0.15130198637701986,1.5934950055694541,1
4.682456454574325,232.66243575904733,3.022116092661252,0.15719974425350922,1.048556935211202,1
1.8888616708611052,15.447331038667961,0.47311799590135506,-0.33855241346871073,1.084295709244938,1
0.3631789491240498,903.1726360676274,2.6952669211051568,0.3121558993021743,1.2935393982087655,1
3.090144675113278,24.714040579442877,1.560714694088985,0.11286879794311387,1.6437048978936368,1
1.1464111269878015,687.8630465886953,2.936486053378616,0.3674942548572411,1.033489300469833,1
0.44416122591831797,224.99697767759326,0.3143173168482498,-0.3739842505396316,1.991941870106912,1
2.042741670603436,754.2776200243601,2.279466226398298,-0.18630926373205,0.6139553632753403,1
2.4326414374215513,761.956896829661,4.2107051135715405,0.3075342610153335,1.3393899275080248,1
0.6521760103830865,695.1898520643865,4.6437932866690685,0.03165973245815738,1.066515448459108,1
1.900406139644929,958.7900911047534,2.357608986870146,-0.29174940339434663,1.1812757817644437,1
3.319175769951847,570.8154887938895,2.476125468525829,-0.2721352557445725,1.3653358311443498,1
1.247164607983368,39.27652815971359,1.737962439304157,0.1033091763563298,1.294438473487248,1
2.852983427664233,32.26078729036146,4.604264391649643,0.17229529144158004,1.668202365081562,1
2.7745979312386395,913.2440444350219,0.5464815703917056,-0.122695784531221,1.9571293626811312,1
3.8788698270432436,994.0047657427251,3.5721275237640646,-0.08688737236122902,0.6333615172123301,1
1.952201535315845,662.6484008954832,1.0583869551642981,-0.07428284236645723,0.6074718895300613,1
2.721417155956776,981.7080000271293,1.8810445256754353,-0.2649856683445204,1.1796536250070262,1
0.6045477888571132,586.7164745375873,4.928077793245209,-0.4839771681007945,0.8073668622586929,1
4.19925516945192,461.03121324994765,1.3234397862685785,0.23606071482085367,1.3871009994814423,1
3.7341566768203576,553.6212851011521,4.447167300351285,-0.19931168638682947,1.6992927687848733,1
1.7633663835356346,909.2666297388091,0.85146665462471,-0.196597857562983,1.4120071470880946,1
4.213125770251403,914.9997278231951,2.1524900695045504,-0.2487192033370853,1.5159948533205383,1
2.8803644204447005,829.0743388723654,3.9406288800852978,0.28376900922103804,0.5317103515078963,1
2.0649090594084596,549.2382687862008,0.8445565998148203,-0.11585125962413172,0.785603326531942,1
0.6542968915398082,954.612189745942,2.5312471870111484,0.46895500289296854,0.9113930916603633,1
4.848655711921347,519.5944489107593,0.4052495906129773,-0.030316521905904056,0.56420865655253,1
0.13481950661342487,650.8863135429089,3.276893711432366,-0.11748915766751297,1.156054992381106,1
4.038045526752166,497.6626793670983,4.829808932502059,-0.3939686089647195,1.738465303707083,1
3.4201745349717676,54.76413278220527,2.684067975009353,-0.29611145363045194,1.5341453605019764,1
2.3728214208225804,390.21127882825573,2.42206995399538,-0.1786665713208036,0.6644010334425398,1
2.0896602805203064,178.7731267532893,3.039654846174377,-0.07624962838769864,1.9997381999227466,1
0.5,50.0,2.0,-0.03897939110988088,0.6931471805599453,2
2.275581482538628,237.49248552930572,2.924189952860644,-0.34861136227656864,1.2910813437724995,2
4.619236118315462,576.0016583382144,3.492652874021409,0.42810814107676837,1.12081621733822,2
1.8456496559029054,991.0446652771114,2.951659571078145,0.004528810477035214,1.9836867845262298,2
1.083644766488122,247.59710310991466,3.239475471125874,0.26587582120227327,1.3390424026200312,2
1.3379322606153026,980.9370874463428,3.253597425031441,0.1490735381484603,1.688594683922428,2
4.042754792021779,633.0145630061728,0.8032611763179501,-0.13126743247662187,0.9321620954570136,2
4.320223449423847,113.55968977536105,3.64859810060639,-0.050986537291521986,0.7335781601078568,2
0.3846045159252385,182.50411741375638,1.4465968041846968,-0.11060421255878675,1.5957440486621555,2
0.24179344563176075,911.5998886723269,0.16832717950695403,0.2387449553219999,1.498366620606083,2
0.9322363822062253,693.0069202267596,0.303677425118157,-0.10633485596824742,0.9387311366141646,2
4.178496224979198,779.9157212211978,1.9046888761863026,-0.07038018527827475,0.7221705099105528,2
4.58459536516638,356.27640046551306,0.8776357680990967,0.41383041531644194,1.441243292470549,2
3.585130655888842,210.2452048076093,3.404769507288615,-0.2486204097623764,0.867778051454724,2
1.226935512556811,808.5257292137977,4.435087894262274,-0.2843884275534518,1.7491400910452475,2
1.860430740836383,930.7181197798743,1.5339284620891942,-0.4888209530606279,1.7699273614124627,2
4.805475034499675,123.21996404496119,3.284143106762292,-0.22218449531813045,1.8646507062178617,2
2.9850109284735034,148.02393630617448,3.0218274881989142,-0.3720286138339753,0.7641694793133305,2
2.301157571751179,319.1685073322401,0.7847392347458434,0.3492830149228275,1.8868191516530057,2
0.9670223695857747,428.24282163088776,0.9971624464410614,0.24737767342336076,1.6860141065907983,2
3.482710469615145,823.707564834523,3.9721510447235002,-0.10933415869493811,1.0529701162239693,2
2.989030803150875,885.0067751164313,1.3123034498051191,0.25716816513500484,1.1063897712268598,2
3.598388182477032,815.540501686288,0.544203058483871,-0.10187102019608693,1.7389143245934018,2
4.578381604938733,217.70992933018746,4.1315019811585545,-0.2325035927943336,0.5418709796589721,2
0.7995551476054017,217.69559332836945,1.4207652888505882,0.30785300683680944,1.50612408123671,2
2.1434003653492963,148.74680958140362,4.0710815303137835,-0.21564985152669228,0.7919772522274544,2
1.8759113491873314,24.7051259446528,0.13484084987141465,0.5498079142395458,1.7567496414166568,2
1.036250471435474,732.1481005689085,0.4312350890888449,0.36380406383395547,1.4814922397193726,2
3.801528179128134,445.41658045782526,1.0394927906735647,-0.16117630310068468,0.6831108166740016,2
3.392970499218627,65.82461994712077,2.508321595192841,-0.14253690561181526,1.2234086570127987,2
0.8981698064002164,886.6029172287411,4.41432261986167,-0.662733649961203,1.4962950599771077,2
0.6070959177068616,777.9940329326878,0.22068468637262914,-0.24189098407656914,1.9979425143439897,2
1.8541065485842123,462.87169767842636,4.455700364853261,0.08692253641377387,0.7380708543212451,2
1.3277372641972816,610.7430495794081,2.830835156102991,-0.16502108564154727,1.6895231950758725,2
1.3475417013050515,797.4212244151018,4.9597783476930974,0.07265888029120365,0.8791276081586268,2
0.1797696946590989,74.63833651822961,4.342215014329393,-0.017069168903982312,1.2335613250910025,2
4.225450490174156,825.4852120390959,4.60870898356274,0.2100013806529484,0.7452527697186058,2
4.406634772239285,599.0314864455828,2.3239265902111157,-0.07155076256283865,0.6074227169108896,2
1.4720843608151084,307.48404621348084,0.17865525129298404,0.4678631890499895,0.5654824786941675,2
2.734308095401842,821.7855361890346,3.0787983511949855,0.10199496928449503,1.5917145761261615,2
4.382506866557554,789.6104422040701,4.462425645857605,-0.11433900273085078,0.662896837145458,2
1.332993300612007,751.0654194822572,0.8348460755822039,0.5612712889210224,1.484793801904622,2
1.1906316368090146,165.0255704747938,4.073589662807292,-0.006360918554951571,1.3377116074378799,2
3.4998302393771414,937.1323896286602,2.06022210698386,0.7915016685646546,0.622574932800981,2
4.2044281028565,495.97888477045996,1.7489276225533315,-0.34084054790459895,0.9766700303707861,2
1.3688605975067978,421.772537131076,0.49017912206749237,-0.1462659191709048,0.6697833820742769,2
4.975915160046424,660.2268146663482,2.692676919581061,-0.12856655037406212,1.7611306729348002,2
1.5137085847051486,13.762718263977192,0.48936398275164683,-0.3687081374746062,1.4519553518117214,2
0.6713366344788191,354.64885830632653,4.364447092554956,-0.148984195541973,1.3025479167426943,2
4.310624961729093,353.3312357074546,3.134773656544407,0.15431124989766412,1.9900906777869065,2
3.256673303334085,984.1556979200047,2.6139662487160362,-0.20643682037761577,1.0790151198482265,2
2.7703818023763414,429.47926388461485,2.069593369472573,0.09084263377995873,0.8802757989011196,2
2.8429932091346393,207.17627430196555,4.6423815795999275,0.6067093913952614,1.016195715133225,2
3.637662390470064,178.96046770344964,0.3688124758932523,-0.14004978052056075,0.7734420152967347,2
0.751381628438222,293.56641717885714,2.902537095461606,-0.06736948618058822,0.6467793650685918,2
2.3884654905186737,168.1148822951076,1.5136782533945166,0.19204854062498003,1.7213565551768086,2
3.153040834000002,742.0953329005832,3.7443271539690706,0.4119896536286702,1.470256371888157,2
2.655276964783089,795.2149964379975,3.2548538367228583,-0.23762729307460556,1.7623420995111405,2
0.708921956739057,162.30754853598822,3.103815793897488,0.0754484838793145,1.7085856233615868,2
4.010862684814918,633.4053225098431,4.342384666658244,-0.23698628792545087,1.317595299798902,2
1.9627079517030637,192.37542978551102,4.663611062603689,-0.4593557447904287,1.0040764997618445,2
0.7211333833778324,863.1907228142511,4.269179553067322,0.037570366326835386,1.5064841530310438,2
3.0047863951001497,617.4286766538178,1.0644551552806747,-0.07763887910533471,0.8385031773254221,2
2.8313382139053602,420.31704413244603,4.480987453241693,0.3510201804626731,1.6250527891819044,2
4.736648497487846,268.2671388104901,1.4843571701826812,-0.14535407244541665,0.7721399568226412,2
2.098006749511775,384.9229580630794,1.3135648980957089,-0.20764556891360153,1.1598146084774132,2
3.009947229964395,921.4787066140427,4.455798505580486,-0.11047716053687463,1.766943339408918,2
2.739194547429215,225.90960545930534,4.973567564436631,0.5241580766252792,1.706092322993952,2
2.582057816111558,551.913277526304,0.13760018731223067,-0.03281651750541196,0.9591835971241861,2
0.27688271734271336,646.1864422094562,0.42310197982518305,-0.13770378765775787,0.6047842516962856,2
3.969780424419759,728.1347995859298,1.3327673551216617,-0.09051114919556162,0.8263760168635177,2
4.562282745862076,624.8200592447647,4.632036921986587,-0.011065422217705201,1.75678471023555,2
0.3222271181980133,414.9547705498847,3.9203865285932356,0.01249264507079748,1.2509714812147248,2
3.2290104192211824,756.9532777718681,1.8407478394079053,-0.11746667585621588,0.5836744329939325,2
3.1031228574742333,716.0793764378769,3.8069681438278367,-0.33741852134115763,0.7456416809721687,2
2.671635965854929,879.3917702582296,1.8682992909277354,-0.11489448468100709,0.939752094470458,2
3.8981454083868115,963.9649035239004,2.9758073482151346,0.20172810975021074,1.8918462632965287,2
1.9101192301503367,675.4301111907256,0.9337632783162401,-0.16516574559775044,0.9003957045322732,2
4.454390716772887,966.7813127628953,0.345821009240033,-Inf,1.3154558336213837,2
0.6028250768478367,111.46621149924232,0.11911294131592108,-0.10673031412360577,0.5906926110810663,2
0.22645774834007773,640.0081535178377,0.8622144661428347,0.13242414076540598,1.4274174767434207,2
3.886436710148211,752.2779789337906,4.688875214554222,0.06601875883337542,1.7797648623053175,2
2.4000781851034168,145.0581857061742,4.1696831050153,0.5326248443708744,1.5850820733678215,2
3.441025551871643,113.30887414423644,1.1729354095149591,0.26701778423970846,1.7366671841894354,2
2.0652680262321876,301.7535541456454,2.0385668063500892,-0.5599902688806535,1.3944862607109332,2
2.6064638135863847,927.2802379035869,4.2458293852706985,0.03321757430113259,1.0276338785368242,2
3.6662689261337955,267.9554530698727,4.446321308204095,-0.3851579806367549,1.8265802141981142,2
1.0041811797714728,388.90235705827894,3.6755014512671176,0.11419805183465359,1.6402985029933848,2
1.9246806866694521,182.8151488759147,2.2558600885434514,-0.3829509570310268,1.4255492914881875,2
1.6747092490798348,884.3931095393488,1.0179284349710156,-0.15917512258091515,1.8728874480045454,2
0.2008466685287255,639.9222897670562,1.0484041689640509,-0.12366213046651289,1.2842321829628704,2
1.8662916124558588,738.3242454486316,0.7778539667998331,-0.2388927243062968,1.8453016601269268,2
1.0315553538257851,253.94262792846902,2.8439452241823804,0.05159332168501599,1.6544433273626589,2
3.565751157480811,297.80467765969803,4.706269608677379,0.6227813595584236,1.6579195641837567,2
4.943525078355453,812.9989494671626,4.105023315673889,0.44609796538597535,0.7911999032552494,2
2.139062647129758,685.3001313190812,3.6857285218537235,-0.26418829797882903,1.9674796028291195,2
4.742417581056305,203.50123370832864,1.0879910122657488,0.4023128013693522,1.8549089822718312,2
2.3289521682750944,298.95457207430746,0.6682448211431832,-0.15710322503828947,0.8143510824889775,2
1.6429420767078997,919.3781874428413,4.5166959974675835,-0.0796830802983165,1.6636379316489387,2
3.9856132052333773,670.7856240079007,1.8252722091124964,-0.0561748045762784,0.828394163137391,2
0.3296644916724177,798.9588982575818,1.1325932641186072,-0.09728578889811107,1.2303504177573195,2
1.8808572267893784,914.0209321704386,0.4365145024054766,-0.16594146985499983,1.3970764402647,2
4.76637785121096,771.6152848918571,2.2964273106954236,-0.17049475071636835,1.8713967543224261,2
1.4298789117321127,124.81217795451391,0.8255847865979808,-0.8012580025159975,1.5400307451695578,2
2.3241695460212513,845.9057275103156,0.8374492328355578,-0.10271187794966467,0.5540450234268153,2
2.001225622313473,313.07001419179255,4.575579059153322,0.12277130832371783,1.8520384731110615,2
1.9039044369879892,189.97327763830276,2.096054715315189,0.09698812360296993,1.3442425389416381,2
2.9710736809738862,320.68170630647234,3.457248990539803,-0.710425594234009,1.4904846598579546,2
3.7968583299739773,174.14566282990205,0.8328982560835382,-0.1583703417402951,1.1116892182029672,2
3.349384082062083,258.79227940436033,4.812260449990846,-0.4682518100132113,0.8203526589171315,2
2.1007233255607756,518.1558457115988,3.1737405267644427,-0.3324751251509325,1.8384692715039637,2
4.480597664091267,904.8407151333504,1.9266445861289774,0.4262656124271807,1.0382921045916276,2
1.7430683022544011,590.1378284527502,1.8474183030809024,0.7406853063564673,0.931870514377805,2
4.330633262508756,24.85819463175224,0.29237605834759073,-0.44590522554999074,1.747230007700055,2
0.5959798403253161,661.3236823225858,1.7748552440079277,0.14751964479310745,1.0043313949445831,2
4.70193026033438,629.3751955745039,4.517617062594766,-0.062174006513931644,1.5122153276989287,2
4.782448625170571,566.3819571853387,0.10273099023410316,-Inf,1.3343412262141943,2
0.9328804787004292,323.4330676801255,1.1076523242355047,0.43200668922073937,0.5865389764670543,2
0.10486387552987735,876.8670626507517,3.133774794064242,-0.04607298036620281,0.775543484796818,2
0.7643757982050452,84.30988710993772,2.3688643111188203,-0.1210017178612544,1.5050618378508727,2
3.52397284040839,701.2244517334434,3.1893672416678283,0.006200520756524828,1.6944045090320299,2
4.287133835710245,897.486045744982,1.6702441133416048,-0.13501978046620103,1.5714346091912894,2
3.1351084199572408,645.5897583201441,4.261916228855711,0.49870221870819703,1.9238483842653489,2
0.6216234172694821,229.84340136661862,3.068324334382866,0.16459122046858038,1.5548907653985111,2
3.134559709310544,863.0611035534918,4.942275631998543,-0.06165508157809448,1.3267221127087663,2
2.84211924009024,626.035951249805,0.5829454387265757,0.9866114055543722,0.9001077507810447,2
4.389369857902559,640.9387394013802,2.7747637057664645,0.09261512153878712,1.6675778652584237,2
1.197146734818984,790.096116723596,3.05468352229557,-0.3387221756083079,1.8335099727871735,2
4.750919894580383,283.05145161251806,3.260527749640217,0.5329925908122602,0.7816921066182784,2
4.103873139107437,208.940113847943,1.305516089046313,-0.1842572590804103,0.9423477505784332,2
1.5444886739483379,947.7370233976565,1.6106589185779374,0.6341079764650606,1.3270570214471529,2
0.5903163357609875,983.1590127730432,1.8265078241456727,0.015612787820217501,1.1551045800169786,2
2.585841129385206,275.39630341637843,3.580089755015153,-0.11959065891244458,1.1154151538412798,2
2.1845464122505276,916.7971416260015,4.545577832141674,0.1250365903070264,1.9438433188394795,2
1.9502252405101592,996.5409979044945,2.6645950191804455,-0.23836292022172606,1.8254680531542475,2
2.1213352277214472,692.5300546726774,2.8291238532782734,-0.050359137932981496,1.5570969921070765,2
4.644687491469201,664.2257111907987,2.313394487553937,-0.07879500449154911,0.9064564862392333,2
2.250930479071491,819.4757843488374,3.791289676050228,-0.028068699500848625,1.4207538266351118,2
2.3905317935802026,547.6448087186214,0.5572765607080955,-0.20985487845750153,1.050695447530622,2
3.094019997815774,602.6788281781901,1.7785289531715125,-0.23790776902250613,1.2566967759345837,2
1.471911996702107,822.5207527293617,2.540488721484385,0.2508356273449426,1.592639169321917,2
3.6322496549496393,482.5077373601884,2.941433191845649,-0.1098747999749709,0.7269520439744486,2
0.28163384039484307,263.8679362264129,1.6664327370712597,0.281947029323169,0.60411570246486,2
3.9884210838301666,60.309981043476355,3.4336252238253717,0.1646745735117547,1.2207742371869432,2
2.024443339654873,677.1482381327937,2.1909604995654726,-0.257639299072108,0.9388842581117396,2
1.7344430569698714,91.18464220806479,3.546327552443401,-0.15379183013808687,1.1102286988747323,2
1.1767011197713086,622.644708057522,0.32789315759317944,-0.13508510889168232,0.8674561210223988,2
2.306636445229749,878.1083803055591,0.46170398947193936,-0.16913537847419677,1.0520132928099328,2
4.737816566567175,514.0677807320803,1.4251584717467456,-0.12446457388984977,1.1290346469355041,2
2.810381613748071,737.4498584479741,4.084250842932795,0.027908706764187465,1.2360187651941397,2
2.1748099829078016,368.9138850368358,0.49683282491959246,-0.2217480734852774,1.8454890698074078,2
4.545974491996694,578.4463820304982,2.7174307102294883,-0.21107531162074264,1.2391594988737362,2
2.1144356693352226,694.5567088387631,3.233322250848026,-0.1845256548239229,1.4705108875574004,2
2.116367437553531,651.960893193937,2.463341617660561,-0.40740945849183224,1.4522696095308847,2
2.345592427957334,896.5476997501767,1.0495379349543448,0.9348883146175492,0.7441202862281058,2
2.3316960372569064,136.15331001669387,4.244853226168747,0.4771672005651524,0.8975950598201425,2
2.9996855331831,735.9112134290095,3.739789838423579,-0.17831097864617693,0.6345576559208844,2
3.988951909186346,361.33726595964174,2.5697610311313372,-0.442276581429553,1.625005588498061,2
0.2475909030701222,464.6138197899391,4.403107198380017,0.017157929034735352,1.4367311369738895,2
4.316733762620299,61.24872197325672,2.8519320350352504,0.40916545309312385,0.7591909233985978,2
3.3878209983450467,971.8762256855864,1.15985642764652,-0.03873086511326361,0.5656654598633002,2
4.144590301670672,306.1100330932101,1.0050442693875665,0.3926962699275389,0.7906579392402246,2
3.4610353227368034,395.1883282686586,4.3719772246161686,-0.12795789727356105,1.5530961177871854,2
1.7562843152111245,110.07333114028819,4.720242014819196,0.41457794337915876,1.0971867894556961,2
2.449916742022948,150.600875009452,3.3136992670690493,0.588472615435471,1.089189165247778,2
3.4366406291302387,806.6245238582779,1.8483851063123373,0.3541985330916806,1.2806576415115374,2
2.613554584011834,342.6478160994292,4.452419118678773,-0.27358032925382786,0.8009694025365048,2
0.37728332333854975,761.0720033767302,2.961087534871259,-0.04142285937810949,1.575607333850117,2
3.046948041728248,526.1910779047803,2.0217831728535134,-0.2630450108531355,1.0705269778117632,2
3.2112262941042897,718.5451069504935,2.627674958503993,0.8448011057182453,1.5862453650582633,2
4.148974750313313,599.84792442264,4.214683448768308,-0.37295211145763163,1.4806971201360044,2
1.2211386876659587,835.7141374680544,3.716792672245054,-0.18626467411262826,1.5666715365764907,2
2.0282337674703315,939.1040447510367,1.8610922328142774,-0.42218989466793483,1.6342669820065856,2
3.878068474328761,135.96809596457388,2.170368342349314,-0.38168155240961915,1.7588860349790318,2
1.2882508419082441,798.6298462248984,4.601349673054637,-0.3109823458000222,0.9978586239671156,2
3.8949986819595064,54.84156620339916,3.2354542736868313,0.16680907324108918,1.5829487487908378,2
4.194883012672118,207.30386472697887,0.7483991333677468,-0.25216523536032587,1.1913328812228947,2
4.682481674004693,713.8623584102509,0.962021993575443,-0.060378721026219655,1.2114019705287185,2
1.7246705555693576,816.6267905201054,4.548813066453808,-0.29583075028554323,1.8630944737636324,2
2.2234138502538316,74.64165963995666,1.8747685031593408,0.5102045904092946,1.435427551271846,2
2.271044433486834,549.6015927823147,2.556155116041211,-0.4778531579332627,1.7307205046573568,2
2.988643612505604,33.68477899005013,4.8265303431605195,-0.133837391461942,1.1489757311149102,2
2.0038992598030654,349.54236798842635,4.35571890360769,-0.5181680402841762,0.8253872991618826,2
4.607812364625121,133.95920389353213,4.41487009546773,0.5439920970638312,1.905573439299,2
0.683532058216834,765.2524974971,2.9923837057816542,0.2999847897915051,1.258668305823072,2
1.6734325502795087,214.9052289367817,3.5832441257950243,-0.0064548070803884935,1.6684651400809691,2
3.9739729352498645,80.97334893926192,1.3492086487428923,0.10986650179499609,0.6629796437977844,2
4.134937180662149,178.98143420387063,4.406595803004961,0.44008727624568467,1.3683349171277852,2
0.9844129785829552,50.16234121308348,4.385983398335472,-0.13207589582979218,0.987724176690487,2
2.810399366489314,28.888855366601568,0.5895556974878087,-0.02715644403846478,1.073654019246418,2
3.3467511488864914,563.6143176031466,0.12881275573619916,-Inf,0.9852699446750174,2
1.0620536853911842,530.3831609608372,0.9433963212834635,-0.20719490066197924,0.577569420686582,2
3.4192719525131605,149.20034994279024,3.256319702726515,-0.6444477838581385,1.5662158398174886,2
4.624133109631576,76.31549856439061,3.084628237930793,-0.19288473692831515,0.7140928304274163,2
0.9685092844339784,839.4531261771325,1.6685196925256631,0.25204960980668245,0.7831713711384698,2
2.012193525936275,669.9748141267454,4.394937505192004,-0.44735985732897765,0.9867463189051935,2
3.3049880850779156,413.0624706844639,0.9916319359662358,-0.10905570116462414,0.686609547704157,2
4.655223128886823,924.4144509042374,1.83754398609225,-0.16040381654017516,0.8655406082170727,2
4.101108725899273,710.0041133174398,2.722376650533099,0.23446886066553416,0.7197963883654527,2
4.4571652098190455,779.3708762225559,0.7847124126433902,-0.13014327304028522,1.7574229269524082,2
1.0861927935471969,663.8127827279836,1.406820826620396,-0.18895823235919854,0.7641457952422874,2
4.288101122445137,901.7231202754871,0.44528257460886944,-0.08192962962804665,1.6581411338128644,2
4.536890585955197,958.939741740317,1.8024866295943809,-0.187229901223574,1.6612969917033964,2
4.071429216382616,593.2958588425086,4.392059379495514,0.003103206284765131,1.8532811726403502,2
1.9013887465601123,52.351844859619256,4.422703363263551,0.41360955932302584,1.7802200331339066,2
2.2346082657979607,775.9367191019433,3.818049750499958,-0.0162789423269874,1.0583801455097939,2
3.8003060606512475,705.9619470083281,1.2360909553524007,-0.13872803339523473,1.6275406436730637,2
2.575398785329357,475.39364233520746,3.4096139726943906,-0.20820579471315043,0.5958664877776239,2
4.144821817683457,691.5667733570133,4.847226449554602,-0.3242188250251736,1.296428250053762,2
1.6455158707580537,178.75365879808803,4.778314802827275,0.24311230082163177,1.8904807917657445,2
4.62920750396225,686.8748948590257,2.333250606827952,-0.1030507407023208,0.6043483181600906,2
4.807510835799408,509.28678748390087,2.3695252637210094,-0.1040485017776295,0.7775684007779371,2
3.039235535495976,971.7575761254243,4.308124696864897,-0.1109770907263441,0.7190926870088712,2
4.610476365141422,110.34299848965398,1.8282740336157712,-0.5186875277782811,1.7210808019981356,2
2.128418579124247,568.6376702897769,4.102679680570131,-0.4029892396808138,1.0616265542702739,2
3.173917769814996,521.9696224822774,1.561625783203234,0.9093557938244365,0.8102360078112834,2
2.2358979971269397,851.104383514633,0.1752831760116323,-0.05563782223310162,1.0313459294445992,2
0.6681005755381335,411.7733916036745,0.3278900732738801,-0.15616398291983746,0.7720425529347843,2
1.1337065750011621,384.2543151247559,1.5607499473898618,-0.5702944001483317,1.8777705442270813,2
3.038664925836411,199.7866675548187,0.7642454036200488,-0.24188477423097945,0.723661249312038,2
4.4067967166420985,476.91980349193284,1.1228016015498685,-0.2211667687625772,1.788010125062523,2
3.3007988960107952,109.28895529721794,3.3832218005792725,0.12767743185408692,1.3271528469642264,2
4.847607265682326,100.71060807217961,3.265108741850767,-0.13735126246134333,1.5593577296073442,2
3.5546710515108204,775.1782811522978,2.511134827128946,-0.10293199785198223,1.5952397007090566,2
1.742973917033816,76.20523039366175,0.1749476988635459,0.28107390227620194,0.8143467435418645,2
2.7414070830187356,752.3402997800521,1.5894333921117985,0.4694905028986903,0.6434371111308462,2
2.207344450079003,304.8206185633362,2.18700131537031,-0.2431946847180161,0.6469229253986409,2
4.908150979412384,218.00235468027535,0.909427062443699,-0.35082934177037634,1.8356941276806658,2
1.6678381974950724,370.25395378932086,0.8875557643426786,-0.1603048840635321,1.251007367605529,2
0.9199973250989111,882.7037366912093,2.767883866107718,-0.2406061726840863,1.9894905898037025,2
0.8084576462483711,206.69480884440884,3.79155804228868,-0.3322856517460022,1.71504941504133,2
4.737470765480056,599.1548990656157,1.1460140983986358,-0.1679797941278341,1.5905062128987033,2
2.4623628717552313,599.5009990146276,4.775942713767049,-0.3613467717216037,1.9122102351433101,2
0.6079419342270096,48.74201797294426,2.4075273778089965,0.1497883524968303,1.6948634092616615,2
3.3052768738175464,205.62925123698986,0.4638607405790873,0.2218246634102191,1.81430482689562,2
4.958079193689724,136.37042498516115,3.607067518724861,0.21950216498206213,1.965340191667208,2
1.6045426382901884,373.1197581597286,4.374765434790005,-0.022037075009591085,1.3296146117516043,2
3.572453675271771,866.8443425958301,4.46853519492279,0.07880863402258291,1.6860012224410421,2
0.460719858525094,845.3355921073692,1.267803726335483,0.013401941422440902,1.135704641620062,2
2.082747713177909,160.02188225297868,0.2268361116399176,0.2630504762161543,1.837782716847681,2
4.498257640160592,80.20906080516211,3.6689504441336482,-0.3588149953453322,1.7944745797728965,2
2.1557252471244492,20.2583684008137,3.3292586486944917,-0.4518048703014455,1.0212311655802393,2
1.40847402062994,749.6858093757189,0.5423878713857507,-0.13443393272535598,1.5512358344906032,2
3.935437096232335,53.956605815544044,1.0022119112291723,-0.2963513448139149,1.6365856419170701,2
0.8879287432088036,757.1083756854679,0.7180218431194954,-0.15690758443083222,1.6676661262975103,2
3.465468942641087,951.8568414049565,3.630762292609918,-0.2929971749540634,1.6874265669937236,2
4.260365530800852,649.8192762232752,4.010126198045326,0.7935370082844951,1.6793782340880472,2
3.9701968854345795,221.75190286715352,3.2917220803444227,-0.32033380542089934,0.8538754318383636,2
1.092230560569887,786.1279259126422,3.19451346759005,0.06841873018356993,1.585588174008735,2
3.6990534560273525,151.68624091476664,4.107619844626708,-0.2211652629968311,1.3364489250469667,2
4.731529354228457,888.5535741600289,1.6459928905356422,0.9767792257289978,0.9126290524609644,2
2.151624582768271,424.4757225217105,1.3985376265870864,-0.1436133694638985,0.7418657908837206,2
0.18755403482406785,138.76472503949793,3.6277216968686217,0.1069799877846579,1.5844089472467995,2
2.866210371813025,901.3885671589029,4.230615853046301,0.040524871406473116,1.3919790464198833,2
4.180644294420341,794.97663098622,1.4235583626418942,-0.17938749877177007,1.1122590212813672,2
1.663756099722784,804.8430389524564,1.0780113605842334,-0.2943861672739395,1.3927804319483341,2
3.5593241828055855,50.35730010144475,1.2498299776641073,0.15565943572494084,1.454285502453628,2
3.7646342400698627,411.2548403208414,4.235430273093185,-0.05716113588543325,1.243658491365099,2
3.7986033923347153,691.9521241392529,3.7246688689820378,-0.029797945101169242,1.697983341884681,2
2.426714287755507,30.72836574810764,4.131981590415642,-0.05342980584606697,1.4500970236334119,2
3.0721593622830574,505.76077292672045,2.274999235312721,0.011501382979664796,1.7733935313390623,2
2.129888390769352,603.3188316765205,4.7756694706487925,-0.2786909456392966,1.8213608629586564,2
1.6334124780593997,236.58337649860925,2.2633838986915826,-0.22112750113191965,0.7446253165425237,2
0.58326615434989,963.2194701603893,1.5897246565084895,-0.33180276105079465,1.8375865364504838,2
4.500806054192333,811.3020363715132,4.391900175350852,0.18150885269885889,0.7890217448771824,2
0.2531814686896764,59.2629071064725,4.144540531446251,0.036616057851399125,1.7645368754887314,2
1.4569869182483954,54.07672791574326,3.940977058138933,-0.15118265898247696,1.2968233656187718,2
0.25258729362089394,548.4499153659625,4.663303881714441,0.15562298937970198,1.1584913617305967,2
1.8124891596173764,388.64948646014176,2.870541475698292,0.01134687818580363,0.6267614797526131,2
1.8199048552846786,559.1745821224409,2.9107322967059326,0.5101065530407088,1.6472713827778265,2
1.8546515253418778,802.5225281843869,3.559804978398857,0.05679958094540238,1.041662016152213,2
1.1968447645673035,13.571096428436778,0.567944259321276,-0.4526759388986374,1.2272939769066173,2
2.6120757397155328,448.3760897968304,4.306164639232483,0.09902468923346096,0.5522799168000805,2
0.736244564148673,610.6999173468173,1.6750691233059185,0.24135788099697958,1.5683068661431565,2
4.1821246370161465,472.7743343765499,2.191997946301244,-0.265749370917884,1.6764127960167374,2
2.3425772361096024,517.2560404638549,1.7018173431311006,0.4266457408041885,0.7865739032949473,2
2.123728857940504,892.3654745918906,4.406919466607427,-0.14790027867411618,0.9628950238735958,2
4.024842111758507,326.83198167478554,1.057170243516465,0.09434681993037734,1.6105293179890394,2
4.704256084272069,341.4947314416665,4.7352562032662595,0.2838471791136609,0.5094656906034889,2
0.29900552729387864,308.70799614889376,3.444744311565153,-0.028559604728481326,1.5548991128272278,2
4.625987882137531,988.0940804660124,4.748181864903331,-0.18528741765171586,0.8987221244065329,2
3.9617548278087162,693.1968124243392,1.4017295524436368,-0.09980038377492557,0.7004776480501119,2
0.8113562430179354,397.766952477686,0.9663625529642086,0.46032688895912194,1.7360282781049206,2
2.6155755130066365,409.7911870663152,3.3646237180955936,-0.49742736749170513,1.484168809436364,2
1.7987713722909946,218.2761023024083,4.85761871851296,0.44018267616699663,1.2099284507121326,2
1.6420840656687319,449.5421181729863,0.18378464323386176,0.4818891904437926,1.7262747640252794,2
1.2980971637451817,586.7126422813509,3.0408367500549502,-0.47795564691513753,0.7905391351448258,2
3.6648994594540563,727.3267569181163,3.9477681788601986,-0.15509647503888377,1.201548775751151,2
3.9261046689980286,633.2936196360854,3.6184705130154846,0.2513668268797632,1.823281311139817,2
0.763409926050202,735.2356312997471,2.3029588923769504,-0.3336466276472684,1.2552008265835364,2
3.823518342872318,419.49644097906804,2.605612676538343,-0.12308215090821088,1.0940941393944776,2
1.8177919729510128,961.2077408884202,3.7755602244131494,0.13265359361451648,1.6726115635698755,2
2.852687273962275,684.4317080251966,1.7358073212264744,-0.3062186490480054,0.9550175965674315,2
2.349662861487824,655.7961516475428,1.1009792860769065,-0.07226602421108007,0.9531578198114071,2
2.2784691459128275,339.10856944350695,4.450288881012607,0.73343843290389,0.6941558970202439,2
1.5499473403062107,924.2319087752173,2.311360863668843,-0.047676886170143824,1.8898314431942946,2
0.43110819385189114,147.12850248471696,2.600718204088758,-0.026080692706715848,0.9450521234592668,2
2.999680331175712,121.36505753152807,0.7990331710096494,-0.018864641875676866,1.1187877067049499,2
1.993947415234017,102.64408717895856,4.564810719887695,-0.33198990655111665,1.7993941151249713,2
1.2309598142926088,307.68141248565865,2.7118227613271877,-0.2520713209036151,1.8712420478333294,2
1.3985664434232954,496.87966264334585,4.908640487820581,-0.010203149226323623,0.7293099432846535,2
0.8646584425759891,409.3498108428381,3.15818941562392,0.5173569497863574,1.9302244688403019,2
4.642733593052201,378.25790708831136,1.5448583947605758,-0.2905865756019599,1.0617412831492339,2
3.9430191790219915,829.4695131768236,2.9433375785074816,-0.11641660125087769,0.9511361957482053,2
0.316498963668531,214.06205593960098,0.6981385512134168,0.004069896386286692,0.5716525889154858,2
3.080318771347328,722.6301275372998,3.755039153546031,-0.2881520164221113,0.8476546307549044,2
2.8199128913802705,801.2048056947217,0.5651865772910829,-0.08026789153914494,1.5045998531117801,2
2.2782500805072137,510.1089069059263,1.678686827654202,-0.11156863010688604,0.5651777658071443,2
1.9407383210238258,692.952972622636,4.709193977959186,-0.19916316339279086,1.6035232812086009,2
3.482222937197016,25.81920023419839,0.21138029749385084,-0.5179203956110073,0.7112080708110453,2
3.6751160702923786,420.82281602952054,1.2246393927876549,-0.22687800558348126,1.2477200414358856,2
3.797818996189013,107.19575617727469,2.664808279503557,-0.6633993991412198,0.6822962641007413,2
4.554731723859184,636.6091130869605,0.397459564405363,-0.09830311819096785,1.224886872656979,2
2.448409763522839,252.9636027396401,4.881181865932416,0.41804996571544334,1.780714867236653,2
1.0675452061465622,554.0715321382108,1.2786432132985652,-0.11907206948861312,0.986341361769725,2
2.66277855982188,999.0692351705562,2.0760915851952264,-0.16182980991015164,1.3373684052518782,2
4.893747276457486,629.2719667451364,1.7249621420353702,-0.10644701094005667,0.9637087760912271,2
1.4695067473078942,642.1982449442963,1.8213147999753305,-0.3419295133734035,1.1508417385053924,2
0.5668295036899196,582.9622604113159,1.254833076809752,0.13581515682716352,1.5094666158533518,2
1.4302784506313106,983.4643647448128,4.5241447971319175,0.18762726719884404,1.4295061070892667,2
0.4621636722687088,68.2702176554635,3.910721384451083,-0.2829316525434426,0.9742241973787854,2
1.588491567574627,118.66596928807729,4.782871991534392,-0.47237031255340367,0.6535395331360009,2
3.5050007436150157,782.833047191773,1.2856015019747944,-0.12657253767502905,1.516097962502335,2
1.480147324981652,478.4488844746984,3.484357922554973,-0.18861519611511118,1.1577519365226552,2
4.916933329816107,92.15859626225895,2.6264449508662917,0.3061947851431794,0.9157885137978885,2
4.066439924876088,555.3151537691441,0.5511885283112515,-0.052167492454683474,0.5449818543047478,2
2.8447043469498685,679.5475697532614,3.6499504582288202,0.17404204051824737,0.5616522563802018,2
4.5720245785457525,787.3912271100439,2.834601727079426,-0.09300286757883945,1.2326230719133704,2
3.0152250990721097,704.6247523299373,2.0288874483026316,0.012231908510365106,1.8074788050844806,2
1.1620626645158172,530.1432821329643,0.5424180385982422,-0.2726027275364841,1.7953116615622549,2
1.5005983746867755,150.745279227597,4.540959226000824,0.32150527071091434,1.4826879415249796,2
3.413657370273382,714.9627775252344,1.977465957230328,-0.13819361653752493,0.6979606476154975,2
0.6736291764900425,358.16825893594984,4.416373720698094,-0.32784440711535184,0.8756928532865733,2
0.7468076891786879,748.3569700026483,4.40294578525355,0.4196361810382747,1.1951323207043725,2
2.650785840883525,658.604287930822,3.8113041944963277,0.7009210990760518,1.8141608994247933,2
3.9893386850870995,588.5365192760523,4.469933787152442,-0.48429030299472997,1.2629325009018506,2
3.260911597738193,167.67234568638074,1.9330268660682628,-0.08779003889887335,1.2403348097878666,2
2.9452074916461237,76.33696863053085,2.6981346532332835,0.18270557927754735,1.6454603187833015,2
2.1366967086931785,568.1426315456703,1.210527287674374,0.11877737695137244,1.4385882171810591,2
2.078182396451548,318.5581876637227,4.865215555556255,-0.006081264363950766,0.9639515255252437,2
0.25463528412018754,378.9818969502537,0.8985779497718848,-0.014516495246850655,0.6877422996890823,2
4.591940349609452,299.8863903594936,3.45116567425755,-0.2710009197919743,1.7778099200378807,2
3.2944599089529913,922.8556366218843,1.1266549008359208,0.31047226395467986,1.4471736894512381,2
3.737101770905269,480.46736108518655,2.2327190860145043,0.218459716783949,1.2552095195456974,2
2.9809819487730542,105.43540332182174,1.1697835189339467,0.33363155018000284,1.8407287114043052,2
0.6712914340826548,708.2063250032612,1.1509839438302518,-0.23332415675581478,0.50079078150764,2
3.829413170447884,68.40231900203774,2.1025730962624536,0.2537037839882182,1.284911236864532,2
1.8331459268292665,751.5098248279887,3.8857475550508522,-0.004540835055390031,0.8614529210310735,2
4.132292458309001,442.796028757246,1.2973272209965026,-0.20679758686607103,0.9790074655598948,2
2.552505653316863,893.7173917408032,3.6110477603187454,-0.20824361435263916,0.976721869599636,2
2.5035240767334215,89.12945853964246,1.0511086917339092,0.37307992932770245,1.3388640858254606,2
2.658806886446967,244.3364384554226,1.4224379368948539,0.21019575868882417,1.6275365960888681,2
2.2886517918239475,673.5143063837853,4.67633352492112,-0.2008186132758964,1.615509285665568,2
2.9303339857384527,739.8089390151655,1.6681537889627973,-0.14051714833738038,1.7853256263010806,2
4.506808729144857,159.56670752807523,2.6689071424813275,0.5713387731656673,1.851258939440004,2
2.8784358874846196,144.64760960107074,4.084430620124564,0.04306484237379674,0.7261952874893624,2
2.2666518375465756,687.4907939129308,4.342165433412507,0.18696540594977543,0.5925140459168876,2
1.5994058140361633,43.852682239148116,2.4433142729566164,-0.15968137125283183,0.5609692867890259,2
2.929917489250942,191.63765813227315,1.2003488111698561,-0.2865889867410896,1.1311043425270655,2
4.677341597860153,427.99676650654266,4.148294768104471,0.32219153372974996,1.434825256424177,2
3.0428511572357095,651.2588840630881,1.476168570829375,-0.202420380853389,1.1558614437306165,2
3.3754776619553093,377.57934141565073,4.5853094973083754,-0.5045906279001884,1.3783289596442183,2
3.8798493063948944,516.5875824722134,0.9891632562781878,-0.0850602310405825,0.9339562662639258,2
0.3653935770109502,77.70835748569861,4.865817324547399,0.023776589426441775,1.2793995384901737,2
3.7505496168744648,213.98072088830565,0.11397540484053746,-0.11435212342481235,1.6210921207345241,2
1.2192154237408492,171.775642165269,2.8860530020029884,-0.14062193458566985,0.8699916431163643,2
3.7293220791895836,454.4630830969075,3.008696944122989,0.29328161010844905,1.344984177616086,2
0.32911245004477385,400.28784399342464,0.5193032857598804,0.5120642982871494,1.9777002221795705,2
0.3163860477389142,445.02412215742754,1.0326143792744997,-0.3486663138487528,1.029705676020955,2
3.0309221027043383,173.59311543266284,3.3161027936678145,-0.507182111142187,0.8046835116818143,2
3.429873027984764,187.41318278164792,3.4272771144676284,-0.09997274249994523,0.717525555726049,2
2.5141342107785296,214.43248101206393,3.757315593822657,0.3176259323275466,1.7784248823435664,2
2.7270898558599135,824.8576071434412,3.9783142375972376,0.044959804940398286,1.3320592617271843,2
3.6341324692981662,233.3183652237771,1.7890918823996471,-0.3619619160000663,1.1670516262244488,2
3.3798515167760597,163.28256656201228,4.738355538851485,-0.023301825555785586,1.3047507913931737,2
3.4020385065278367,843.2136022008838,1.7664341015880671,-0.23127078271586415,1.7250554694599702,2
3.0515986763414054,621.2094362679471,1.857060130289426,-0.2941125020242329,1.5642175424052442,2
1.363181840400784,779.7931142568422,0.3215748185968724,-0.06953500679520548,0.5221601190925869,2
3.308853481067803,224.70609871228956,1.5810110262542378,-0.3046099646602129,0.8450080677827542,2
1.1424857238302228,273.7176738197375,0.7785225448834999,-0.19595468249082207,1.1257365133909707,2
3.250484936211619,631.3856723493658,2.5945770958546595,0.24978194648404514,0.7534505637714433,2
2.572746777854296,671.8923698503503,1.6733655043144842,0.4680794427910178,1.9678308336704962,2
0.7927862321834084,620.3590480277843,4.049303487546251,0.02650482014312483,1.4060362686490033,2
1.6683013172367431,10.95010350701344,3.8617897106806076,0.19660301833939806,1.443884547358563,2
2.812036608548641,571.0432962210701,0.9010425204309314,-0.05677202191362373,0.6180123543322811,2
4.028634748170753,564.013889697664,2.943725606714281,-0.1565671272875154,1.1074468681942222,2
2.1811918856975723,714.7312341845503,1.8800289366482645,0.32578605370648667,0.7203568193647693,2
3.1131677434174607,433.02739212988786,3.6588518824596337,0.9355822585512242,0.5823832428532374,2
1.0382083830354079,384.3959255208986,1.1426698813278895,-0.16553369432392978,1.427811888842255,2
1.7036816226357072,567.8904765472215,1.8875997149117922,-0.5785627013569739,1.7474418973313797,2
0.5426151915320883,189.6603968586569,0.192569208050718,0.1838620842060304,0.7746858872821227,2
0.881758128637366,828.9562444079947,0.9814003460288898,-0.2589195791845201,0.9019736584493891,2
3.42501360899172,669.933740368142,2.50597264350179,-0.2055629374207594,1.0030306887986749,2
2.66862463861158,802.1156405698034,4.826582999331461,0.15355034090690062,1.694347678194582,2
0.5087807682819082,812.2220488686364,1.112347016826139,0.029476101392265436,1.298017286819383,2
2.1606149392692076,455.7914517909571,3.7118290230182116,0.45565626702882606,1.0086437095402716,2
1.3276508614685485,502.7933664429018,4.30141879689132,0.25133829415636827,0.610607201465903,2
2.0742908631967563,333.7605764283564,3.8561111245020276,-0.21219861302961732,0.9243797263835026,2
4.382619648737083,952.8590401175525,3.355261730706392,-0.0862745823952386,0.5581954056671738,2
4.147263362931095,92.95748194577612,4.313765218269704,0.0732250771839234,0.765715555555365,2
4.9535569686032925,112.8577804655552,4.8035638896455195,-0.46242692387961265,1.5403065355019432,2
0.5254409156843989,744.7874110101109,4.8028608549643765,-0.059661272815789264,1.9053886625507426,2
4.330012791305531,417.48219538855415,1.1303161720680788,0.43452240503378964,1.1470111027416818,2
3.1571122637807316,701.5957495081706,3.1929248230987852,0.27900167230240697,0.6685208216383054,2
0.7058760312257635,568.5576745777574,2.024735744279307,0.15726001421970465,0.5264159653776073,2
4.314714705068469,169.41594088886734,3.3301507232202647,-0.28541510984057167,1.975147020916506,2
3.6473507894206034,919.523240795231,2.8649943980292756,-0.1300848743170551,1.349623420297399,2
1.9598860750624008,299.079282659212,0.3073376115624801,-0.1625443901658499,1.2173471044294737,2
2.2198637168556545,942.3957984737499,2.975038251641801,-0.1783349130489474,0.9909577053339087,2
4.146788002440303,677.3723137080154,4.6966779521761515,0.11155261216432777,1.4472587775339039,2
3.6632821167599925,899.5609584338209,0.3086072994992436,-0.029501068064614312,0.6166142039485388,2
0.9324216031106967,129.57891840306513,1.6215466736382518,0.3773271781071104,1.8484182728775869,2
4.426243534752245,431.8459664474527,3.8657128454619,-0.4883173934062812,1.9646342820349652,2
1.7546629437505938,25.078008869073003,1.0422126257387698,-0.2580529892193561,1.2652274730125903,2
0.3626127945880364,10.672351619370357,0.9163049087890099,-0.06706682377908138,1.9050892765058312,2
3.221243493381728,179.89169947221498,2.5517682207530763,-0.038608989444947735,0.9737542009005279,2
4.587110535521487,322.1316983752138,2.0535236703909785,-0.14646086478770137,0.8399978389597693,2
3.944672705241299,520.1038610439517,1.6696067160007333,-0.13960552098648382,1.3311869666064022,2
0.8986512122321052,523.348547352194,1.2446434340338006,-0.1852085764976362,0.8873416743067464,2
3.7512532382240504,675.4432099270712,3.4017575157561057,0.9562887856342773,0.5454529981993997,2
0.14313824204142067,898.174247017975,4.10357975512123,0.1775280452007362,1.0212567990893062,2
4.159991525212842,975.342974013222,4.473051767230548,-0.11406922660212944,1.3589738533810214,2
4.87919477771248,578.8205688008893,0.80334023678874,-0.09356705897845649,1.388009679652501,2
1.4989314026374247,533.0958900004186,4.065988044007331,-0.2883491558020798,1.796194681204113,2
2.893217572580441,133.54435281419188,0.9976699258510554,-0.04204493212330672,1.3108871406681097,2
3.362303222907312,798.027325456459,2.402476197895223,-0.27922583525281747,1.014089622772683,2
3.2624707482466992,307.6841136879622,2.7400541964564136,0.6167705681283228,0.5484120270826331,2
3.5283854476845047,816.8001890455648,1.454528226494244,-0.1015161783438664,0.501984781383591,2
2.0786330130524813,566.5566903928557,2.406573314283573,-0.11089638498604455,0.6451736370911494,2
1.1603638462233048,781.0303564576141,1.8632544253190861,-0.34280162842251716,1.4105459004278336,2
2.407854133466437,339.96659265268664,2.067435409291811,-0.03440242432712911,1.5235000527925078,2
4.1290902511346905,109.0167918512311,1.4092455945842175,-0.2791271716055935,1.1872318749186481,2
3.1975366238427263,415.9339963024799,0.4657471981476471,0.48804130997917766,0.7083365807917245,2
4.743085947219477,199.3811377838594,2.842632569791978,-0.2615116238050179,1.2633808913863596,2
1.8782799930795984,427.8118922534635,3.196102720768038,-0.04052913566718103,1.1465876366416263,2
4.835369076537977,798.2894446891393,2.5921721286233588,-0.1814182147097267,1.3696472559796544,2
3.6662042036872324,818.8889064437867,3.93293254518025,-0.017512020144039964,1.7908689265386113,2
2.271413477788808,481.0239678145956,0.3905631055509581,-0.12276428925186858,1.5386626438699775,2
4.090951901819283,395.06108337532646,1.2695163416284037,0.37954189714457115,1.370394705315132,2
4.163597007842441,437.96970251069826,3.700549994023135,-0.04378093750767771,1.281696639556922,2
2.5481222401261117,601.9871058897296,4.092628314672751,0.09503432321158374,0.8968119145253732,2
1.8723501118194377,736.8209055967569,3.4609633168213665,0.1324858300378595,1.9581517451059443,2
1.3468064511141848,939.4361548505256,1.7070418243192371,-0.3190729573637478,1.4539919784887765,2
1.2129864414135538,820.1742780220283,1.9692281731946584,-0.2039294355272561,0.7661510569638218,2
0.848332067547737,869.2185364968855,2.3459518769627588,-0.1912631123294494,1.758114538034927,2
0.38685346473896876,565.2298337069525,0.97678727387597,-0.16503315615811306,0.5707942233393726,2
1.8532150391673987,534.7519225744485,2.529055734773307,0.2732511945353525,1.1856330983384837,2
2.0103469537827054,378.18787555340947,2.433153888657826,0.04063770254948392,1.0442108640016863,2
3.979898230718386,950.0524965101072,2.183145811290029,-0.2579320514124208,1.3959346490628808,2
0.3688084368854938,119.4414775674365,4.130358825745522,0.024754797939239365,1.0999208244935201,2
0.2123732833959851,255.3984022268595,1.7099381956728286,0.39459298119298397,1.007641266227381,2
3.0993145084243636,457.4879500643261,3.718156493558691,-0.2107341523901281,0.7013506881824035,2
3.8882195600366374,872.1753611493147,2.3053101773539573,0.3475865012324853,1.484817032812818,2
4.90160834032598,135.11218145394406,1.3771311654562075,0.0655882834752016,1.4827446936601696,2
2.4631292609919444,440.2885310356183,4.7504741412447515,-0.04445961007411554,0.837590720321305,2
4.256152151558056,538.1019673455498,3.1474605651112997,0.6945478396533507,1.5964959545319362,2
2.045123679330719,792.2648585923091,1.2318721086026485,0.9607690017204896,0.5421181310067003,2
0.20373307249706146,225.2878907580723,2.1328635871390915,-0.004812401135117238,0.7838527041495856,2
2.323014651738004,471.3500637568354,2.1168405597953126,-0.1940581701723507,0.8332970939582427,2
0.8400945553970086,230.63501509233936,1.7963712120859985,-0.11575244565074995,1.496658645662651,2
1.8374805557565603,280.45388064137165,2.650273564461421,-0.23780018945990716,1.5909656607764642,2
2.963344351251817,137.49203175295722,1.5070072763285354,-0.3631435101503287,0.845725474349311,2
0.5484718803222804,418.2194106169501,2.035191975843515,-0.12145138848165798,1.7343152475407673,2
2.0359360455498474,144.72242870147974,3.3563942239011544,-0.06753895461521771,1.8220946498234054,2
2.6612268004693784,651.0377299061365,2.273267191622032,0.9267239674940376,1.5961353107607903,2
0.3408204844147747,423.00426247297514,1.2806439272180297,0.15259728504695697,1.2958498046742721,2
4.730788761376096,820.6592069061454,2.7978773279224223,-0.10676406470237287,1.2328005384374763,2
0.8120151423586319,760.5491225410614,2.91131367959948,-0.23787611512982024,1.9043254548558843,2
2.5331082838887484,33.912726336695286,2.9570659712974745,-0.10473102664500465,0.8676828656038262,2
0.4799570207247711,403.4024491103602,3.0956823870979053,0.21313658775815483,0.6833656151678456,2
1.8153499879124955,64.32561075467963,1.7609262935080332,0.1549827180440201,1.8130129854543702,2
1.9159030666408898,945.9549385577894,2.3682769290268197,0.19888460476850547,1.7714134570023088,2
0.4329704454391651,657.5687818747629,1.2997495762567308,0.1435615002285121,1.4013191765081232,2
3.267738749431661,797.8477637945961,2.48448124605319,-0.20947048848421865,0.9523537030323109,2
3.797170724539256,534.8957034627863,4.89156271946868,0.23057581492818807,1.8490845043896074,2
0.6814312620278674,717.2293333893234,4.417915089351026,0.0732687966189069,1.7623196081324157,2
4.667821238681246,378.19147473100855,0.38179140671513634,-0.05504064960227344,1.124822752037066,2
3.2271659724204946,28.190253009412814,2.062480859977731,0.06121515282503281,1.8774091542535347,2
2.9619901295439535,83.21067113441175,1.125195907426694,0.6049045633590903,1.3598317611487865,2
1.150325963504981,449.8492466066724,2.4285622910025713,0.2895206331774097,0.9737091369900772,2
1.0749565738134668,379.7351307569558,0.8908481880579782,0.25852496230679056,1.7588897029374941,2
4.769895937940945,220.78359788603325,2.44961817155205,0.04491006444749293,0.8507464124250192,2
4.095579822543891,915.938782577498,0.3150515969965593,-Inf,0.6281109929526654,2
3.315084431490389,963.6221599098226,4.31401118053141,-0.27921030516830103,1.4004974328672501,2
4.2890308372849475,672.199537670011,1.1353983967720158,-0.26830642255927384,1.8849203452488623,2
4.75661111190362,218.0929874313379,3.993173577965283,0.0882985735756867,1.5232138675230087,2
1.0500941041153744,377.69357429538906,1.6956428957553127,0.24239812188165877,0.5188630659111629,2
1.6021037497183408,207.26864733936918,4.604656663024738,-0.15319700039426382,1.1346706287034243,2
2.3152262057562076,31.033683672783877,4.77640909604416,-0.41256305830695095,0.5513082406517549,2
2.28488716084563,119.11362956803536,1.1985075682529394,0.07468255814122995,0.6389428361193219,2
4.468546919534921,218.46041078753981,4.93311023154776,0.4108700506509119,1.3102137445542699,2
3.867539067547134,495.12491517078564,4.022396750515519,0.5281401907514153,1.5278349060366274,2
3.0632946873021907,773.2722223699986,0.7730422527570134,-0.056851733698138715,0.821039682934559,2
2.6305885963074687,433.3543132054148,0.9443364067057053,0.20496971485878623,1.5738668864799723,2
4.354544125357035,157.37953110795368,3.1080146896111085,0.2984261018841248,1.2030067153792323,2
1.3528318972843647,12.515189543064633,3.073075626507382,-0.12604097046745652,1.1199013263959634,2
3.180899536966721,76.76740870692188,2.1421307525754423,-0.04151884039683533,1.6389886657179096,2
2.329963213757647,522.1906310935851,0.6628701614753656,-0.11329376364690968,0.8030894838937559,2
1.9225581112873238,739.2933385174765,0.3503428859298726,0.2803031298555138,1.1112660870001707,2
4.785970611474305,735.3761793710037,3.537187445431509,0.2324020080654757,0.7683460489899214,2
2.349778436444601,266.60822566355563,2.3399466438965106,-0.011906702118731754,0.6859742753896103,2
2.0748425524873584,690.2701753589797,3.584354975336354,0.579513610004963,1.091181921805494,2
4.1584357853314815,206.12493478286004,1.1346203776931034,-0.11317932303273327,0.8198327185300653,2
3.5810113743284453,966.2710801798177,4.575274754476716,0.006828649528449146,1.809792533198171,2
4.6698390944665125,717.3013923522709,2.855889144977897,-0.17059993478256985,1.6330611892990115,2
4.6724739485306195,587.6058844519944,4.130404233844797,-0.14733635928987757,1.8642189191444105,2
0.8570004909415164,948.3432662960937,0.7200486506536602,-0.2803713343175299,1.5904122295958114,2
3.9133614565514416,69.77957285360682,2.9624991124684983,0.2752446490279548,1.842155816477479,2
3.4504188166347904,712.6838338136066,3.5185727789584815,-0.2800121144267703,0.6212025139970729,2
3.3012550139807746,219.87381508439623,4.75872518287624,-0.023789312254842605,0.920283700365566,2
3.00609472546474,822.9277931441391,1.3965081987019623,-0.1955158691481371,0.7012980998359992,2
3.733618008539143,63.07376796176588,0.4241952422547389,0.005865773300495255,1.3061838419228302,2
4.648854368576925,48.197264230310886,0.19301842244899647,0.48174912764635847,1.288718819007531,2
3.0432009014784387,561.7822600698969,4.6102811128424115,-0.5375080773379748,1.3571954202987393,2
3.387796764635233,683.6160480317066,4.973461430842593,0.7579880921240079,1.3490379328155229,2
4.1297350705132745,807.3042774056032,0.6764216368733409,-0.07194156322367913,0.586231443008543,2
0.3791900058007154,358.43953812075324,1.4511043864983975,0.3454478223678851,1.0440267228706683,2
1.769274539915537,505.92125846370107,1.3242346144552652,-0.25775204438030175,1.567390847156327,2
0.38123063300677607,608.2757499421053,0.6208108995557595,0.21091598219878382,0.5655735201640635,2
3.775323996930702,519.4471392264954,2.7738079390592407,0.08651881255178612,1.4069383071254262,2
0.6216926608410378,765.7234546578806,3.0083946051814885,0.20054529876205218,0.7896568974828864,2
0.11813189266528998,143.9260250666514,2.3059401782004665,0.0543336607046521,0.7500242197914149,2
1.626784860755142,344.3254001808685,2.928407353240872,-0.4849122178545933,0.909075416675982,2
0.11461069024443869,321.6216670387102,0.7032573252012414,-0.16782833591600518,1.351040001358929,2
0.673897680728787,793.6155456782647,3.3340323033149106,0.14074793253276174,1.910096763479175,2
4.238776391836849,229.72380178422816,4.793745191066044,0.1776996700040656,1.1972272862533417,2
3.2985045661923618,782.7400035017254,0.9871305223352769,-0.08221206864919071,0.6803477002190012,2
3.7060510686843853,436.1185979352661,1.6612083238690611,-0.3496436788654965,1.849442944961891,2
2.3774550866307416,683.5871826229685,0.17347909777107512,-0.06039388279408608,1.873290019886141,2
2.808281328535701,663.6683332888928,1.2429807985536314,-0.2604631079988573,1.4877617013313018,2
4.929512758526636,441.025296983509,4.973851295822803,0.1502932545950947,0.7379300548636134,2
1.758983438140027,130.6215276437,1.902118013488711,-0.23848983204849206,0.9442610712010063,2
3.2948621445047217,132.06798069108203,4.115385735336818,0.31502404686473195,0.9609866575335232,2
4.185195787031619,883.0908534398717,1.2792072682478581,-0.09154525697463468,0.9980332159143971,2
4.420442432677728,506.9374971833324,4.769480729194964,0.3000553614450651,1.5415803000852852,2
1.3609610907077754,942.8530416449789,4.216349875367793,0.008644420414639056,1.838114078917588,2
4.6812178459335945,483.0294854998436,4.015446773626517,0.9729505361459527,1.789488624254288,2
3.058613751154313,478.7944373595299,1.7632956837175342,0.3164785294969546,0.880689188644791,2
2.273524351076664,61.302236384199134,2.547023112142341,0.3723707904145948,0.688887710123915,2
3.6910327287900384,221.42985379657057,2.5801258956815003,0.023473982249437142,1.236190332749896,2
0.2771923452377205,296.30872680103425,1.82038363479404,0.3632462289403789,1.890833293237922,2
1.2120798116095246,213.1152159973351,0.7651970729884973,0.2543896689621224,1.3985892659138437,2
1.704703292426658,138.389931127886,4.235298345394588,0.42189248931626866,0.6916051638120032,2
2.918432249567627,157.28263403818266,3.5387503009591885,0.45109735826216607,1.6429148253640324,2
2.6437831810418553,210.29067143634484,0.8744413311347412,-0.0940665993987035,0.6197653072118077,2
3.875456701392424,967.5026539607175,0.1569181282846874,-0.018904845076064,0.7855384468205615,2
2.7816902232991847,784.9015377489061,1.4884632759898546,0.6123052644375323,1.7960430946253005,2
2.295750914275119,557.0236017444121,2.6487864212198633,0.33842385172536193,0.9950314227109558,2
4.790187085102859,149.38881834613693,2.5035786178852226,0.1907348339626653,0.5810485391969296,2
4.370734243234302,431.7733123139868,4.349581462542298,-0.215917557586424,0.7578695101493622,2
0.14416941583049717,608.0526864798185,0.48632774329954054,0.0007072625841811909,1.4248994155849948,2
4.377566061667186,445.6092975278512,4.5879561466985095,0.07866392931894652,1.5490500754515812,2
4.1307408311638225,750.1832537607327,4.592642785968423,-0.1294825212698576,0.6884810880450984,2
4.667726328345942,716.5797555104314,0.8892391691425824,-0.06818656941734656,0.9902046899490446,2
1.8549571426941782,602.3327710451589,2.3636137236487276,-0.18837238882121707,0.6211106812474878,2
0.15030261889226873,273.6176921547774,3.8782088212794266,0.09166805553341865,1.1682160159232107,2
0.34934064414048804,778.2915496116698,1.7192651647309911,-0.1257298330757806,1.7282248539792282,2
1.3659938807509233,661.8777815195868,1.5722723507779832,-0.39057663687132693,1.7835087552351407,2
1.7573026490356276,500.7541912893004,1.6831204610068415,0.06893091101362672,1.227816337705228,2
4.4528340735487095,490.2422084534961,3.947680648847321,-0.20646301856600902,0.5496447518045002,2
2.626281576980733,194.92559589637978,1.466231473098952,-0.08984702325112816,1.9536933136830252,2
2.3632177871161253,892.9854647538216,3.1336445771977632,-0.1877016198683718,1.219233027620728,2
1.0086794330942026,489.3476416103638,1.669864565195991,-0.5051787214089944,0.6306411021557735,2
4.994073373638478,748.5942381212584,4.623168962021816,-0.10796743115222716,0.7745889874120325,2
2.900980456040989,868.3050556415246,0.4494506488486403,0.9224080813500828,1.0719267694259647,2
3.788528255861425,436.46199676837676,2.0346912866543696,-0.11627133821506197,0.7478224599549489,2
1.1514599187809023,725.1237390557917,3.6253531046188594,0.4998589693358814,0.7894084722224715,2
0.5230775435287178,222.27085208055556,2.641830933562734,-0.2870868702051847,1.5746881921206364,2
0.2610494133354047,108.49393960332286,3.065065574754272,0.17829702722714236,0.559151800573517,2
0.6542587958926198,408.5774799566188,0.5062198012251172,0.05056636884851591,1.1319403077478436,2
2.675151072742525,511.22993541821256,1.5819733787832837,0.16649587117152514,1.1421935509393386,2
2.963862694444099,753.3233472587182,3.795745716901839,-0.22633360616325698,1.7250588081666165,2
4.074566286577783,226.80001293651696,2.450580455662977,-0.3019503684171427,1.1208846244704986,2
1.084190687174287,390.09110276222395,4.623803105710672,0.1351867320471521,1.3780486971783803,2
2.5937796086012,221.60074452731163,2.87459786677541,0.32124989187553654,1.5740075548116186,2
3.84046844768691,965.9162957717197,3.044310857292456,-0.0962323096431788,0.8425127408507829,2
1.2728140990235095,631.7467034029784,1.5502136539806668,-0.07107230394861913,1.8539905127310539,2
2.081714545838223,692.2965339666683,3.8111418139815627,-0.012623491844979559,1.430998239769799,2
2.7235511821650054,40.84489707464973,3.548713123158441,0.33905439320806396,1.7458734877823643,2
1.3935162265363255,205.16777300363842,1.7486000553185774,-0.015083015471546645,0.9353316886020246,2
2.2246414335543645,779.9321002799617,2.81446551941454,0.09522952997944849,1.3285599005977322,2
3.5597622955020154,897.6056238338181,4.517451986520884,0.12507426226717658,1.0686304420226174,2
1.2969538226309905,382.28599256778824,3.4333371133341086,-0.37269852015100213,1.9062302782390093,2
1.9643870602835132,318.7831472022818,1.2815497077299562,0.11518885187594133,1.1306064003569491,2
3.3009910318630262,683.5814409374317,1.626921786071405,-0.08429707939745303,0.8534258350919832,2
4.83520667282246,461.3539016153405,4.882145886898653,0.24857226919476388,1.7578900405362932,2
0.6263206621274906,759.1659867900408,4.050133494734038,-0.017887516319919715,1.5067068343180856,2
4.159788499403856,316.1784886013162,0.6864280426052822,-0.13334031805634144,0.9883915339344205,2
0.32459934996100204,938.4111581092611,4.469720700841524,0.15319623604386032,0.6384871344939432,2
3.0875170398387235,284.80586656965625,3.956378091780469,0.32699382765688834,0.928959286462118,2
2.877757876904717,431.54208611785936,2.4397532745699007,0.5106918762777465,0.8101222720224093,2
3.4190620655414556,509.9242500501671,2.595381014299067,-0.177706892953041,0.726608396633384,2
2.4578052045415437,58.706127149226276,1.9776381654623314,-0.2534928922498372,1.6685322409295824,2
0.9489243819940353,603.2048952447701,2.9805856354436315,-0.5057293372408124,1.6851200970891425,2
0.4447148067158333,913.9754928395347,0.4627942854068233,-0.18393547587136452,1.6093174180103462,2
3.9967422304228,129.60797321146904,2.381174724354804,-0.31567678168120206,0.6006630043569938,2
2.555422909209798,504.37560374032944,4.143128144694675,-0.4128035941042784,1.6558442917449785,2
2.192734757584535,923.6542548265899,3.9272695938603768,0.08835699812144647,1.060523048218605,2
3.6068301920761705,34.24185363410493,3.4081186545660747,0.16178437531412104,0.8550177126334191,2
0.8078932236527719,661.644649347396,1.1637521494165528,-0.26416597663905017,0.5442104905141938,2
3.415997116803456,993.514528704279,2.2755763764525483,-0.17197865664519535,0.5814382989215469,2
2.1370050057396646,496.9123789443124,1.2675533730038708,-0.20339427730015205,1.366026631968219,2
4.864128490374023,880.2712393848551,4.890010101832249,0.4330298084156046,1.9120649433682864,2
0.9625494972065768,150.25707094544074,4.8843260491942875,0.11010132616471556,1.7265288390084037,2
0.8941870639196788,583.5241811400925,1.1232707898648082,0.6088516027235444,1.8111811310324,2
4.933692902829594,608.9508760531616,4.01769509906605,0.08550675629034471,1.8991867675396257,2
2.953825793946364,595.2091533672195,2.9448851827151215,-0.22786282586349357,1.2497604653335421,2
4.9495317765023605,695.6532861510207,1.6186381827077423,-0.09319409035904831,1.1764363803541271,2
1.4987869305772108,941.3420578332754,1.7702904403058501,-0.17224541496677565,0.6853562989354667,2
3.9998804892179556,968.1716292165355,0.9517031901196839,-0.07849301859590768,1.966343889127775,2
3.382015026656395,975.7111754366672,1.4940564823994154,-0.09751983708470206,1.3109027937995978,2
4.301895642428713,267.8388726506593,4.9104478111527845,0.011714670749128572,0.9745451838129937,2
0.5442534906724243,124.7606370125592,4.082179902324138,0.017516830414721758,1.029385154024649,2
3.166372556457301,821.2446806256085,4.202450455167444,-0.06884927377186668,1.7058899424805913,2
0.372125359827597,768.9093921580078,1.3577654720102008,-0.045714650503802606,1.292042116709704,2
1.3106314664931378,962.6573213821121,2.730790523027959,-0.38572349943285694,1.818942785485147,2
1.9401639335292828,979.3930824275844,1.2644654813662408,-0.2692233071250443,1.3052440697076086,2
4.9076006803128465,778.979407167951,4.452417843656695,-0.5115924452026395,1.5744730277224956,2
0.8672189069677736,600.9410718642046,0.3444959356309428,-0.06977174381388648,1.0939143458097367,2
2.4369798768091577,495.64947522086055,2.6103719489019195,0.5142990327305721,1.0119335098540052,2
3.538118112114367,913.1310287295663,3.1726848489860555,0.18023479725719588,1.8881133917215238,2
4.732691730414094,711.6065788775035,4.781415548851168,0.27969068035834416,0.8676605466610094,2
4.99111978979536,875.9553556132511,4.79701929624126,-0.1031199415516121,0.5202532741091874,2
1.2143965705255257,398.9297830112037,1.6106564233663547,-0.005212563083946221,1.2066529773061299,2
0.4476010121907599,997.12103046223,4.690244497264589,-0.3323415513555246,1.9031690675224284,2
3.582414922238519,978.4489486750937,4.466058710330597,0.2979689518539369,1.919993688236352,2
4.471192373220373,68.43790804612014,4.4274095818381465,0.07076630027493333,0.7245915652636843,2
2.3163009702961093,946.505517378393,1.0530364592345458,-0.30548772010430725,0.9708355761808584,2
0.1817934974597479,800.3372821970972,4.380230263979948,0.0327746583877323,0.768612143645879,2
4.419018312633816,690.2805906530274,4.277283372561439,0.4464138675860736,1.2090875487191126,2
0.5939350572003461,298.8600887915285,2.5475122424971235,-0.35064200465881723,1.902991602194919,2
4.817016828294534,665.9269759981338,0.5155603919038725,-0.06829146996175464,1.092337928932515,2
3.3665660702557982,448.5495813976307,0.9441384476109141,-0.1850082152223645,0.5098812116029783,2
3.285350130912921,20.50294132499505,2.7934201198474353,-0.011655507600910225,1.7634558595423178,2
1.0114770773341955,364.2989316558685,3.2902731683827473,0.1481523272811984,0.8976848555246801,2
1.926249362351566,600.564222647936,2.4696947566336136,-0.31287868351852005,1.5591658044855417,2
4.087593462574449,826.6224480130521,2.3837756649699586,0.5501077107915117,1.6304267134352028,2
3.094559687450472,834.5807992053044,4.899277525545428,-0.3016205858434489,1.2504805984610026,2
2.592629936723258,395.30144432768907,0.1736431270193167,0.38345156212484904,1.7386318832046712,2
1.8779884675562757,435.0295471921116,4.99588073707402,-0.025691090274569697,1.5137539038056633,2
2.4118648594157976,457.2332408486503,3.027599805365479,-0.2141191835195697,0.5734710567558925,2
2.7023805795990032,663.8637743712321,3.5559329201342154,0.09594816319175478,1.903278434378643,2
0.3868404613604628,67.5679897573495,2.7216079169086558,0.19148186324928765,1.6117139890822678,2
4.232176831905114,332.6563591324978,3.7691114523986853,0.05292472298466371,1.2233905919369161,2
2.052908917333684,711.9424956339369,2.9211023261343967,0.28023265566220684,0.576150494873689,2
2.5711060986094743,346.13515466586983,2.9595619637272303,0.0015657336457788947,1.3139513473631945,2
3.521999797239438,833.4600838435757,0.7960059537200697,-0.04585999629936602,0.5761791572196242,2
2.5011961282114417,690.3958594135746,0.32369594634209425,-0.06965630894573384,1.750547096344563,2
0.31823469326562154,205.55532933608913,4.2253624385036535,-0.058192907408438854,0.7839901920410124,2
2.864672465100017,403.89204827003874,1.5128304993052564,0.15360757411338094,1.3445109163519011,2
0.2306288897945185,349.9322727382427,4.186382548003916,0.1115068598139414,1.6147917957374567,2
2.6670295170604694,883.6836938517539,3.0273809628367325,0.10982007256155367,1.7324813643399235,2
0.6648988468699596,654.7921512051705,0.9613741728242929,-0.04790591929850597,1.6282848876959832,2
3.95224566383093,560.7750254009358,4.432693239199298,-0.12446282163908853,0.6129152201652928,2
1.6170735023735352,934.0348080158834,3.9057850923472075,-0.05383854110614033,1.2667085155858318,2
2.9839549392824916,279.33587014699657,3.518329059386609,-0.3436754739689746,1.078056123889671,2
0.8086763686269001,745.2422858032328,2.6986346474499086,-0.27352474940236365,0.745702252093156,2
1.0138414062342387,699.0414001813131,2.2944934599406217,0.39408669760283177,1.7403167986267667,2
2.7100418993979614,207.49585143305725,2.7189856024296537,-0.11571428469553532,0.5038702916986109,2
4.8314746288536226,926.2501033401974,3.126617289153222,-0.067240734427868,1.3920075603459,2
3.014681396106599,714.7550190345435,3.1611443592963986,-0.2522890516729089,1.7478552087242227,2
4.577993404046726,515.5350890022893,1.6485412753311723,0.918191306042356,1.0623170409388485,2
1.6862716840806435,308.79711616438465,3.0439621677198434,-0.2468707193689652,0.751049789758599,2
2.5212190581566376,998.7477279739011,4.7540111421428,-0.19483653148151991,0.6131856570994401,2
1.260419013191756,682.4073203262358,0.35426130956561885,-0.22196952233206582,1.9508199284710104,2
1.5062789478639211,81.97831003412348,1.6371180391069056,-0.3138536586649993,1.790571102697986,2
2.3217588403181337,224.52515620657547,3.5610550260391256,0.0057670597193113056,1.874865676657644,2
0.20033801991096933,220.57595771783312,4.757350024247904,-0.019144954340677135,1.8969384590756906,2
1.9577210048463642,89.38618630848462,3.7124679219991235,0.13975845438296788,1.4016010459880701,2
1.8043139644438813,226.03952960490219,0.6618607503118727,0.5923423798360832,1.1151676219357047,2
4.37449555090081,981.2598560632381,2.3556443732082926,-0.11577020589159827,1.8231420065665538,2
3.9398747767108757,247.74376414910512,1.3801452393796245,-0.11466169164661587,1.4783240022009014,2
2.456667873791556,277.2577070908064,1.391540539403719,0.30100696740863925,0.5365237963238637,2
0.9828854708809484,401.87680724305926,3.4108940288987015,0.21411450425827575,0.7121045475376181,2
2.5779251073424545,523.7804612762902,4.463524355499192,0.6767045156410648,0.8324593722163977,2
1.724718262010189,532.7240477384735,1.2683465988946323,-0.18857460235844714,0.7816541557190209,2
0.5912752883992315,178.36491083047022,0.8780694851620932,0.13493049272562888,0.9729980590951544,2
1.4164498142713784,637.3768493985797,4.960187177152497,-0.7662373240116529,1.5390128756916315,2
4.2869590503087895,598.7336213461286,0.2898252267449334,-0.019740779867300186,0.7782026866255458,2
0.24181679352347904,997.9471991553992,3.3913112368508296,-0.09493577763726346,1.9403523288896805,2
3.4852840555733966,778.7921548042013,4.988272719936171,-0.33111311915355024,0.8592510743614923,2
1.0488244046919517,884.1263035234364,1.2635672160655604,-0.24842725840942548,0.9900374942546153,2
4.141543201771319,559.8538098362271,2.040872619730879,-0.22958168718942035,0.6676741633747256,2
4.126764785733748,391.71592432364616,1.222192867006034,0.2567287557795395,1.7771601496606486,2
4.084178473767294,648.1065104523489,4.614791354203984,-0.1907448993303407,0.6678684743639861,2
3.9900715410989522,19.213813422997983,1.6406156438607717,-0.2828170673676966,0.8553552591484123,2
1.5949089797377385,652.6025189709371,2.4083870399771627,-0.19343606064051694,0.5750385656012433,2
1.3294819395375619,671.261310433186,3.4163968500643005,0.42221971227067795,1.0092389490225941,2
3.131725007635026,899.1003275186499,3.394389857983151,0.13942873491146804,0.6574075318402646,2
4.7508529978981455,509.8348584305224,3.683317747647191,-0.009450026301427036,1.4694840590706317,2
0.7875031801527614,347.86278618928543,1.3721060384456938,-0.41751672824437214,1.2082876144868095,2
1.6634053947860734,597.9697047851445,2.068597698883909,0.09843430631467336,1.1928201986885005,2
0.895517711968694,77.0348844390729,2.2799563044074667,-0.29936258202554283,1.563256580976248,2
0.9122127799920703,51.72633838573749,1.4587717186643856,0.4572329379021278,1.3662343148997402,2
0.8473423244658231,472.6463586595587,4.249523113672385,-0.08182365031366029,0.7171480504774934,2
1.2634102853266764,347.52036137101413,3.7792508920839722,0.6404134236040331,1.043581620041721,2
3.5277176961282515,510.1580985435378,0.7699066956996021,0.47968026488641524,1.5554753768861422,2
2.9120731296991313,284.7821399180148,1.8630206305781571,0.26640387249308184,1.821086987018041,2
3.8728248059036514,803.1497927987787,2.451516186315995,-0.14596789513367475,1.4424454076581652,2
2.560719411316894,779.4207197439431,1.2330630332388237,-0.1266984323807502,0.974559230405359,2
3.857894752941012,887.2720652273779,3.444697794268902,0.3660583671501527,1.7629832516875694,2
4.796751044952218,708.2888025828188,3.974297824197794,0.06188174182916397,1.7919859145857504,2
3.1739613986344266,269.7190889124222,2.33852602636294,-0.17824553287577888,0.5266018740140352,2
3.9142077605501466,257.095563541675,1.0405500410877615,-0.12014668243118862,1.0423640211982925,2
1.7280718923443181,650.0941119956977,2.5195452696800302,0.13605207868230432,0.5805091677515299,2
1.907739855476884,333.6991721863134,1.0143514063629553,-0.16528530510344824,0.5133498224726565,2
2.2345767027035772,995.8706643256282,3.517379743566111,-0.3108341181338485,1.9064943281004534,2
0.49531907171989664,153.3555537627785,3.727676584940161,-0.059476610442109334,1.802618756648846,2
2.068651709981087,56.7098615002585,3.353113017735868,0.2741722684524605,1.8869328896737327,2
3.1856677178683386,754.4198956884934,3.4207462946047635,0.10436803893597381,1.3030403381550537,2
0.5960619566231776,817.3053690341316,0.48110865531576985,-0.19380019415060196,1.108037650966861,2
1.1425923363065291,840.9672663109333,4.684808856773139,0.024827495608180296,1.4410098898598305,2
4.6943142181599855,709.344486767368,1.2171612297050047,-0.062254883618710344,0.7706252134303102,2
0.27454727536686485,820.8780130373686,0.3050919761678651,-0.18962791409160434,0.7794562402311405,2
2.8664878531387687,506.006032210892,1.0563717811422642,-0.15241153682976807,1.2329597396327456,2
4.938300395280659,22.250836914866525,1.681628736075845,-0.4992262142407816,1.5228669064473936,2
3.1987219270978047,357.60283343402745,2.9173644451028213,-0.03577333704266806,1.240227433814286,2
3.006662115888787,331.2942969550669,3.1022173600261023,0.5378380779940073,1.8882597395675993,2
1.1708138751781583,73.502150581992,1.509258701941378,-0.014988017058670011,0.5948719213465525,2
3.3133552019326133,710.8179005108375,4.953676703051197,-0.29930822926057044,0.6131692664101005,2
1.0989100388043125,190.98141458544933,3.932921843107704,-0.036060492455066144,1.4301768913718795,2
3.0418681365603066,312.84817400152167,3.3682667878183965,0.10530194662604916,1.3689455421870216,2
0.5935602946286679,206.64497172717049,2.0548884296266308,-0.11376335204808342,1.3753197520051246,2
1.907822136738605,287.8743490165588,3.4761006993082892,-0.012492387628673638,0.5716461729955005,2
1.3994719335099657,677.1735373407928,3.972666446903197,0.9193693093638848,1.9858934964604162,2
2.9201949434032226,147.0952647149149,1.3695057666497186,-0.26986550825037725,1.0596084657288525,2
0.811891415560324,892.437407226715,4.46128270628646,-0.2662889492744989,1.4690650101138873,2
2.6833935562005746,974.872834103702,2.2084381668910003,-0.05948850344660129,0.6659240366802286,2
2.5394758350082776,765.1387163562467,4.002745611744032,0.1955139977010457,0.7946925991401259,2
0.2987298731333824,936.3944499561273,3.2987287710588897,-0.32409234627449685,1.6913443331282156,2
2.1880694263524574,178.4226347158114,3.2126099733494495,-0.2667337490150142,1.876965277936513,2
4.03419730591267,882.7429097571857,0.5583693616996366,-0.04791585243458623,0.5072649891523185,2
1.8769160802408402,664.724759608088,2.356101203517292,-0.46041084901734314,1.9169289340107223,2
3.875719921734184,500.85382022082854,1.1067027673456158,-0.1372552955930987,0.9500399468843977,2
2.1526446797380485,123.15302466452015,3.182909889606895,-0.006874589749807725,1.4363696884783885,2
4.463173715485176,58.17663668650675,3.912379455510554,-0.4141212429043099,1.8023473794085556,2
4.317617237198834,944.5030921486408,4.019702670726229,0.048261168771863865,1.6858526000590839,2
4.474135336073654,424.8471313140661,3.622085215200474,-0.06345149276261365,1.8067292771125418,2
2.2220599060458293,432.8850445465507,2.232609703113655,-0.3022382248594874,0.6270326609761498,2
3.871403800119121,197.02661396354674,0.4501814667039752,-0.10884202937067936,1.4812063551042118,2
4.916046464008177,428.9738253567985,4.687296994580566,0.13114348322443647,1.8076832399333156,2
1.2752055976322072,662.8961162451058,0.5713450000866588,-0.22859420393097493,1.4059588960281344,2
1.8345848500848099,569.9590188357162,3.9953954872086417,0.5881342708130957,1.2681194062036758,2
3.726509244014125,920.0323383661619,0.21770148582586102,-0.023427531448303365,1.011661374157592,2
1.0651434079299082,198.43106278847583,3.457022050618691,-0.009938450959502793,1.5258510576709339,2
4.3307505376405695,437.08727769018384,1.0966463359610341,-0.05924051522388644,0.8382449453033671,2
4.698408653203591,267.6808165899058,2.61882852140997,0.027197476470207874,1.3446142634106026,2
4.939984441769798,442.5095297027498,0.34096677067551584,-0.0400194202595845,0.5784305265562326,2
0.24339403013976357,314.2482605647863,0.7204521983457995,-0.09188531490998235,1.4691671362737877,2
2.915568198019059,464.9324223238984,4.000411548002884,-0.26610426438918916,0.5873640594614511,2
2.3162139384386413,359.38940748451444,1.7405505149118168,0.06738494821138924,1.0163319036946934,2
0.637131102101439,349.0300168739737,4.96530203896554,0.39644112521140606,0.8349621249271797,2
2.302933746526442,750.8413329521342,4.760294632118666,0.47558297882018424,1.0914347429406341,2
1.2681788059358574,127.13762634470658,2.8783910841196043,0.14013020636395546,1.1166106790234271,2
1.9758259339139197,983.6130870390601,4.400311870131805,0.20259476158610054,0.6699499711587725,2
4.492271800309705,917.9184113808582,1.3394914464063588,-0.04395666275955072,0.7795820313225716,2
4.479649865407261,235.4941720297035,2.8627344904063197,-0.22138521156832122,0.5360439524119307,2
1.5317042361774857,524.2446966293875,3.456941344259356,-0.16175504387435624,1.5543281602839252,2
4.585947374825623,716.0504310531669,0.7188556469575899,-0.09280285874191097,1.3400546041875687,2
3.720260301931703,624.3799073164519,3.826801182890691,-0.13042265646470966,0.5740941757257699,2
4.873848060286555,122.23524832618591,1.79128600602419,-0.009113872949254757,1.2865955838771255,2
2.8515271957670327,466.8456791116615,0.2193281992486633,-0.08057574289848467,1.1911207897700558,2
1.7520761427128806,496.4836512752481,2.8039700548094926,-0.14228228294489562,0.6899107306209669,2
3.727309642456663,305.8584862845667,0.2853021195405797,-0.18470169103948533,1.0454749278416546,2
2.2510982574855536,94.02396806928809,3.2009638626778805,-0.1029233168712616,0.6276230049513589,2
2.1256575632155106,929.6406032984434,3.822975763165853,0.005256177628064342,1.4857044487050863,2
3.123468765101519,600.7453625356583,1.654909203397716,-0.3688183517586478,1.2209710362753632,2
3.977239188277369,326.0282652326113,3.004919277714271,0.46143713326108454,1.9843553494411488,2
3.0849825415567755,31.237856378822055,1.5609799154593818,-0.239238852949086,0.9099178954549771,2
1.5282209623459622,356.11335415809924,1.3123695756087925,-0.1926849007357628,0.6192954008238526,2
3.0673677426793184,249.0000554854716,3.3740810873580607,-0.13065109962237492,1.9208332634773355,2
1.5892451755219805,547.8177404150703,4.678968430155221,0.13910540953139697,1.290530578660508,2
3.4205081162631683,387.0401233165152,0.17843272833861543,-0.06145208716703098,0.8836502288719943,2
3.0275532038719737,252.77909527392984,2.8769725153040775,-0.3797093492783501,0.9634378885671024,2
3.6881271156073714,864.6416268622839,0.975201731150779,-0.05525408934761704,1.017559562266841,2
3.455397652461864,756.2280279331551,3.549172139934088,-0.25357431782075635,1.1226325985269203,2
0.7031583607193954,170.20423029615677,0.42230083240959004,-0.27791290432443955,0.5912491697549626,2
4.117585162709996,203.45987155236833,0.6508493304424557,-0.1648992725021285,1.2312815137200888,2
4.949131206053401,704.3277742628816,1.7397454860554125,-0.08733880286045556,0.7156727722332527,2
3.0648828275519335,364.1388300047549,0.4194326380827542,-0.19056068103935447,1.5729147511907962,2
1.9609376039090618,176.42816850250875,2.2800002735751734,0.32406996182378567,1.9076828143496058,2
3.397881214552592,640.551258919468,1.767701404586906,-0.15547475043848138,0.5367606070228459,2
2.456430565595591,918.724689699337,0.4998552510947004,-0.07621140982955803,1.1476120824383462,2
3.562780390929192,112.67417123143842,3.1864595749267837,-0.17569879729424803,0.9030984631007833,2
0.3874110021622845,335.02878714441664,2.5286645671789585,-0.2716541034650425,0.8535371997942717,2
3.4797080008481003,130.01642827820964,2.9012691806152935,0.36888365939579093,1.2431218930065926,2
4.749245422547395,30.158261809123786,0.7076158710029002,-0.20644670276688498,0.8379422848051058,2
0.5199144802171954,827.8043850977974,0.7991641420734042,-0.2334407207247019,1.6254679535420744,2
4.503646870421974,698.7358677902743,3.016264465987057,-0.12507100574719535,1.496738848995307,2
3.709827904342561,81.80108292323064,2.675427201601964,0.2558451256304108,1.6308671212251291,2
1.1501012929354624,260.0985668461168,0.5421835586494848,-0.1591926818412824,1.249463758429327,2
0.3799210466800328,320.4346311414599,3.621221617183604,0.03072355847211672,1.0585258292086681,2
0.731657744685293,406.58150182039674,2.500464461194441,-0.5073127684056403,1.0146228409181615,2
3.4561571660174155,857.2138132131315,3.9327245632815186,0.14981979347692218,1.2270059850021224,2
4.200449453401021,757.2180914495659,1.9684073044872874,-0.05871356910679534,0.5839515814093197,2
0.4813282590985385,748.5946080321128,4.619236191505309,0.09487880773247888,0.861255387466251,2
2.5670394502715035,603.4510834843106,4.8993470886012185,0.22189209325301187,0.6155864886597657,2
1.7847721985617855,236.39897231802152,0.3199375733238233,-0.2412313726073006,0.6212546201851548,2
4.607680773734395,565.5196582909243,3.0960569682090067,0.9920858849499405,1.6193114846345997,2
0.8372135590666161,628.2704158539441,4.644727185008882,0.4555870801967007,0.6009286935760358,2
4.439907870465999,400.2772872388953,3.645847190656928,0.6976839544961388,1.110534639391388,2
3.097738606211975,586.3880083511343,3.5751660368277354,-0.3644130074105456,1.8366805862543605,2
0.4426832035972894,642.2214493965739,0.5990063220631946,0.25724157904956235,0.6385614557090061,2
0.5298006462341741,119.0294425604528,2.536334168724279,-0.16216945391394225,1.943724974235099,2
2.2096981256028125,862.6320307708216,0.7679478457154554,-0.10400464194611418,0.5640681415159038,2
2.3044597447814192,351.2404350048817,1.8343732392131997,0.3640107011288204,1.459274748688136,2
1.5960974050429766,889.1875165962996,3.2837005984656895,0.6542841233522786,0.9983099122001979,2
2.495380348112529,976.7013482810709,4.775079040630247,0.033692554593494954,1.2422211078506977,2
1.5095476381244075,683.5290002235921,3.1018148043210996,0.4326669161629155,1.842865072033149,2
0.11477450008803015,333.59463415557855,1.9883714423954595,0.0594248315490432,1.902596287543497,2
2.393285602128184,341.5591622363178,4.262457607771776,-0.2176931806073165,1.797789559241395,2
3.2252588283438213,326.1407089045318,0.3251535675284944,-0.1321132210833273,1.5508636764385497,2
1.7311344068987924,730.8374625809307,3.740614935986784,0.12321546217333773,0.8702398434901306,2
1.1914781609983147,220.8414257855675,4.986295646840777,-0.18460689847730694,0.6159061793341707,2
4.477248295026275,677.1968764869814,1.9998067706998914,-0.14547558019457962,1.3824108401982977,2
4.112335317020949,442.70565188981107,0.19905204840018006,-0.026555847860260558,0.5055769622667153,2
4.899951471016629,403.5012507389037,4.342428494814669,-0.30959819891886675,0.8093997742118089,2
3.0902654600374833,190.33486059149058,3.992494869469869,0.9244056341472792,0.5962969125691493,2
3.2707847329004625,515.0023588323581,1.2390302422015338,-0.09560632193764455,1.2442154589995678,2
4.710381844193708,208.63453272621038,1.4340643354032512,-0.26905871081177424,1.3919283873977226,2
4.632624967094957,354.8781660095731,2.7656871260458735,-0.1561356734668904,0.6488181625817415,2
1.5085647321637343,520.6685477654084,4.058784077084995,0.2764508710797736,1.2408181305206933,2
2.647165672312372,315.29661479003227,3.1532589907685784,0.13685382020742906,0.7956562087058872,2
1.3845805771150703,819.7444522977107,3.7731825427597974,0.3101513040729562,1.9794317912418176,2
2.189649078746356,470.0095583771999,1.0656526603462595,0.11093983037022849,1.6708468522491198,2
0.14001386353402437,937.8364639761596,0.6105997403965586,-0.01208757423000457,1.3755069044575219,2
1.8046159402688922,450.6243998311605,4.909403411987398,0.09772471039073065,0.9964190196298107,2
4.468991485923685,697.8738833751399,4.112758398272145,-0.14894094048510845,1.7976336873703982,2
1.3331318144457467,555.6091787622797,2.5584716307410336,0.16123248557226544,1.6155936389277965,2
0.35940349282017137,446.55615599229054,2.72748118631264,0.267127270678472,0.7917198767569872,2
4.778917428626524,226.147059157287,0.5455370622672042,-0.10289467418651178,0.6570355699525994,2
4.666078261422594,110.17473147495431,4.612540344962105,0.6813370325587167,0.8311579017362571,2
1.7669624518164264,754.609268541396,2.6682713835740173,-0.20520114538824097,1.5166839038893867,2
2.3358669456938053,662.1744815558409,1.9046038048540384,-0.2926232891760161,1.6246354276582904,2
3.0472873653474504,725.3201957774072,3.6346001897269185,-0.1473250912403359,0.6253997893039327,2
2.8056753190618826,934.685629108544,2.47829669318054,-0.16632570624673174,1.0660479273819472,2
1.2978230879607053,462.0450572499704,2.8244359690717142,0.1612200242211726,0.8673284432567663,2
1.3667454602264266,908.5218733956765,1.6573942765433445,0.22249579403971212,0.8296507468767829,2
2.963286151070885,886.734104599364,2.9336597475017894,0.3452025664133269,1.0226578458368834,2
0.1969406589585035,417.73226010289414,0.8006414088763025,0.15197590281915602,1.8267042495553762,2
1.7288796556197,17.192058082777294,2.4689488561870427,-0.07190812645227578,1.1812556479833285,2
4.730616320259394,894.5756492197579,4.217371642400573,-0.30014020893266385,1.985260608525527,2
2.0105666035816343,842.0696937309075,4.989494478227262,-0.24610771931870953,1.0639136283512072,2
2.1567060468787367,813.8069701327533,3.2706994586847644,-0.07717940532902494,0.6183437177309656,2
1.1320943869144369,834.6675294276998,4.923386505519262,-0.22592154306046194,1.4592921465935227,2
0.326640187655021,353.07474941204805,4.933928127193714,-0.05913148520864864,1.48550212394106,2
1.5961941708769265,200.53010050812787,3.5888338251754504,0.22609951594391114,1.516239419183965,2
2.5280329066581655,871.7776839115002,1.2120168956852695,-0.16901425560012967,1.032195981724993,2
2.6546394681372667,926.5454660546253,2.9588182704603327,0.048487693992721216,1.917201473249974,2
2.2794983425543,432.23519331431385,3.196676816671622,-0.22576040065536201,1.9901308735843104,2
1.8096068287971863,852.8567549590987,0.4194443462588081,-0.053056395991272355,0.9651984031678171,2
1.5022043749572118,629.2360707745559,0.8385358302717236,-0.2327701813949272,0.9680450005813774,2
3.2919160160366947,863.0904084564162,0.381718977460097,-0.04620604637109988,1.5841823787023732,2
1.2188159466938693,181.11064780990927,2.0844310517197124,0.024916369490323484,1.8068496845380642,2
1.355331961588456,698.6004233461412,0.8153758498296694,-0.2724849676492011,1.716891756447441,2
1.0804428981280907,242.50043108858628,3.8134176291463007,-0.33102896653975605,1.5850219848746128,2
1.7109845340010201,922.1462192394506,1.031710466385442,-0.07322040143958833,0.6131714288196622,2
2.0176648318131,363.7689854840781,0.9008539250551827,0.1197268630657284,1.3997177124158364,2
1.1624619568269172,15.016163885950089,4.329913513818382,0.16811444658131358,1.4659579861379182,2
4.923318230216467,48.57020710054665,4.614494832890809,0.34940965142245717,1.7357741193519465,2
1.6859214486335317,884.1125137915245,1.9457897717280515,-0.21250319829667896,0.8030845244456462,2
3.5814672765132682,732.7953054184442,0.7566681437657397,-0.08577120957361414,1.8353801220919421,2
2.953793552020595,731.3849553329045,3.810383308191792,-0.10101406753579882,0.6675988694427321,2
1.8499457100137524,57.417211549287956,3.298655877478131,0.5834818285139713,1.7928722379932724,2
4.744198269408559,469.12336284218037,0.19233026697877384,-0.03608182955332064,1.8521768851106555,2
4.933317145595017,28.094296997816542,4.440913153649376,0.7789490253903709,1.2314205897664183,2
3.846996117756071,954.6896962432979,1.9668216736595914,0.2987525971166541,1.9128986219512143,2
2.0155301931147096,353.2103866313364,4.5242692515501775,0.9480343725018083,1.5196039385140405,2
1.5653274417544323,874.9609941678005,0.4220053797260295,-0.1713508744036941,1.548341199191234,2
4.761939261489043,470.50840631833756,0.8777832011114737,-0.12428424007279247,1.3402462748548074,2
0.33571754149290556,990.4042229197925,3.6548411046324607,0.04571256749377526,1.9516578398291957,2
3.8512054553706556,334.0000294406027,4.225581270346513,-0.3313722657516774,1.8471728435561758,2
0.2932507084708381,329.5807943908725,1.9192727899408306,0.38239453591048705,1.6839606070270845,2
1.553833273304744,688.3893193862252,2.3551501644740256,-0.3095878959367057,1.3601063469762535,2
0.48757067138365584,414.4371250317491,3.9258999754165806,0.1261817013620405,1.3655582387718055,2
1.2717200982327648,887.193078539466,0.13905922295830267,-0.09274274737800114,1.5971506439744148,2
4.587537981048582,166.34803712640596,4.368832000175371,-0.05608527903531476,1.9644475207012353,2
0.24287637131506742,996.6277620651242,2.4611673976854056,-0.33233323788462305,0.554527913474778,2
4.50550051306565,341.50283541616886,2.9146582038451854,-0.32808431131499644,0.9364236613404744,2
0.1098010578343484,749.9829515234111,2.7342676864211466,0.27303211539001554,1.3653113773079726,2
3.5085658720794397,376.2550386835648,4.918896315935145,-0.39128400350256365,1.7803961858910853,2
3.975348150049004,804.1683001348807,1.5974528319561818,-0.16588068765504171,1.205360979213524,2
0.9817411525454138,684.6463300469247,4.553832288826853,-0.5342290567481995,0.9734059708904236,2
0.1811035395711816,667.6119661665782,1.9453785633128038,-0.04039167699816499,0.6952316318740259,2
3.481350628621003,799.2468943700991,1.2850804207149429,-0.11213375875768773,0.9641974209936467,2
2.2937699727440513,924.3364221967676,4.152135170812584,0.0689111975135568,1.0035470606012948,2
1.2476806179942321,394.1944541990459,1.3828606623177697,0.22367638548882307,1.4587561945621887,2
3.474291672428043,502.15995306655725,3.4520837309427237,-0.5460652019777602,1.8431715396282744,2
0.5945971807256545,238.01601285640396,4.829114185520459,0.20309592453622377,1.8668288708284155,2
1.461773550408995,818.6056573225457,2.93038496435312,0.5049657826104439,1.000426832409583,2
3.463319812767978,323.7466522021463,4.199495189769806,-0.12485453466463489,0.7717191977004731,2
1.4291513487815681,53.33437098625784,3.9918937597443493,0.17014559714259472,1.997795809611266,2
1.3921849953446286,77.13657326947252,4.400853433667274,-0.02450301979059622,1.6580967829549447,2
0.20315946743305124,773.3805574950638,1.687597345009765,0.07825326477689393,1.4740649249048325,2
4.2740667795987335,470.2987255973033,1.7500452135111144,0.5011077413704373,1.9571774913080182,2
2.829934070600169,562.061978102232,3.6222262294612495,-0.3757366322216567,1.6998396599680472,2
0.7642528597005318,677.7519603267747,0.8670269055329092,0.040221090168074396,1.7633338388385766,2
4.24548004639227,982.2182992863461,4.756603861183142,-0.06280925466199742,1.8538324001120183,2
2.3673582398239956,913.9776139093129,2.6837572674216825,-0.20518336472421123,1.9442153659827206,2
3.7841891492363096,884.9106562678188,4.632511446665466,-0.6835430680320335,1.5855607953652562,2
4.028251357395184,703.1976343656406,2.0038865944922684,-0.16982557957145253,1.7512375771872832,2
1.039432606014552,227.72573950659796,4.025355315876397,0.4120369606195955,0.7427237751432411,2
3.898143475400552,891.4854801123765,1.8304155173739718,-0.3401953100336178,1.7265729344836749,2
1.2622322165789157,295.12861435521353,3.658081148700423,-0.22557788919093977,0.8624720809983417,2
4.272367769984839,736.1413667249369,0.9235662429635406,0.8844098258463909,0.8726696789487314,2
4.8403548604222175,829.068769291012,3.057879349075658,-0.18210293145942236,1.857563596930282,2
2.100373091792846,278.5155644702018,4.873356379495634,0.12495497717928268,1.083853713109085,2
4.0855597693084995,209.66741991765429,0.6981678360594515,-0.08590283450092369,0.5322395312507829,2
0.8610453884933766,350.40370374923504,1.0721429806690503,0.7469777717714782,1.4982617559844997,2
1.224472333168848,320.0730574944541,3.0698394633405344,-0.6391762738502146,0.6520933350533943,2
4.536326103576254,587.3020374350142,1.4129770866936329,-0.20937709663395218,1.0836810947776152,2
3.2088869379353846,996.3232201442296,2.3163468613477,0.2251866451690453,1.6036141751766224,2
2.5967012517568335,752.6757729667803,0.3721628887269842,0.40603841472648755,1.713818475919291,2
3.8815051814980803,572.6721361887872,4.172839416627854,0.2835942928425766,1.5967513167798897,2
3.9593076007387262,296.04823772275427,2.394085139127163,0.015331426540105827,1.6472181417375704,2
0.5552191766144408,920.8368161493149,2.800249164852311,-0.056500744818664184,1.0608514224093109,2
2.683291222627902,98.54720253450046,0.6992050516757636,-0.3589244271528222,1.852511389421895,2
1.1869832434028114,406.2837544152119,3.1856450598413075,0.5086937977015846,0.9994277699953086,2
2.314584415641929,384.0555436852146,1.2350813167326222,-0.45224082573319996,1.800920391017772,2
1.1748671829329114,908.6603815678175,1.4477931540663265,-0.2639049963864819,1.1019093414639296,2
2.189823676072965,687.1770517083922,2.439070141765419,-0.20330705892708464,0.5779654323690024,2
1.1104057788667216,227.9340936663513,0.40628398057129533,0.12600238655035662,1.4466605471928304,2
1.456434940316461,268.9382186314676,2.295384078559325,0.05457630178189551,0.6649532953499637,2
4.023934496582706,182.70155856537474,4.094868912964798,-0.25014693477477223,0.6702992959964393,2
1.9202518435762324,861.1535975954251,0.31470635314529405,-0.11557127470265421,1.6171759295433306,2
4.724436596460184,490.07806121068467,1.1038569899381068,-0.15172867368621684,1.1844509213675638,2
1.8175692721533425,601.9265424001635,3.110693416808649,-0.20442501244280722,1.6215776940050075,2
0.135093386433015,592.5726676723441,2.9152681531865134,-0.07901565642152933,1.7989178847641258,2
1.9090368835728195,588.5896690028088,0.25996657605261086,-0.06193794039854314,1.0602670320885759,2
1.3990664324871962,594.1010261619188,3.426855640840259,0.040587381399101286,1.7580747188596342,2
1.9126156388049362,762.1739424015198,1.457004985453711,-0.2008350077752235,1.0466877623928539,2
3.6457245484237855,741.8688966150803,0.55275799593682,0.41610232314356765,1.816915203059065,2
0.4811962688940138,67.00924838534972,2.683802339505325,0.17200876726193423,1.708333672433098,2
4.260877819770963,835.8642500828362,3.6584815624648055,0.21195209034760334,1.1916394265219128,2
4.481073798298691,444.3910826163174,3.0710118359981533,-0.20177326040954757,1.5867474491573388,2
3.8952732749593197,565.7309685215444,1.6920608220788464,-0.34397774003424475,1.700746726438793,2
1.4310677461292953,271.25500642122853,3.9056520766901435,0.19229183139663028,1.233096082673432,2
2.1844795719194856,585.0484591698023,1.750004463800292,-0.285232910276316,1.2311531741162547,2
0.5127515158810125,458.2901500177373,3.1946040258541526,-0.10316010279353889,1.5250037593055044,2
4.140892839645665,643.3361584983663,4.932195891872135,0.2844207328241253,1.504131237800949,2
0.5126648063305809,517.7234680892886,1.225928494317772,0.4674440111136462,0.6456670339444143,2
2.6825783145380364,518.9111812897602,4.802481144781114,-0.2099237897783798,0.5136400983063496,2
2.0579253501922743,207.76080790755984,3.1497024811095864,0.2676275560894382,1.822088408592837,2
2.08749884441456,824.5552487139508,2.116431249364718,0.367473967695522,0.6441612091818042,2
3.0050093996117777,366.56585234781227,1.3278674134329924,-0.2945436258310605,1.7047819428217346,2
4.955930118912454,623.0385666320076,4.697228342619937,-0.26047319959497756,1.21740711703237,2
3.4743875900477588,477.36146176379617,0.9157706288315678,-0.08812632752989563,0.7391094258813041,2
4.3578151425227984,44.3905590958891,2.299124331709364,-0.49883447631440764,0.9394883568996153,2
3.595707018156838,352.6301127099684,2.9983395972591285,0.06645833033154223,0.8022549969442809,2
3.976260558846801,389.8264089286464,3.4876289186590066,-0.31952320299949116,1.224710288142768,2
4.46257627697237,637.1059097826395,3.111843685572692,0.3557236272759842,0.7267347035728808,2
4.410755247649944,105.4213219321181,4.374670560569558,0.6053558784753376,1.2028713430901499,2
2.40541006381001,303.2761068562377,4.861179132829837,0.8601127696552205,1.870045224157183,2
4.592971698331115,724.1236907728419,2.049951757647255,-0.2423081983270486,1.4225706654471575,2
1.3813084148446113,235.64592993611993,3.8231960384510035,-0.12879447417356366,1.9825512000041454,2
3.3364648817327156,821.3163312787467,3.94651214772704,0.28317123891141727,0.7755538109662482,2
0.5000860212518295,220.356494297334,2.1351026061178406,-0.31051725330345636,1.258766106237272,2
3.873986011400827,852.9361879063939,2.4215151512408166,-0.203969349811644,1.0099517692520896,2
4.240192122933289,578.6538727010904,2.5910348679073145,0.05544264084257793,1.876925041636711,2
2.9230215054220148,292.98938089636073,0.6773982413490669,-0.16102219367840645,1.6389796637172762,2
1.5623620090470878,68.29666028128912,3.0376013760706013,-0.282532541006323,0.681532393227976,2
1.858978337725211,935.7718130625296,1.4998358909393446,0.17187509746094046,1.8651328540505636,2
4.480213188301313,96.26396974628936,3.647387372876385,-0.18154885545879365,1.182400644896275,2
2.7278369929931237,500.0391668335779,2.1389921089783877,0.10131905936892809,1.5957121471198261,2
2.35175375858618,474.87574744094195,4.853363660534885,-0.018098575859505327,1.3292650322328925,2
2.7050119250323372,939.7955275123733,1.2308036135490292,-0.08100419945512784,0.7677224680404784,2
3.8398252834983753,880.655042988332,1.9814021929105654,0.9715532283694297,1.1040810856756291,2
4.245992407580847,987.0492890669694,0.7548957259638899,-0.06947055908482003,0.7645229517676531,2
4.521940692029713,112.62876360341633,3.012849823153473,0.3955516565972378,1.1772252069285503,2
1.8109081950395307,352.0137274971518,3.5640062211591714,-0.4014991141456066,0.8458458982475059,2
3.412889450745646,867.3743027268872,3.423794430591416,0.7143628104924505,1.6688295121731076,2
2.2898872435771724,416.63666761805695,2.2952799436350917,0.0958604593622543,0.6296796886773783,2
3.970339529441682,46.20714731141969,1.3591363727799,-0.10305650495175668,1.4787055518978183,2
1.0593000204862333,59.30804973703919,3.5055707286565694,0.13289413933104527,1.4203496792532118,2
0.22165169156033637,41.4824239463055,2.3055782002760985,0.06783786999545305,0.69801819084675,2
3.5659792815421305,243.75655482622085,3.4718769139112733,-0.36287581233569705,0.9039370899374843,2
1.929200314646073,791.8961896839747,1.3283288260404693,0.20880533016898373,1.1339711148902563,2
1.774164117836837,112.92248595628017,4.535094853075408,0.6615537425679031,1.0388774378284031,2
0.9684946543830467,473.4843275356355,2.9630063301027367,-0.2893434195208265,1.5180274159852418,2
0.6355991060163151,734.4608206015579,3.573657405422429,-0.19752907587298543,0.9268307961435815,2
2.1662243123593417,410.7342591224065,0.12281899759841992,-0.08561131339063316,1.401909427239199,2
4.494441975623923,187.76871584858714,3.5934727741180224,-0.4121384146713997,1.6573576154624892,2
4.687817171122716,320.854588751879,2.5203477065147757,0.3516879129263474,1.3873534359604045,2
0.11455372388378073,934.592838726769,2.1018333744292983,-0.02409857493850597,0.5070832719756392,2
1.462668104866222,77.44533892341678,1.1329552869771546,-0.015920573149091472,1.3886691185310363,2
4.493625999221569,21.77604392259412,2.0656216483218084,-0.21480680370863986,1.7117666910637546,2
0.7725479285345459,687.574136986151,1.7201168783909802,-0.23012418729370115,1.898404151519748,2
4.2356768238977685,403.8504262219065,1.340612370446379,-0.2468029856949318,1.4237146053627572,2
2.5725046846147497,697.036583508388,2.563539407915893,0.10104829036658794,0.7864636342202325,2
2.3844533402134203,956.5348264498151,1.9575688220970242,-0.07842006598250985,0.8085258021480332,2
4.195373403869648,455.8022680988552,2.24197765476153,-0.08704233358202736,0.5689370597423706,2
2.895240646341831,642.1173690416906,0.10994621844268684,-0.03215004501544929,1.231621176328783,2
1.4494764115949381,848.9890061499643,3.2421816026305943,-0.13505127853434493,0.5930616136470238,2
1.2855930761065801,535.7533192102014,3.496004759707955,0.6600137027732383,1.352685694822841,2
3.470537098728592,20.190291124689708,3.5268555662516166,-0.2589266919471438,0.6146627201887276,2
2.880956612908264,535.836057928005,2.970303266746352,-0.3614739274865645,1.1084389044839182,2
3.7044983639131805,47.12016939203998,1.5155077443423939,0.5391913376830105,1.9164650481886605,2
0.8209144773446211,981.3176693187596,1.6029773516162371,-0.28752314856915856,1.511428150166481,2
4.452302727291173,759.3113307256896,0.42112135030856834,-0.06349602147208562,1.6561600735684299,2
4.403866970311716,12.850291986970069,1.701265689838496,-0.04528171227237176,1.5064517849421546,2
3.2216060217675784,758.5113806452753,1.1014438520053638,-0.14172317711427548,1.5597692220970574,2
0.5,50.0,2.0,-0.21677340407086815,0.6931471805599453,3
2.9836251366686084,540.8438086887766,2.8552221309271877,0.07712827823881573,1.6563176741902348,3
2.1232431357006774,669.5246467439913,2.6763332308115184,-0.16446732116855386,0.5562144739735395,3
2.147683750194934,495.04382896080625,2.638500648793433,0.7489273238723758,1.917794272030346,3
4.906178037147858,948.3107969648178,3.5587715553637667,-0.18174274359946072,1.7645074132769802,3
3.7544657847777714,489.8417250621517,3.4531810972423127,-0.31383324117560923,0.8859678774287788,3
0.4359570676402861,818.7071432591084,3.08036751696664,0.07875431583724862,0.9170402239761091,3
4.160871292126879,700.6117706438769,0.9723005872224068,-0.12622579976844692,1.7909096858951514,3
2.131376908359283,967.9179788679188,1.1613797953713323,-0.15675073916760357,0.7332489010367206,3
4.583147496479258,295.3599052927311,0.4549742530282176,-0.19912000098932547,1.0963235247753365,3
2.2963304752268425,274.2611224081292,2.6859103344278257,0.013044586271759405,0.9913024377588715,3
1.5987111603874447,873.9639659703474,1.3192546176084656,0.14750567150008492,1.809633927524033,3
4.443696966401266,69.9137811555691,3.9180977199086775,-0.3692082710108954,1.8886748467346937,3
2.473362583937187,813.5360123619316,2.2085417104716942,0.05340236441518604,1.5409712457121094,3
4.576840143233797,658.4779480240072,1.95945640174827,-0.22263688171638085,1.5210898416876595,3
2.7261202947704413,274.78073361774517,1.6363553034834726,0.6820990411780368,1.092523634959182,3
0.5386978697377116,428.124323972058,3.7616590963468663,-0.36858453857137297,0.6830903955808048,3
3.8549385145965753,628.8890510679503,1.282815147144957,-0.12259696469401672,0.6108583477348657,3
1.9068101065665417,552.6120402773558,2.7673094911550313,0.3151292111939972,1.4755265924688963,3
0.1000534933211625,197.17733541601382,1.132743549315434,0.09209625684754018,1.1336970830807978,3
3.3796050166544487,790.1634409342208,1.3639397088083152,-0.1770434669194794,0.7603574608262984,3
3.313349895195361,137.21036772031107,1.258430283567547,0.14379772070865632,1.6106942603564487,3
1.559476408048772,508.7289943311697,2.855189883571188,-0.22955070803144698,1.6466553810972093,3
2.2742543419876946,975.590915573317,2.2434250286229203,-0.3261511627699113,1.954179010491152,3
0.5079768017162238,280.44854874182874,1.0119400304921091,0.32725198304057024,1.9352594934895853,3
2.1150893480856396,83.24274534977398,4.383556254678439,0.374827423663481,0.7724438733936151,3
3.2695061278896302,810.4565699225245,4.462566088622388,-0.3346879816671771,1.4649928677464081,3
2.814963564302689,926.4162305019529,3.1312345908671273,-0.29366207314766,0.7697711144130743,3
2.0335810940806107,145.81068904480247,3.1925262729928368,-0.20950160700802492,0.6192468067154521,3
1.0908576401005456,484.3833351760543,4.209373906562065,-0.5246864585081654,1.4689474286740956,3
3.1324111770111007,796.8716071688121,3.024470544296756,-0.27051219765196044,1.6557698419491236,3
0.8428513933769801,348.18540486972387,3.163963552728138,-0.18649713207843405,1.7168444955542925,3
2.5388008005886964,322.40684246459045,0.6653917343445235,-0.1377547766586328,1.2567204992977505,3
2.6680018957159994,957.1241250448066,0.6936367029332837,-0.06361233326585147,0.5856222882637229,3
2.3745637238391204,93.34748817315592,1.3206220826683321,-0.15400312552514936,0.8245459998502638,3
3.613416925098145,77.1159808241128,4.280613118357699,-0.2159056299197979,0.8826944442914681,3
2.1676972477434373,486.0903426392416,4.388074002946748,0.16141243105205022,1.710176312043921,3
4.011962217824624,862.6606185760351,0.25734765124482284,-Inf,0.6813036604514149,3
3.152479703652981,969.018781400713,0.5662409027055618,-0.07681433397582664,1.0817527839147008,3
2.032151309451629,541.2045437608193,2.2859763286112926,0.9806884773135431,1.1614201656771188,3
3.3469807014026665,954.6110943406584,4.486676812967739,0.306532334097283,1.5243086490483297,3
2.7736904020655295,245.84480027124565,1.3184511137427821,-0.1450280136054657,0.5518565151758394,3
4.646759800448184,368.246404765594,3.0063357616754227,-0.3081060257242609,0.7027559906094714,3
4.702199636285522,719.296474292518,2.476243732570391,-0.1227868995462805,1.2878152986688152,3
2.4393010809189994,303.6927453710212,2.4558140358145026,-0.49379083109674315,1.078078999256458,3
1.4619974493939485,484.51270973594615,4.933327957338095,0.29253776369622386,1.7373882130880327,3
2.291882813033094,512.0889097906288,1.306481942859203,0.6226940207799369,1.9935450777548704,3
0.6261425109391662,595.5881731339505,3.906421407373506,0.518376005353948,1.0418500823860255,3
2.773893293443637,966.1704859423904,3.3077418732877875,-0.33126740598625504,1.5538235649405494,3
1.0591863885978872,134.0432073754504,2.0133544350326953,0.25664512673862655,1.2688561440777923,3
0.8605320278459186,839.596442344259,2.105253391102049,0.18895617757151145,1.6739718581948106,3
0.5909830342228031,551.1770737049078,3.6814376617367937,0.2276957470811403,1.6089823137401922,3
0.8190741875522016,544.6324035566012,3.0129837249356237,-0.16068351799984895,0.9895664339956021,3
4.017199161573096,977.4923986274472,3.802378062565251,-0.1826094691659854,1.3788176655210163,3
0.984048326706286,377.5703588107968,4.130904226772973,-0.012608447938882678,1.1954788936664056,3
2.3855731987517084,336.20072970240705,0.7984119815927307,-0.2562726936403393,0.9865001534131024,3
1.576482994133952,55.176275405765296,3.720003647106337,0.1259876079757166,1.747092451484948,3
2.322468861122042,658.0163067007254,1.8999814169406832,-0.25216888276401145,1.8814931157715356,3
1.6465363569854905,587.5120002532266,0.4298681003238659,-0.11545508309212484,1.050569522250992,3
2.8113057161270825,87.54449967390954,0.9523257894558946,0.2029225207668195,1.763787589275372,3
2.6515318635646303,740.5237324076677,1.0539835541608034,-0.10872401008617859,0.9009359283868751,3
4.639980316640391,106.19444184685193,0.31045892746416237,-0.22872756994117716,1.4886524844632913,3
0.9716207755148186,834.0145491560584,2.3884205416185407,-0.2882086895182234,1.3442314753236493,3
1.3765458082793236,232.33399768743865,3.7435375422348165,0.0945699117081154,0.9614824248823756,3
2.778704186100062,116.83173439963615,0.27227692037385676,0.48261313097967923,0.5362329897241495,3
3.204333385914656,402.2853811727887,1.9278701999621874,-0.2077465830636236,0.9234359001379651,3
4.693389403118328,555.7739405047972,2.8030907899509088,0.9474254432191326,1.3764014637759372,3
0.9857747834421161,912.5925341969112,4.816608718782563,0.25186907503717837,1.2230379556860187,3
2.278357919409831,294.0923702800161,3.659512037812024,-0.23538527057392403,0.534543994104394,3
4.660073378861516,947.4744596871561,3.708523393178297,0.17465022813081443,0.975700482981522,3
2.4548838542754066,536.3922307823747,1.0794783381544388,0.19486120560904732,1.4875242854608972,3
0.23027963180210034,718.4562676281037,4.870150044363604,-0.18829753575973518,1.4675454815472952,3
4.800394978585932,960.5850613743106,1.1567706784224703,-0.17923089037263473,1.5247150083030747,3
4.295193187585246,624.2172376730111,2.8971064807738136,0.9305785208774549,1.4460721908816074,3
0.38960194471736165,426.7344700777872,1.8394584526637805,-0.11346865856022671,0.809351965819584,3
2.7002252404349782,261.63566007842815,2.508532727221956,-0.33796120720096195,0.5179330367796231,3
2.5844273725228066,403.717627722993,3.2879223129713204,-0.6488070911907897,1.2070353325106256,3
2.990244507141094,408.15038208737957,1.3172622913677288,-0.087993743492395,0.7865060417697305,3
1.7273955728877788,400.8244040851346,0.44806067812600137,0.22501244377970192,1.6719328968212817,3
3.6020750229204586,981.1428922504276,0.8559674310001866,-0.17179936275069033,1.985482032595364,3
2.5662008095488793,328.1902187910321,1.5092717508494309,0.17178071029235084,0.9612294063056833,3
3.148537900396566,316.41167482526873,3.19043358342289,-0.2071304223868978,0.6266172757838795,3
1.3576970580467753,537.2094300605266,0.948970511456797,-0.25473678781699893,0.8720020506357535,3
0.6586852604858794,828.0539035553485,3.99553197890724,0.08185215088676287,1.3103531972847788,3
2.5794060779514774,91.13401199897783,3.873366584666747,0.11402829697137576,0.6483904692108514,3
4.14144197069916,102.83272749260223,4.77104221181263,-0.5214455506715001,1.8622887162661164,3
2.773573856773306,622.7141353312059,1.8136400611315857,-0.15739990554927366,1.0405372830152613,3
1.1484503455089219,695.884550365011,4.884469290349104,-0.09014137126723173,1.0386209116917633,3
0.8356044649919625,771.0557708354174,1.4469235350355227,0.15525452538822063,0.9682208740569996,3
3.459622459570881,561.052977837712,2.193287865548479,-0.13165516516420503,0.543406619396585,3
1.3095669669214858,264.5594525069803,1.513687975249389,-0.3087047125695982,1.9304536084507822,3
1.0992841527944286,315.3217371274459,3.60654844385447,-0.43095145150187475,0.6797645995114381,3
4.514240002975948,156.04709026693436,4.304128926844259,-0.1592427393828191,0.8065291179441805,3
1.9268968414541503,800.7852299882625,4.689081143415566,0.30367055633421786,0.9273011896665757,3
2.7202221373460453,800.7324069926201,0.580022292592157,-0.11853160029754027,1.6429655483997818,3
1.1074530393810025,154.9886197986385,4.659714996784673,0.09049281521799334,0.6703500689958048,3
2.4297639018936685,676.6252709289507,1.8955054442387989,-0.33318712296541375,1.9202970230980052,3
2.66480997242634,998.5768689891478,0.5524621329127493,0.2975322449473081,1.9079945106579632,3
1.9785878514512472,723.9815028654833,1.3755256836780545,-0.29574090684926513,1.0838447193267793,3
0.7482977500467,993.0506220880551,2.1312211421154044,-0.1522211032337813,1.9161674755570415,3
2.0272623247515202,50.23177449085388,1.8491797138441624,-0.08090039333000917,1.4931220579979847,3
1.2281106039725849,303.600223963749,2.4704410290925845,0.07518854837132385,1.7398310534003092,3
3.396142546377332,628.3031453485065,1.3690819729007506,0.5192391069174874,1.7021159830647759,3
2.641523824029112,218.8795246681965,2.56400427959972,-0.04276125247582036,1.2297695811942362,3
3.19502199460675,333.2974001496637,4.180519462716171,0.029046325736559037,0.6567377611703293,3
1.1186377064241941,556.3016036803663,3.8682337585176447,0.1753687743929752,1.0316945672299411,3
1.6510589834366092,651.9366880620057,1.6034704830494686,-0.042706877804090784,1.9033256798550295,3
4.554925646690561,432.45911022164995,1.4111923207193648,-0.10511355798968885,0.8379107389506372,3
1.0432105440906212,225.8162191433668,4.228239879756124,0.1701356104986452,0.69553540495237,3
4.914073734819479,424.0857695929579,1.6984243233122167,-0.11557122071571888,0.9592888822831138,3
0.11463297551528798,516.9162189735774,4.768995223876216,-0.1915881189216682,0.9253794699601454,3
3.4775818074002465,544.7300340597232,2.968154345271778,0.4584307755600516,1.5232037994376555,3
3.555142058023397,254.00849385311017,0.39666978915102225,-0.09245112037979905,0.9055472023991743,3
2.70334340374239,10.873952352019039,1.2688579480708007,0.90438410311553,0.84247261572389,3
0.6586579719976329,119.80127619875643,0.37680746252306807,-0.2096075752616755,1.60207744166812,3
4.125568353010631,666.7739016558844,0.7101189422541547,-0.12076730281417214,0.8118788294283747,3
1.0404861204081084,801.384750167067,4.6736672196423665,0.2976092678113372,0.9772619963999565,3
2.928067935390595,104.00851577446883,1.5129258638323335,-0.5404731303147506,0.7970525933280512,3
3.6403451189405653,121.69723697070862,4.2483508154730565,-0.507519270191194,1.9439795409387703,3
3.8327494177926895,333.86473926065327,4.262377056076672,0.28173510132782326,1.456215952891546,3
2.494796182856962,793.5773935955815,2.2305327902098377,-0.1833849245907491,0.904890720249037,3
0.8027629206418578,11.887846246516464,0.8620930416312029,0.4353352182193613,0.9574572389370807,3
3.971148893016069,701.3650859324758,2.7482964178694465,-0.22407910563087022,1.706036882182643,3
2.6512877229434335,428.735432271979,2.6992086385866636,0.19931498890591023,0.7114303006489382,3
1.0591202153845258,78.7303402136267,0.9711640112302964,0.3803554948882665,0.9158368042330304,3
3.670005417948237,287.3076956036196,0.14776541550718963,-0.06271548836295757,1.28800009371176,3
3.940684206898822,432.7411278676534,2.32103956532493,0.15724801781419867,0.9108940564086729,3
2.845286271662079,350.15304687590555,0.8332167419530215,-0.23659301605192812,0.5718349502300984,3
0.38526783768344397,183.484989172407,3.948678062240545,-0.06334591298075955,0.5329191954228972,3
3.0472921267227444,754.5221979766744,3.8714287280813515,0.25292017060626665,1.8163900320608075,3
0.13381040363017685,835.6023486783619,1.2893570446657636,-0.044177315112192334,1.4610662045940186,3
1.0768259528479114,368.7039551168083,4.728866926802866,0.18814732739811793,0.9694937832413728,3
4.945132717026215,371.0859008201507,1.1707616132662986,0.3657761130411024,0.9712266451299914,3
4.032314498874839,729.891327077378,3.774585999791378,0.17554110278150112,1.6975695374513822,3
4.424560870484503,103.32252762962968,4.895508432477728,-0.3818727531582609,1.0940652581981718,3
0.17860312338965123,324.6701020005867,2.3192179357610136,-0.04730929566901631,1.2277140364021915,3
2.4475688935079902,971.7369667180134,4.373354944323228,0.2681193909485278,1.8686500849677419,3
0.18129922070287258,436.6022466972117,0.74228446305805,0.10129545206603224,1.6038338399952154,3
2.297108680753678,770.7908183015581,0.6404238017013467,-0.1248579776307832,1.6876065554888293,3
0.7289635927769647,526.4229679889199,1.6734611843136113,-0.07162829036760689,1.0545842296063588,3
3.392025518898265,552.2476243825337,1.82821278473975,0.3769513079458688,0.5397034597001391,3
3.6566254498840496,712.7157918886045,4.352769654741631,-0.4326507710893119,1.7780692755567813,3
4.704100381778305,470.1916924603104,2.4462599494878483,-0.018503718939053025,1.3714652883735745,3
2.0114906421337877,586.6077800077118,2.1894913677913497,0.20092138113486308,0.9860302928735327,3
4.11296234505127,335.17919170802645,3.6063305388624993,-0.2979923398823594,0.6328628639603466,3
0.17649439017587926,367.4740577315228,1.9816155610651434,0.02109936047085195,1.1690272703368116,3
0.5382210247507427,468.60376098646236,0.5623102906374481,0.05322649377784025,1.2494411137645451,3
2.4664416151685806,60.23053183105396,0.9583559952598084,0.46107165391355026,1.9030121884756666,3
4.413464493410575,857.0483584785751,4.075088452168303,-0.23969839302054446,1.7373851253595414,3
1.9485676451376621,332.5117288850498,4.50956613324781,0.880727774130316,1.2564309082807665,3
0.31085719334369,617.3474986713869,1.2565344441745412,0.18302003969974312,1.4859782933356511,3
1.5984037961550857,665.0306597081893,1.5655953443324975,0.3685787334999592,0.6442254020750162,3
1.794367883354933,511.49000055448226,4.822162357779765,-0.25763026306568165,0.6869695235444635,3
3.6640429859580337,795.7072627470668,2.0904364753342994,-0.10106408966202282,1.3276185060771777,3
2.9476019308739128,658.9376288436919,4.466997960928909,-0.028380497753745283,1.5905915322400104,3
4.518453520285083,982.2970995550528,0.38461580976496945,-0.024881421023037645,0.8618972552535213,3
4.381635847749076,573.1745393204951,2.9249745496658357,-0.23092071459598512,1.2806044540758759,3
2.4649651818425062,640.6165880563602,3.30504594405982,0.0474322885025952,1.2006294037774312,3
0.7760511303615985,601.1640703101446,4.333925311463168,0.03803581913802857,1.8956316285885009,3
4.317335034375888,663.2815526470405,1.3315347594265192,-0.11637495100349024,1.1893036748244323,3
0.5167588550834472,352.3943956490032,3.1229952904419176,-0.17240515476552204,0.994344559460546,3
0.6686396687869183,147.7596522096935,0.8644685056523304,-0.13999407799463015,1.8930049234964867,3
1.0314080428853478,926.7864547723271,1.5466859448539398,-0.20473380732940985,0.9662317378429157,3
1.5222315649414444,754.4153340938876,4.297145107880423,-0.23585686978631637,1.6177027427160726,3
3.9813972373198974,329.9720215062983,0.38038759898860564,-0.14430170665100342,1.9027142257889098,3
4.207406463378157,272.18767035311635,2.58049944145432,0.27505997908004737,0.916566703469054,3
0.5604157837026608,410.75841091725414,4.845377641515822,-0.021215761412718998,1.5077116728469075,3
0.2527655077975762,40.95156184551807,2.5271596984539255,-0.06067573830801442,1.5441081386860822,3
1.9925034047696248,660.7513925272493,2.332634499102627,-0.2785591445956014,0.6299417393395206,3
3.331646125760018,811.0256823489796,1.3595661271018369,-0.2034894127747953,1.2944136323302946,3
4.810976277816684,526.4552379422461,1.8151312378794868,-0.3917951891303284,1.8100033561960176,3
0.46747371713143626,232.8219330938962,2.978099883483391,-0.02413383257251416,0.7198626379287566,3
1.1320575313380836,184.98336567880008,1.2982201532095905,-0.1368162335268768,1.7424652523517101,3
3.4193316120869772,979.651975627478,3.785811568732569,-0.02302854107688958,1.8973980393714696,3
4.886582088305951,159.34414310084702,4.397705089221761,-0.09838460343748433,1.204829761427768,3
3.1760116030874235,440.18783601683486,1.7658417577861407,-0.2842233401634672,0.9383559802507144,3
3.5483677325468173,314.8174049680334,1.0386141124099224,-0.33398752577786406,1.2690697012068712,3
0.9483819193829685,359.29799192180053,0.3859541024722878,-0.15941519738213536,0.7867016666561697,3
4.511619653441452,257.3314936631417,0.42720095349259424,-0.08430724134120013,0.7230734882130139,3
1.0276700116206527,222.84038537835008,3.958322124895462,0.5893971716076788,1.5432827677331606,3
0.896291009573399,134.98630664946046,0.9114368955535261,0.01629938851643826,1.484589663855897,3
4.6974518135795424,926.2112652479849,1.964906476848651,0.47144742363048225,0.6296154357865209,3
3.5729769591681695,48.65987838092796,3.160143724150994,0.03061089541789441,1.5136430012848456,3
3.210744769891104,512.0363624705976,1.885885533971053,-0.31206776599536473,1.9918197805776856,3
1.7878850705223612,664.5583148927656,1.5593423290318944,-0.2274314353210094,0.9415284079172053,3
1.964149093346228,482.57741543165974,0.4267328397901995,0.3403757937887552,1.6160289539989972,3
3.853150344326707,611.5765421051724,0.977492989829903,-0.09733310714452932,0.8650598101595546,3
1.9484239417282012,590.064641941592,1.400522429803085,-0.15645860201857015,0.9993577125357214,3
1.423804820004746,855.3331753805802,1.2195744789727399,0.3777886818940759,0.7322926597976245,3
1.2673147651967152,769.0942420193364,2.0416487541053434,0.11569833007514556,1.8816136315735534,3
1.1274005387832784,924.0833412772859,1.9034740176360583,-0.1173849383108127,1.869492102943324,3
1.08777136468986,582.5403871846494,2.1753663351180452,0.9419599976440042,1.8915543407378523,3
2.6002123204146814,976.413235416305,2.8299553307570946,0.15051053549292967,1.455315501554415,3
1.7510202473152563,479.06442871933984,0.6848300542437294,0.9474608054043727,1.6247890087088421,3
3.6362823814194756,597.4049435392224,1.3027910143226533,-0.16275422571038728,1.0647896727506025,3
2.0702253415250778,665.8268410623215,1.0988748907702703,-0.11218820810383567,0.7106938065022812,3
2.6230140425667194,751.0683120079032,0.2357871777350606,-Inf,0.7744024278936256,3
1.8427626396864039,986.0681405034175,1.9670197210758595,-0.11508342904584527,0.839864722099926,3
0.946232123321836,47.4849782098935,2.238171794607371,0.0671958286012555,1.3692389255474209,3
4.391162213737489,121.29645456009666,1.7832508395220594,0.2055921941183944,1.595170926867985,3
2.7700863145164076,678.684124772937,1.226904176523286,0.2767350401465446,1.6957872996491443,3
1.2148055378233809,441.7704047604275,2.411557214868417,0.12327132341202456,1.3776196001935666,3
4.2832227017224165,381.130709350272,3.5164516253641795,-0.20149333353800997,1.190623620712426,3
2.112608265286896,251.51123968845624,3.5502769307290327,-0.13630188745566324,1.2014079839029286,3
0.9952830018819186,524.7513824104757,2.421449656343706,-0.3229294292922376,0.6021797957694042,3
2.562725037840419,902.5670953692468,4.427341413452784,0.31899752243412216,0.6016634401688083,3
3.0217243516824603,525.4858735272372,3.890842449921192,0.07542642097678673,0.9011887702752972,3
0.7654238704858074,449.317732513371,3.847644765781496,-0.17485585811027496,1.730158063506499,3
3.7389559672453947,807.732786856276,0.6695668718865125,-0.05449494875942696,1.0095857032496318,3
4.344825945531678,767.0774286657129,1.8813264878410831,-0.09568152759864162,0.8579417786704491,3
3.4310501508883755,658.0259292573486,4.796467042331657,-0.13039761952289453,0.7742576921735439,3
1.5561149512471597,394.58820318171877,2.0690343487943497,-0.4814723663249727,1.0541253470150238,3
4.797933818903736,968.1267881771007,2.2417110593937304,-0.17883120231949215,0.7133799434830436,3
1.1088793064589357,815.91233169813,0.9971266390151033,0.8936503939117906,1.4081998552996662,3
4.463583144667335,743.3712511785316,3.446849693883558,-0.2569936549966159,0.5173488534610597,3
4.34921958394367,686.4810888937114,1.8970955536347331,-0.11583541300325666,1.062527795141849,3
4.220391051966698,561.6377098337191,0.6427114948887439,-0.041110706097895106,0.7076041765416177,3
4.257672287933131,549.0539300143118,4.92861894727938,-0.06789777407086127,1.9532299828089301,3
3.3570742906962656,645.5810033498248,2.800103704772602,-0.18284410945048726,0.859256641238293,3
0.8293322201615025,828.583153266132,3.8104820564445863,0.7786802851422396,1.0169964988400912,3
2.900158056579111,824.757044020903,2.254741529733107,0.17168170846915362,1.3563896042215904,3
4.569653598116703,338.1715221844033,2.891094933404162,-0.24389260455852782,1.5429057074487482,3
4.13192877706269,657.1204361234313,2.977566954527948,0.12126633998101873,1.2501386943237462,3
2.209962300335817,949.0940968767652,4.039206322117605,-0.37054875246744773,1.7662386799856418,3
2.608967038871811,165.67572470996512,3.8850404983724216,-0.21749100414092812,0.6302072105670308,3
2.7631154396633133,936.0162622269714,0.15346573153013274,-0.021047549704683963,1.4381761044167118,3
0.19673498598074318,11.69551874758654,2.2927849948909858,0.09787430435506243,1.6038774137834826,3
0.5940601308932827,479.08051540016396,1.4545638712193332,-0.43197669577572295,0.8932365341892868,3
4.663373642637148,98.29161310102965,1.2116696897067691,0.34972184166396025,1.8498455255977082,3
1.5683597890216296,756.1262475714889,3.962866854789038,0.0063562582310602925,1.8778901932657561,3
4.332464017019857,226.46285170249112,3.5370738805523967,-0.2268384883067859,1.3055646801250238,3
4.6225558815937475,540.394636171705,4.307218429125303,-0.22066844097015204,1.1066835889279842,3
0.619298309395736,156.58457400800702,4.419719614087033,0.12838354227705787,0.9184563438327915,3
2.4960254712434664,975.909791487755,4.286113717068381,-0.1623679269133832,0.8182045695202947,3
1.6808652995762141,732.8685226779977,1.2176618901214715,-0.07323886591310921,0.5416648266621655,3
2.465415686508989,40.49398412994528,0.4800644381843526,-0.07732655490184051,0.9839001749309486,3
2.714443115891629,643.8619375594769,0.28447994891169903,-0.07966265225293317,1.3071256982793742,3
3.5049731416702077,675.4130857146772,3.7649133623614586,-0.37091638938722093,0.5756623141082361,3
0.9463650457006906,852.8447588188219,1.5102281860321056,0.0444680552492676,1.0558614408729703,3
2.402445848537382,546.8391537747716,0.43840762015266743,0.9677264382298189,0.5835717659136646,3
4.091326637032169,519.4271201316755,3.3652567129358975,-0.20368103966866985,1.0689813927306169,3
3.7117070419811746,242.4163740761673,2.78637608881623,0.31930026839661396,0.843800254297697,3
0.8116845348454588,126.70776425651947,4.3645655780191,-0.010235853895661078,1.3550326644903592,3
3.7267274133267483,565.0357960187372,3.4748684128614116,0.5237232957591172,1.0156445516261992,3
3.579222097063658,411.1759868620966,3.387355360275718,0.26731693729195993,1.64348804966702,3
2.2582358042349338,381.7642240015022,2.488786229441727,0.46764957543056745,1.7457587893047124,3
2.0267351171610106,64.6101749444801,0.6005996005443877,-0.5121185223017204,1.0284008566078995,3
3.620590710772657,404.8314099062824,4.021070241096691,0.6715740668438952,1.3357710878145213,3
1.421021943579956,659.1832691796944,4.299350769767116,-0.3796712242006436,1.5738491098725302,3
4.223307117267105,957.2074689149446,2.9284674799757213,-0.10701944690136293,1.2552379558726399,3
2.0638870990209237,87.88349265922183,2.6630139855254886,-0.4691389757495806,1.9286257093126933,3
3.9341839769341624,620.3970450569647,3.4952825525237485,-0.15982299050156396,1.2299144251926488,3
2.6249299581811933,739.5401304453487,3.7704860874607364,-0.3016539456920909,1.3862591975642684,3
2.344157162192851,566.5720794622197,1.4810739755206703,-0.11646983941301024,1.6289387757339502,3
4.629716204409628,893.5227898716757,0.22142202673973843,-0.03752198660035019,1.1728073990793648,3
0.9746925740772644,430.9373358759491,1.1044821327240666,-0.16980719550520298,1.9900957600936517,3
1.5371324528057593,122.84841968694118,2.44192773265171,-0.23253847411774214,1.467379111258717,3
2.993769663323601,414.8366946887312,1.8162400987975817,-0.15277770203095187,0.9571680387346242,3
2.4961953437622224,919.7412323740341,3.172954337657146,-0.10221986565208821,0.5322724365301649,3
2.650804474644005,129.07805136871852,2.696762213592145,-0.10502889342695967,1.9031799822835187,3
1.249916459337064,723.7763728937089,0.7025036172237721,-0.16000375827276314,0.979844653320867,3
3.9897558713021093,385.345803776742,0.7325516319417483,0.45965512338938386,0.9123474696005693,3
4.610366758222907,937.5668964563058,2.757630862412975,-0.13209684881632452,0.7176967610685454,3
0.622377127678433,547.6138697366032,3.1353328305254324,-0.006909311322989863,1.3017990725357385,3
4.024155290002059,548.3878031221484,3.6039531631939914,-0.21911721806514814,0.5842786122165881,3
0.9373725806329933,241.06319379703493,1.685991025363075,-0.07549624495823981,0.8715298800337673,3
1.3334493875033027,320.409935437376,0.6417526323321358,0.023934503263272774,1.8461914061273252,3
2.3680710934649887,912.3125524945655,2.4157978854679625,0.9707161831656412,1.1160547283762727,3
3.287587026629757,499.92583733226604,1.6864719419983647,0.322215340162747,0.7743425966678841,3
3.889850281423391,39.48626721292699,4.142675171904463,0.04523134750034099,0.7957945044923178,3
2.970025848890128,75.63478223796463,3.71628047727004,0.03701802977453603,1.8463314253084375,3
4.38452142560354,890.2936699956867,4.680554348059878,0.4613068410030002,1.4050026098936352,3
4.547171338160319,795.9500484611863,3.7949321374771605,0.020136265411730265,1.597665014547388,3
0.35114846129826627,51.44128865450153,4.049095616144031,-0.2499585411648578,1.2448034709859481,3
2.0000746318502087,379.85746600325336,0.9965619278251618,-0.17273677738111048,0.9037799496019993,3
4.634426129970053,998.8898257896784,3.289022963644763,-0.05858738220471106,0.6105704659941953,3
3.704620677263083,871.9246373001456,4.963416594740413,0.5608018261593903,0.7628838761267311,3
2.035177905285975,342.7767535838194,1.0184120160246264,-0.22289696864474914,0.6537226526228226,3
1.841715691110544,482.7992644191487,3.7590271087014115,0.08002936189759335,0.682941047263016,3
1.4298503647480771,574.0999424553604,1.4341217187732413,-0.4445017513063606,1.6366917292739172,3
0.4409302936273156,613.9905134253703,3.757947597174671,0.08975827255816166,0.996560021491743,3
4.9847097196297465,905.2382678980872,3.3377808925786847,-0.09579416558784569,0.6713482720638759,3
2.9930139433461336,806.5011184182595,3.1958622543940582,0.49306317389204246,1.596278406997854,3
2.618387976153367,763.031136705809,2.243259644447497,0.02322460084006352,1.7127887568573616,3
4.285608302806875,872.7850517512719,4.479795253963623,-0.45396563689041897,1.2342885775117243,3
1.2808002733267458,726.1491237911716,3.312385064122559,-0.31888562422482103,1.1927282352086828,3
2.160200871388387,626.200764326744,1.3377280208739126,-0.11218995734559525,0.5806000397403988,3
1.1898507824548024,374.67473330094566,3.44102031316557,0.22908856312797815,0.9501859581760997,3
2.1150783417035885,769.3383969078404,0.824867881034285,0.2930512593214693,1.6454158309893832,3
3.1868459357405055,806.8225029223285,0.8050383377651833,0.3264638420748492,1.7219163417106051,3
4.580428806916632,108.3923490047071,3.936880004392932,-0.038029476111912486,1.896975044180839,3
4.556831858795579,612.4015526111328,0.43678391529321825,-0.03889346017772568,0.6244834271915944,3
2.4838298937904972,58.5143290583273,4.904069946433642,-0.2761309933477228,1.6389941705292292,3
3.6185672765195998,143.96893276138786,0.9908163263814022,-0.12555392190690806,0.5103053532324339,3
3.9181427718215156,178.83252094268,4.468078110500805,-0.49128846718618974,1.3169210877041646,3
4.583399649836133,672.8847284006514,1.440433637065091,-0.08114903068953616,0.9569377998575673,3
2.1091657668860258,192.7252274714632,1.207879867632351,-0.12066346956613876,1.595939123779718,3
3.921777805775085,215.9228156967013,2.2150707722812686,-0.4838521908296432,1.5441982370163043,3
3.553952558290969,475.91912906380634,3.937214658788974,-0.08632865281102606,1.5492416934915765,3
3.535297453799578,908.946792358887,1.0991083635597516,-0.09665793645093164,0.7050936209256716,3
1.0785549005134565,93.92515897180031,2.7657029446907178,-0.6459481878974952,0.6025197705083661,3
1.666933629035902,860.2281233574322,1.6300168148468623,-0.14412053281877793,1.3182707312613915,3
1.2787457428123472,265.36061507521777,3.7584737476925345,-0.009062453673685284,0.7155441709040307,3
2.1947822262036722,244.3959005203885,0.6487975668324482,0.20961035057664815,0.7208030805708696,3
4.083060116021141,169.53401416537278,3.5212778370320192,-0.5138707185703449,1.2022258335917866,3
0.9967995952937471,345.36005037985365,2.558452044040875,0.34197969781147125,1.8345985759897343,3
3.343235769452066,855.1527601252957,3.0433497747095224,-0.18114012311128647,0.8489280483989727,3
2.8278793677071206,210.3961504761116,4.925362626765842,-0.3914447758179882,0.640830658164621,3
1.6897354956630162,239.18534755977558,0.8316862373814621,-0.4397470960692916,0.7611344286871822,3
4.083753889505827,28.114003985538293,0.813942008577093,-0.38932408987212563,1.8117567720154213,3
1.768779315687034,484.4948294277535,0.5044627415637003,0.4167985506517552,1.0271991773012896,3
2.486912892810812,47.98775344066974,2.4336226617720387,0.31684736054742746,1.3601779139266756,3
1.2848394570574595,620.1166789221103,3.249766524013302,-0.34274548787864284,1.8575167023212562,3
4.034394320152442,418.34221983505046,0.6828044881907432,-0.1801493885437934,1.8207936770856281,3
1.4673815180767535,807.6774124465842,2.914298477724051,0.18344101468668775,0.816736903166833,3
3.9042276087364276,888.7696695812646,0.32988693135949937,-0.05434351206370512,1.18933313867507,3
1.2644868486606453,948.6987333942538,1.5376714916449366,0.2383578618448512,1.2168234736305545,3
2.175377124021637,231.53380290845598,3.6924776441563623,0.09434113858634591,0.9371482496728876,3
0.3554791407409087,206.70464016379117,2.488250926106068,-0.12732917142512723,0.6214457844056887,3
2.8141790035918164,285.10281413924287,4.577670141188305,-0.46635669299815596,0.9679926782946557,3
3.658046288483817,382.2174406728954,2.7644497057094153,-0.06518138015957171,1.9586576536927418,3
4.300301916976354,484.8841476256371,3.1600377238232125,-0.17477640754739454,0.5331348758889423,3
1.3372494564915676,532.126969476265,4.324685784354572,0.061623856743354945,1.2553669598885473,3
0.4460913612371963,583.2053237449004,0.26093464491777496,-0.16805968755213666,1.3490640860541068,3
1.9084593555323723,913.9672592936896,1.0059399780747045,-0.3038296813127851,1.7943932765255834,3
0.11503116910293719,436.8632546946909,3.1313398929748746,-0.05582272508488898,0.5276596197582808,3
1.0423876636908718,49.875968512585686,1.1098370209592194,0.23818620030164853,0.7994118715974317,3
3.526979592549756,79.4382853706427,0.9190817979101866,-0.2342356399173803,1.171678115082825,3
3.994836679955688,843.1403508073389,3.2374663204963414,-0.15433897881755881,0.559602144728256,3
2.897546039081173,800.0987433728973,1.547002522283375,-0.2366311184620976,1.3505902045584013,3
3.9044281260373497,355.33637664951914,0.5543098102525762,0.255429050096625,1.6623287521981343,3
3.0979611201295114,458.8023289504143,0.36220169635314337,-0.11111128293331246,1.6980782554004819,3
2.2214226376594866,384.5869538178457,1.3208599961024632,0.47110582553684044,1.6511787566359675,3
3.6147477626017386,933.5611354097545,3.4042617713576866,0.3908411421709244,0.9434194002433353,3
3.313007933482265,190.76498508973447,3.5209954225690754,-0.3971047838966952,0.9364093589410571,3
1.497457771300644,110.24325232075856,1.6878127972731736,0.17155946842979744,1.9882111361402077,3
2.1999097931953986,140.0763876177067,0.900851146363598,-0.24463168423648327,0.8436843207669003,3
3.611954188903955,471.400015244357,3.5202841526387836,-0.5005602917141516,0.7520442551513702,3
3.7872332377828353,215.42096976006135,2.6027587474870133,-0.3904612417214564,1.5633967101695967,3
0.3021026981767011,767.0205880815902,1.964317853260824,-0.45215417508167444,0.7049087337495348,3
0.16870601008404765,491.4082254899447,4.2620204485428665,0.0458499603979422,0.7560268893976139,3
2.0964679353132936,350.44383118009705,3.7999208787426086,0.10410713402649921,0.5903057848237645,3
4.680430908458118,132.62716620618193,3.2442627643053457,0.5495665045116079,1.6291571969342906,3
2.8516646671554775,677.6890365856169,2.3314643908677697,0.3205581695230492,1.0948391521937704,3
4.27711492680459,446.2435679250678,1.6089864881167355,-0.12162994598263924,0.988786071570914,3
3.2934401223112393,765.0237457277264,2.163392020869244,0.37332000184149333,0.520418878658065,3
2.351909029030823,34.53830117892238,2.899213616867832,-0.4182006080879273,0.5378888990830664,3
4.208176351466499,577.6507414144932,2.411184798715338,0.029363463286031205,1.6510326356668386,3
4.050806900422679,729.8400903581683,3.402725656464716,0.1706473447412029,1.3097441313182387,3
2.573829568734759,120.92159361213928,4.407085140556992,0.010760780322357374,1.853818298850298,3
1.1147154173359517,304.38447698078676,2.728880990929028,-0.4090864010452199,1.7479815627240638,3
1.9880976044981087,902.3506392610637,1.9035090266087702,0.18565720230304603,1.1514263752851366,3
2.449155235926266,690.2346636251692,3.1948648787568077,0.6343941794072057,0.659955178841056,3
0.9502237532326411,696.5712507131359,3.8850330257883314,0.49076152716182597,1.7368634602565627,3
4.452132909122701,876.4367108615908,4.499670937199041,0.9114892416974099,0.6478418174743794,3
3.093164396102934,121.83971421897635,4.827880483039063,-0.4480615723560292,1.0141352617467438,3
0.1480685520237886,816.9489974709638,0.16554469972285096,0.09085372609795773,1.6900235742336784,3
1.1833318043064092,685.8712966926129,3.8473963695512503,-0.19303242974955412,1.1322708783595954,3
1.0796802074131222,272.0129864126181,3.8613388622645703,0.22927787798620275,1.6086879451294418,3
2.7298727256674833,550.9493452812239,4.3895353127559815,-0.21578212840528802,1.0284301087823788,3
1.4538711007411147,971.7861972140183,0.6508466417296668,-0.11234803517130965,0.9460373073513737,3
3.547227745792884,237.87945002698623,1.3670590258763382,0.3465675055084862,1.759925774512681,3
2.784845395434379,924.2787097284233,1.455832857149674,0.43169656472761897,1.0787064155381767,3
3.5188415404600977,765.2062344504026,2.739977666007188,-0.2222169193456795,1.2829548932669192,3
2.535147702960756,573.0979827990379,4.472748515983296,-0.3058044408468708,1.03383478063606,3
3.473092167503328,462.81543418245377,3.678810748378383,-0.39878080986432324,1.7788277417229221,3
3.4966633517320407,15.014415316003342,2.861495035566514,-0.34486313768416527,1.9717648654856854,3
2.174119710063,781.266333692945,1.6938515919943349,-0.19825904045332773,0.7407050709976143,3
1.3541957056702094,524.7066979132921,0.6239410453821788,0.20572655158196446,1.4674484129112648,3
1.2990194742776715,267.3941190631342,1.908579040579302,0.305499646882212,1.7410067500359243,3
0.6851465884116935,353.3401956213024,2.3507587357879856,-0.20384608062665713,1.9185675624628091,3
1.857550888199478,991.6512071418415,2.335401969049565,-0.22860544257427215,1.3279790789556394,3
1.5276628967265151,216.69323735200408,2.991441558062257,-0.43884284276559754,1.7647660038248327,3
4.24629175571349,585.0898095703903,3.5323032585842675,0.03980182486812744,1.9624508273527508,3
0.6949483603047771,693.9591523883802,2.6067587707713944,0.3721797876048417,1.250918788988689,3
3.1048108786987805,26.805743469849567,0.14174210265118792,0.2137056543467671,0.5358343375550281,3
3.4186044357930654,743.1284494579377,4.599803715150138,0.18195576624914708,1.0101322821673255,3
3.6200334458340198,525.0926593075035,3.445767444988747,0.4444265818778977,1.3383320351012529,3
0.4604101854712639,367.9186710639592,4.894869165625797,-0.05907461302239388,0.9387702493577688,3
2.1062985462782353,968.5479298112056,3.710152017466271,-0.18053834265857452,0.5650219888322807,3
4.025190029127639,986.3861218325665,3.8095932477953776,0.3127286418076726,0.9482550350395179,3
0.4834607041416492,854.2351882818955,2.2316818567151495,-0.2030626543463544,1.8442767927743515,3
2.4215934903207166,149.89208623872918,2.265571023305642,-0.16272008896951956,0.9188223741029944,3
1.7649010159095788,793.8812474279265,1.9694435748667647,0.4011402513634718,0.7848328577057632,3
0.5252068724296155,973.5960165148482,1.9660663526321045,0.08266707280006307,0.8197357146188508,3
3.878234861962493,836.2838206509801,3.9029364335886054,-0.08498272927125694,1.0931464276126137,3
3.8015095134598944,260.8797254556622,1.1462978090589402,0.981247406832323,1.979987061319902,3
1.8442646210206242,660.7865760236081,3.329713971006615,0.34332544888455313,0.5075481757494908,3
2.1025392915159435,479.610733791239,0.7572152798394735,-0.28665063550916015,1.6238179003454474,3
1.849704070508371,333.91428568180953,4.223661783291276,0.16152451633075476,1.5248792836518343,3
4.121836657998696,455.0872246637515,3.402217804890959,-0.13679824961529616,0.7027749072591052,3
1.3459709371073678,433.94116248320927,1.5519913391973024,0.18890303422801505,1.9149976163700964,3
1.9930534701167246,235.1217162029646,0.6844930967136683,0.6449737630988986,1.5356410321523946,3
1.5699413252457821,181.819830242035,2.8738842630973864,-0.34410895589358415,1.6763718568017114,3
4.340394639829372,519.0177331331308,4.945622685468179,-0.0722367407859758,1.787164948379782,3
3.9112257954718688,596.5832319013281,1.2008710891249446,0.4298033896804393,1.9026327373588208,3
1.064612771375151,504.2903439617729,3.7559228843756003,-0.04230515051451876,1.5169801590929672,3
3.7442994717362996,271.6322497634411,3.8252783860839625,0.06983910424453421,1.038607968747702,3
0.27689526529256725,261.6663134964725,0.6891687459162308,-0.4125339216695022,0.8331307937339789,3
0.10261670558321098,492.00538689284383,4.7856579114966635,0.031757358915948095,1.6949661646708634,3
2.9516300747215647,870.4199729780945,1.8862177059040888,-0.4058987900904225,1.8060910994075527,3
3.7447573206719458,593.4040812427876,0.6683821550582768,-0.11254659537840749,1.3643642868729833,3
1.9806397124202606,359.7117436739911,2.038078845698994,0.22479410316169302,1.3696063289298703,3
2.7048240810109387,838.446595694617,0.41040237311917915,-0.07505486383434792,1.8211961567749113,3
1.565373611220013,332.95487412719564,3.8602087687066162,-0.5004050254072148,1.8140045877080184,3
2.199122077967111,552.8969272049555,2.5987693472084183,-0.24010273569703972,1.9009299913296895,3
2.3672218158687293,884.979551957609,2.560929241917423,-0.2214393602201817,1.4452551272643546,3
4.166563109405442,139.07093057199006,2.3295628768312784,0.11284320775431803,1.3700745667438905,3
4.636576882064188,43.70648501333842,4.7386660732795285,0.29026975192799565,1.4402560034747272,3
1.0158955015156197,292.3651746806964,0.9065982442294885,0.06304006623788438,1.183987372054035,3
2.0578068615134097,315.02662636183237,2.7866752532050736,0.3143608971698068,1.8896151000253532,3
4.727700384876203,443.1693633404449,0.6426915492486336,-0.05805397400720759,0.729560563863041,3
2.123413692157018,495.7658190851616,2.8295063920141525,0.23112466625144681,1.7472637237871114,3
0.9806920944117743,623.5112178974363,4.762214401074121,0.6704742981797402,0.6176180821742263,3
0.5595618854108647,422.53730230051923,2.9968993775148807,-0.11470667444965166,1.465622271783333,3
4.17581907044517,280.3671882806792,4.281162724542774,-0.2607222528965708,0.810814227673714,3
1.3295540370701817,550.6058521602814,0.6088285630955822,-0.27031639112569017,1.8063407115266976,3
1.5478134788460225,794.2409244994766,0.14042306236240065,-0.07217855838381798,1.5241626799097832,3
2.4064587497749685,111.39261748210798,1.2018191851592577,0.3648065058269722,1.5510351072777264,3
1.1598799463382266,124.0053143506478,0.858923366911486,0.3879444811370018,1.0591102093056302,3
1.4660764038137986,562.3875002978277,2.1475133002852616,0.2707157253978127,1.5055765855610608,3
4.315599619428915,31.932104626615725,2.311534385530517,0.1241695907008529,1.0719563157383327,3
1.5445914701618018,440.53525057843876,0.32597399976834673,-0.15912746980115922,1.8711078623484734,3
0.10375907177212217,711.8823092893683,4.857119908577854,0.0290469391313378,1.3920811225387217,3
1.5619876636117436,238.99534667079052,0.13738759203226572,-0.13202273578904347,1.8500974718076617,3
1.5952702501314944,224.44121940314653,0.3128448363268814,-0.19938990742687757,1.8077126416857527,3
1.7964350724786604,761.618028155944,1.2484936176521992,0.45994296290959696,0.7380791448836985,3
3.5249178950079902,65.13055421076253,0.8699462671228405,-0.10590600829612075,1.7788081806080152,3
1.8404135770635228,994.3931499687731,4.417416680645351,-0.13586821821889788,1.9938855851969945,3
3.0956460023317645,612.6177111980625,4.228789058223247,-0.22332451078815613,0.810033233140162,3
2.341374508181394,713.2771673758884,1.3723851437709476,-0.11623791649657395,1.054057578873008,3
4.358748103957628,508.95847244099747,0.43539806903577283,-0.08086782494679993,1.1118158659150041,3
2.600965670048744,659.3122558155704,3.1340339962580286,-0.18969635410279204,0.8663659601679929,3
3.693420028439372,752.0683414071592,3.1055564303674497,-0.30235928425430025,1.5904819214950425,3
1.933761633650287,717.2348859790617,1.2882526671360652,0.21757980321191048,1.8538838490492577,3
2.7770246576226154,380.5636591729453,3.5918010760268895,-0.35192576322920793,1.3650233415308697,3
4.718276510682329,791.277608066511,0.8355514877528107,-0.11411412193374491,0.9570406799807931,3
3.0035651852873246,422.5299196562565,0.4211443522846302,-0.13080919227503474,1.2958805416329175,3
0.6347033949716249,587.3848503824977,3.146604780820612,0.09508298373945033,1.9195676053460913,3
1.7218922664612928,703.8580435399147,2.4214275915832086,0.2625977320695661,1.6947363378751903,3
2.846612149005909,595.7451462344999,0.7208050594236113,-0.07184504706026254,1.1819453424727167,3
4.241014893743867,412.9405264125565,0.7674723637145969,0.35082304190046326,1.7133864675855432,3
3.245474386450625,977.3115903774888,4.903212684706898,-0.2649737900529311,1.2466219685825393,3
4.471354746187651,174.85149852550109,3.3548788743277322,-0.14246801884625035,1.4600788085915781,3
3.400245582371578,11.754202228093181,2.4044743957036063,-0.23110984433708456,1.3243710882594832,3
0.31966492168797256,288.78151650568844,2.9243708534059616,-0.29308503626464016,1.7746398587368455,3
1.362964982884447,732.2944548827157,3.5057265606693533,0.4697536963793803,1.8305846613546561,3
0.11705216737316813,521.8204271468122,2.1245154547293077,0.11550125174874168,1.3223978436296586,3
0.8766455866659946,105.6219642526879,1.963193019167831,0.2372354396769101,1.2099845519017682,3
3.0583556790108037,446.47110413638535,1.8972363994389545,-0.26570575504126626,1.7258699754608395,3
0.3346185924800043,735.061842204984,0.6245764670707452,0.39366716514340155,1.4983846060331036,3
3.4605201184034584,856.8581849443921,2.369587535199996,-0.1785087363216361,1.5687169466319548,3
0.9574188282458019,224.50688273565518,4.955920813270231,0.022194122067022884,1.1834065734732593,3
3.0842153088985875,501.5340854214737,4.318206229834936,-0.21061363501468242,1.3907723865878858,3
2.9273699971873084,944.2339705566147,4.707963967289046,-0.5491185531218156,1.7207324166748716,3
0.37244046348808324,215.67002301561453,1.7467975361130912,-0.12588947276822485,1.5209239529868621,3
4.486890902527362,603.7297428203084,0.49674702260423265,-0.15356532389485078,1.5991252495707278,3
4.0778707308775415,767.4711635897118,3.7149628490046,-0.14898775384956775,0.5656840054313119,3
2.1178400533199224,991.6119014601484,0.6176408751088357,-0.10116922100748489,1.4679750049199665,3
0.679271248922506,800.5820722665411,1.470094873425823,0.15883307334869365,1.9124620829330565,3
2.6774318094071057,210.46381274222702,1.3532187279486578,-0.38796590541309645,0.8427745607594159,3
2.9257539892972213,880.0693374679854,0.74195772213206,-0.09324136461492967,1.9691139566768574,3
3.871427252557271,700.0541717572903,0.2515660154995465,-0.037481151494929796,0.8659300550748277,3
3.50573764643938,890.2968615768012,4.801966989810281,0.2922868046015367,0.6979630993553373,3
4.751879892935539,843.6824703776806,1.653467615518511,-0.1013989478699818,1.7827211613082552,3
3.6632501132999513,437.5931862270867,4.039952089117092,-0.011873988810263063,0.9524404046607503,3
4.26180534776003,278.40019689777836,1.188766857626203,-0.2241137388149627,1.4421861739597914,3
0.4461485607302168,28.597257287897378,3.913494993060263,0.19653755142934126,1.4481174703771187,3
1.333203305265246,304.3171280455859,2.4317843824366716,0.5786231958618633,0.9604978150019365,3
4.639292870241204,91.59173237179799,2.352394807250081,-0.664952119867776,1.5742600074471615,3
3.025059506004919,372.1750758456604,1.7544496066391047,-0.26792686640427626,0.558153466825505,3
4.565360354196679,518.254391368896,1.6297202617163604,-0.08183921571087607,0.5057035686534759,3
1.102167485142187,99.64307005039333,3.676101907771548,0.16041289524258578,1.1678345616229868,3
2.2644128100993006,238.72611732943597,2.1176689788448475,-0.0678336141309379,0.9696921676647776,3
0.8024361937655919,399.5534966701531,4.691893172937634,0.47238265901758564,0.6960573205771479,3
3.868980266310174,862.3365895820084,4.238782246886927,-0.169690075748634,1.179830157957532,3
4.78165968587958,953.6520910098864,4.867661399659417,0.08677781932965187,1.5835654595481348,3
1.433717204770158,917.9644114367511,4.053402227067019,0.4407792788691292,1.054645441723245,3
4.054224028101013,925.3525641982967,4.671325815686156,0.1251264906034691,1.3529450084740566,3
3.387190834497527,584.3113113087585,4.092749707822318,-0.38521463225460834,1.16043961312308,3
3.7540944629242716,313.82133001349337,2.5403257547294764,0.3013762922654805,1.586650356642675,3
1.8477405379375178,915.9497224749118,0.8012298768932833,0.9191889702130199,0.816724712146208,3
0.807109778505935,610.1109465898652,3.986942368305527,-0.3087895286020267,1.7565648575557655,3
2.60155159285934,772.5167276018097,0.8187161893217234,-0.10244262668574643,1.2517459060838956,3
4.507019926156292,435.7216413238476,3.064900164903477,-0.37674865457178136,1.5546649178600345,3
2.0403860418127864,614.6598620563709,0.5652757018163574,-0.2227451678729229,1.7734920855701326,3
4.296501857430736,137.36123339049067,4.774710035879525,0.5729997739371013,1.5070974011735352,3
3.114997918900445,889.0239394288106,2.633888392311977,-0.20042708062933073,1.793269451983769,3
2.9836276360246226,818.4955003185011,0.3245264693585791,-0.07788129560714485,1.1078779018675102,3
1.5118901872820252,522.165824349495,1.2242699642643597,-0.2859109375945841,1.2524671411759951,3
0.8860877856255469,326.7333827802224,4.168866551054439,0.04769494644290636,1.2841405492578986,3
3.8068021062089854,224.81420347500426,4.058142650711049,0.14551136919576804,1.7728994031673275,3
4.305941852467794,934.2458122243157,3.402185478418269,-0.13447378870010895,0.6780751336026007,3
0.3140174857859845,899.7235918074018,1.6844280049065674,0.22232469805074634,0.7135672361531253,3
1.8852829351054827,183.73249850483845,4.863391113392228,-0.24120559946933595,0.8213733087523716,3
2.185545206842123,961.592493570574,1.261694273864815,-0.16316891827305272,0.6508339736685449,3
1.8681100914852435,638.9677777536347,4.352977150994548,-0.00799924400294042,1.6660102486485373,3
1.2077175802930498,840.0958908717236,1.7307457151329781,-0.11323298828592825,1.9621522197727477,3
4.038796468096792,765.867639750683,1.4938519743654985,0.44381327444200164,1.1358242367211062,3
4.780487160886832,862.6344514279698,4.851614583074416,-0.11713206539521664,1.2132878967991696,3
2.3583087904925706,627.7532190242227,1.2653012210321337,-0.17012065828919506,0.9166619714185587,3
3.848846025346992,298.6047217239581,2.5825886827926587,0.2664350262814487,1.8545159645623495,3
2.0889660245584443,226.83494420263244,1.4719253171568751,-0.16503354773381163,0.7868900816956661,3
4.695605119676437,924.8931548204558,4.66397496040893,-0.20968709217024517,0.7464667274511204,3
3.41365410663979,679.4761482723853,1.390799916095363,-0.2200446606506219,0.7142530682518409,3
1.9162636240548865,432.32306739020345,2.1806083687381506,0.03580914035710516,1.1912846794339824,3
4.439598766873287,218.5021014165967,3.2307091439593623,-0.20248904917633,1.892529203886312,3
4.469272522415726,57.52395412724267,1.8093914722066144,0.17313980069699747,1.895001488578067,3
1.2400499160996508,501.2592137679106,2.345118015266592,0.36473590075862145,0.7783885327144977,3
0.8594079754645291,208.42889521662022,1.9167238987913882,-0.2843630534945984,1.84409805916854,3
1.2552641273277279,25.210018428070263,2.938873438713429,-0.036880817794712716,0.6574471054552748,3
3.3856862703589488,883.7033745222901,4.144988619677009,0.11330767790933659,1.4491171570049868,3
2.6963891349451012,253.43339471787442,4.642377679973969,-0.5084621453122569,0.9963124927485609,3
0.10960193378294415,68.62109953033212,4.928420343862947,-0.0012684977117619833,1.8247917233813147,3
4.825921057239968,462.23709858921706,4.108802479171508,0.04400295955556148,1.1410273493290712,3
1.4078876166292944,528.5125383961487,4.569061330078663,-0.31048598643646863,1.0541974562144814,3
4.331083435337799,992.450806979226,0.6669674882713881,0.8438839192419958,1.6154296043923004,3
0.8581705521705828,214.75358656711933,4.74791235094727,-0.14470530814308463,1.3225448860416251,3
4.836167759845642,393.4189944444536,4.077011445643762,-0.043384920487240144,1.222830862242796,3
3.941918833027419,593.1291402781391,0.45659338970632246,-0.04137567862896737,0.9225073241636312,3
0.9760455454362772,766.5741448790039,3.0644989691106144,0.17988614699454838,1.030252552376476,3
1.3007213158734696,510.2044670220484,2.662798964087929,-0.2197413474793239,0.5086893664038146,3
1.6634290489992618,784.775286658943,1.5412166759785058,-0.3364935782684554,1.1808085376135355,3
3.082830972450756,422.8648491103343,0.8514562889202276,-0.12764318732683264,0.8124907617860455,3
3.0861316593830064,314.6234640146775,4.5547405064587005,-0.6085268952170386,0.5858049715857386,3
3.9475617970852586,446.8211662111784,1.5954343757390723,0.13130193989866953,1.7256152402586444,3
3.8607125581433634,268.83595840400886,3.7599344015950784,0.032235250779677135,0.9110287776292183,3
4.268687710023363,457.5915697102619,0.4225234714528243,-0.040068752194628854,0.9304038309826113,3
2.4539023878601105,11.379961066321886,1.9418847452185013,-0.3424336687252981,1.6383618486115914,3
1.4368420650647609,61.14275189318785,2.5567516536333486,-0.3569335009588715,0.6666765092112266,3
1.9387329383598324,689.747745079927,1.0278841317628797,0.5626322407866271,1.5750684672920299,3
4.138940634645915,48.765246933813906,4.2994890162581125,0.4794213096967239,0.7832287432892855,3
4.727694178236101,636.6414786174424,2.5294614752518463,0.07080474390784619,1.7924336700296954,3
4.258691944903226,193.3196335163773,1.1846291838858418,-0.296376041763493,1.183950854609793,3
0.41458281061627245,474.4470906347743,4.588525247341028,0.14442445234427861,1.6697928661767547,3
0.2174139167685304,325.45670998901056,0.1767430388116667,0.12100110529533832,0.661689971426805,3
3.5890643586846753,864.6165946305376,2.9586392365858893,-0.17857413067651773,0.7458116563396058,3
3.6354437719279384,943.0642149957515,4.367180563251964,-0.11874777398637064,0.6845758448785082,3
0.5666514706481999,59.60753304140259,3.395731442019708,-0.20409646300627518,1.0745758523773905,3
0.5705360503504274,574.8964641488876,1.922449712715192,-0.42028698653650765,1.3613606051832479,3
3.6111621181558062,601.4860333387088,0.8680707643325122,0.4221166415840404,0.9385271727406183,3
3.6750555180644384,916.5720939908058,3.3501746955504754,-0.10502100496852677,0.9220323712082372,3
2.617467649242007,837.865260180589,3.2054012439460573,-0.1653180877516579,1.423291121163276,3
3.3707518002875045,947.2222077181482,3.934616204439857,0.02159186169190009,1.7400048557893295,3
4.379001338500606,475.3640713430625,3.193537937404158,0.12027376024774904,1.084089635116623,3
0.20409509199262954,906.3781065798466,4.443494616997914,-0.07482441538407489,1.4384645106752276,3
1.8261300671919798,62.0120963031883,3.764583191421777,0.17758618794969272,1.1873018942654272,3
1.3019904176511854,384.1065763568527,0.605125492143054,-0.1460058516062499,0.5841170798950726,3
3.3689080327137266,779.8135039675109,2.398192238306787,-0.19156623768856465,1.5141509310166317,3
3.500731263608234,69.78125085060064,2.854220187105859,-0.300840850086582,1.032185093424662,3
3.9207652162120046,165.57268145072004,0.9320322320168766,-0.06507291789461968,0.7640874220328793,3
0.3631155670584303,294.75507662611994,1.4574466353166067,0.39058807327922523,0.852509596774376,3
1.7521998125986908,126.71154160119255,1.5270427978319432,-0.5004281679458585,1.9935972957109596,3
2.498164032890602,635.7727817344645,4.048939506122476,-0.6976749857048586,1.5513446360555407,3
0.7085721160360223,321.99246293553426,0.10780332993429326,0.2598589706933778,1.461530688014575,3
3.714490067415233,488.7513953277482,4.134527682789681,0.022175100943647913,1.8329105725800487,3
4.344356173492152,677.3390605586636,3.5591435736477206,-0.13292825158614535,0.5141104083006395,3
3.6280154841497487,126.56928549157841,0.27277454676612667,0.34190617825864916,1.4144716299489182,3
3.1369349258582195,867.334908192749,0.9082907666346203,-0.0722696711125017,0.6258939242304143,3
4.289387219901516,914.1763426475081,4.5305454038547675,-0.11529245582870339,1.3492497036998996,3
2.4589281663914115,309.1107552323539,1.167887165800956,-0.25638148166698066,0.6240716852145407,3
0.5589751603290816,743.8922193778039,1.6950386316724817,0.058623973980285404,0.8804547133420348,3
4.961662352495658,866.9088208429409,4.7475236662220475,-0.13160605235146958,1.390547837074825,3
0.5219228643310901,745.3029014219012,2.811400656141375,0.19236760458965127,1.8411513979718042,3
4.350827353998321,811.0805923465716,1.0203167781628601,-0.10924761349257825,1.7587195843512182,3
3.2321533456877343,86.06638960108201,2.485583837318573,-0.3522143378004891,1.4949774282872879,3
2.5143264463293944,108.82088100061169,1.8163684845965775,-0.4664227518709809,1.8380763807963998,3
4.985903594330863,593.8025585932292,2.3709575112914774,0.23231917739163035,1.549402196704179,3
2.9031077606118747,408.568390368049,3.291120077888359,-0.1704959661522908,1.474314070942698,3
0.1287308315790874,691.4264734369273,1.850268380764443,0.1731857700626532,1.4731746220011979,3
3.3590010609821164,557.9730872651376,1.2267097521933659,0.6011646246407302,1.044917108364229,3
4.585049914535095,193.27074417713962,2.5019378794969027,-0.27884070479258766,0.5545131812551457,3
1.1377865662638165,481.9831306235654,3.4230933550642892,0.18253487923037157,1.2225023761795255,3
2.7787529109326536,787.8664440907024,1.2523179048704027,0.24146046463617482,1.9842031818776853,3
1.1568147699219031,63.91264724499915,0.23000227362210673,-0.20708732793602064,1.0001395824206412,3
2.3005795889361194,902.9565758832354,1.846827188178846,-0.07297811356865386,0.5154446124391128,3
0.2082501223722113,322.06777354672107,4.775942295754086,-0.06197052366576427,1.8511343595554002,3
4.201688895477713,238.39112933277337,4.260600426513831,-0.23965349985839784,1.664194637725573,3
4.759703102355817,702.8270769402836,0.49851994137425626,-0.07079046737920429,1.676800838614547,3
3.423912504048244,251.78233873276957,1.0231185774208469,0.25405395228808386,1.3207710942382231,3
2.344705537513804,254.1839005850317,2.3703542789438465,0.050339114173221296,0.5681420072213077,3
3.182932747571289,855.6779760895823,2.074530835206213,0.971582626875716,1.309628683859729,3
3.6467816252698486,210.03169477786452,3.614593529665291,-0.12790135778154302,1.8842601760285187,3
3.9208316830157317,903.1497233885565,0.2283304699297565,-0.04329169831261308,1.5920858484269012,3
3.691980281104134,980.7027707368,2.7332329952278522,-0.08720875740597385,0.6842823497299968,3
1.8618743502560993,72.71945460487771,3.4560987937550536,0.09147728997066013,0.7159989332026467,3
4.068083802977899,476.4951367830163,3.8504016963030208,-0.18003868860110436,1.0949478938814823,3
1.570504649615579,68.6857512364302,0.21759700632223317,-0.16096033119699638,1.1054478243936647,3
0.32636250288300994,204.65191511587386,2.025876195075281,0.10779120201194521,1.2302948683364305,3
2.892415702582912,601.6969767420032,4.640599389184455,0.07682955825818495,1.985855940189456,3
0.4112773529503654,576.9606046641738,4.660207819980044,-0.019640905875869707,1.51079514249574,3
2.6389611455891298,291.008402073364,1.7076950234801649,-0.0058559906554504606,1.6044405511903563,3
2.5980254466130375,311.2185765352862,1.054546452755589,0.10564444437025103,1.8469455561687438,3
2.6275743643156106,612.912065529099,3.4772053577142947,-0.21831361927572437,0.5388420466621566,3
1.0633059183086015,852.8592406976157,1.8654441912649393,0.3206504719482531,0.5098596169787148,3
4.498077311548487,421.6949863594341,2.3533688208587846,-0.1799445361913696,0.7077591060033421,3
3.0600485040786185,538.4117579877435,1.904024577365794,-0.06959896229965315,0.6356033448591962,3
4.9420337470356515,892.9877882378314,1.558011465875112,-0.14011384189652895,1.0512391893344535,3
4.640549988878532,27.61153797503924,4.562536920174814,-0.3566021133050664,0.9505853999780354,3
4.017634266912924,153.06356132888496,0.842968069167857,-0.18018175736624586,0.763711227110693,3
1.4193231750250754,174.510555087034,2.905908215114819,0.0823270639964573,1.008623840472858,3
0.49616886012857,668.5132975760338,3.371266808429545,-0.010731999854058576,1.9865218583791857,3
3.911020556611456,367.2915680731073,4.172678163755767,0.5565846520723009,1.813558947269404,3
0.5978898945511335,204.50283409931004,3.7750057658635874,-0.16961409018003276,0.6133972448144778,3
4.804349137727273,604.382595968443,4.923344438306602,0.12425896000959805,0.9665612680662373,3
1.0580995230286872,821.6428210905437,2.725253039453052,-0.18019653237974978,1.2256712533372862,3
4.743210111124287,393.0584155899818,3.9019698265963143,0.05072695116355742,1.5409566286191119,3
2.6759991983049374,326.7047572088414,4.700315204732143,-0.37553810218779266,0.7748095138346793,3
1.5823311589183946,320.7117010006983,2.811649700422758,-0.5700127270218247,1.4183187218632285,3
4.371954865236352,969.7881030393108,4.3197585340177,0.422139574186257,1.0970755285352263,3
4.51179750206311,276.76589314541246,2.2436354820600837,-0.7652957718707442,1.9354902415295154,3
0.49890994263720856,947.4992735473052,0.2831072409629249,0.4425677658139245,1.2268804973988252,3
4.1906485867242225,980.9221227823349,0.5473348717475756,-0.025908019026468276,0.7594403267052021,3
3.178941575429227,845.9975828823356,4.386827553320964,0.2923594084496053,1.1167347828930803,3
4.2462698857582115,993.9216809213438,4.991820052369266,0.4411097330509442,0.508906268457288,3
0.6878715558517888,310.890050622896,0.22977508744653985,-0.08055746323643803,0.9111493553260464,3
3.1587109321256372,502.84983885334276,3.880221027330427,0.3742906035999581,1.4046998033706042,3
1.9473526807211106,622.6357106497514,0.32599194829219375,-0.026603265544867666,0.6572171303641507,3
0.614980507235846,373.644125437271,1.4610995252356125,-0.30458323360823175,1.9381491670326665,3
0.6249064218972731,125.61223730295039,4.328503331332415,-0.32949537975722326,0.5304996155648413,3
3.8718500784016,699.3438354273758,4.798224119657088,-0.2034216502385163,1.6866034374590977,3
0.421969833148097,403.9486273450449,0.6074542840006868,-0.09554284887478569,1.3640575037495613,3
2.1433712967935437,391.6584661549092,4.425066688384222,-0.39480050538783734,1.577067026015496,3
2.1496047197123676,982.337482839242,3.1891079801290223,-0.12844348209898965,0.9413284726545956,3
2.6681754979682073,736.7098055110857,2.8508692403664626,0.5848457784844805,1.0432116857872467,3
3.9913359217588353,755.9941462609142,3.6728725866306857,0.030367263695724,1.3934818937268996,3
3.8939287343960736,829.7103657101152,1.7424552535477293,-0.1025325469594886,0.9659607904379386,3
3.475301667947921,661.4754657541641,4.373290466070815,-0.48863802379111343,1.758312755365144,3
4.975857522681471,678.4553173423282,3.9600610845267745,-0.20774559600685413,1.3780898910900583,3
0.20577104501864807,582.4645865789473,0.511722139329632,0.10050862049778359,0.6303913495885748,3
3.483215288973915,205.95107111121632,4.047686401463906,-0.4176115190292809,0.8891763168592417,3
0.4596915454241607,530.7221111141209,4.443808925242538,-0.2057792504571541,1.8098830424077457,3
4.075620981715886,980.7554968362356,2.1862744574540747,-0.1097250361623786,1.1166406018939377,3
1.2676075315762507,597.4819585194398,0.2700133396183137,-0.13378619879242712,1.3496858544575006,3
3.1685431884578006,731.4281974584011,4.378619928847461,0.5909419527030644,1.9542700459792277,3
3.57397996949042,602.8145867412072,0.1337686285413899,-0.026203369479587034,1.217402958008107,3
4.592061378655022,745.667931120278,4.193444656657762,0.023923764557546072,1.8931608314855581,3
2.5766653341239043,60.05238764520392,3.9782147684987326,-0.06379446656705687,0.8090508877577005,3
4.035929419577575,359.5050249221568,3.6715912399470567,0.47767284725580483,1.0536422567720538,3
0.9406625334142018,219.22416428019315,0.7002780058347038,0.47588468355539526,1.758477881999354,3
2.803745714949649,273.46323776697596,4.682345665510822,-0.04569935778221956,1.405304038450697,3
2.935798163225827,436.7527601343623,1.2377954589620637,-0.17936415806243058,1.0100415323724299,3
2.8064899027637074,347.58090578360986,2.676445812812919,-0.3054077231163854,1.8746362027042907,3
0.9861366390480253,292.3863899436469,3.9009900854180453,0.5151649497134885,1.1137376131235972,3
3.955645023025269,580.0448264838733,0.41685925718210826,-0.044802765848531795,0.5994067529239522,3
1.0860999996714038,738.8712589524068,4.364821648594453,0.3742684985039311,1.2103764231366723,3
2.8823116913943276,104.73040513743348,4.155367785726589,0.07199281468117981,1.3597376007356128,3
3.549268945842026,592.9242279604202,3.5876314298002523,-0.43301579995187595,1.922827478787648,3
4.673619723224147,522.4066702596442,1.2904909291176339,-0.1833849608063635,0.979406069295212,3
4.990829882256593,194.81365777005192,0.9378931207398084,-0.16241995213469568,1.4954075455913145,3
3.912352923051683,345.0058019930327,2.00029546258736,-0.2959967658946779,0.8416997807898586,3
4.068898129738444,837.3530321682267,4.118139179841783,0.05057100588266648,1.8762901984277007,3
4.411273986645411,775.8246015714371,0.26204657403783105,-0.022414021058901598,0.6782914865291267,3
1.6362395875238096,361.8820977006045,0.38261658190574344,-0.32129658832779545,1.9541666291594506,3
2.586773786880299,645.9704055932322,4.921647601142029,-0.14454481213795056,0.6924295677555599,3
0.9343873231129116,712.786572963199,4.175815004652976,0.3297785213876695,1.9738063680611964,3
2.432934351045165,336.4529350553811,0.9015048753456791,0.3463762273937254,1.3776263927807824,3
4.365155406597414,327.2138267518022,1.3777689955771975,0.0059629737675474265,1.9705236277013516,3
3.7644952679864954,668.1295294089143,2.0512673241038186,-0.12922306397302422,0.7613586405817719,3
2.0500162984096284,822.4425991656815,1.6988194394706138,-0.21387215352743558,1.543796701762766,3
2.2751936012812806,36.420996447574026,3.4617745873702668,0.4240947222669613,0.9010429283535915,3
1.81111531514685,321.28952185134807,4.372028882326345,0.32490912417689266,0.5430113657533328,3
2.9725124431328243,711.0943924491364,1.1601035899728935,-0.20251388116688576,1.5904711017742141,3
4.5646991315448675,274.5332247543518,4.646878202837005,0.43416499628088023,0.7886319073646677,3
1.3664684108402794,313.46082972854487,2.519201572817652,0.0018373970725823361,0.7023077986888993,3
0.8025753677296091,881.7358450486842,4.543199881405635,0.20415376045066888,1.5098217155949358,3
1.985430596616813,32.388314964074624,4.594694225674377,-0.14198227703571847,1.241017431739989,3
3.420179890182912,827.4664090441365,4.7906558624841455,-0.2454270938993896,0.6762841987488426,3
3.012514708988997,316.52896655277834,4.481234200257458,-0.14840175531687025,1.5528298635095448,3
2.776937004035044,356.1603384311021,1.0434293464613211,-0.3033973450053086,1.5408955221550968,3
1.7028462457584703,625.2610866275409,1.0089847234708953,-0.32125526598108417,1.9626075578651851,3
2.305883897855205,302.47859245345046,4.02135652411657,-0.17661947196174568,1.167711691321985,3
3.921022350466578,721.8012887233067,0.6688928604157816,-0.060557651459816335,0.7077683729738122,3
3.3132320046615233,227.3629374742477,0.9212949030563378,-0.1615132762107189,0.92393274085338,3
1.706921530909048,546.3572040228705,0.5093003183348936,-0.09776875140317881,0.8831752668451802,3
1.237224776939408,111.67139030628368,3.3889650030712333,-0.2567719044959208,0.8115510412619993,3
1.8240719320689422,457.6337759218775,4.8142571138345875,-0.336698746268634,1.8571314538632808,3
2.4087284701633784,524.9452346239271,2.7213203761327156,-0.31207120601800126,1.5542814355666894,3
0.4234272231594348,871.325136968992,0.9857626463416369,0.07607524850425067,1.1352769097164956,3
0.7603432103144485,498.05914084486386,3.196003552137393,0.09060258943707017,1.7953147578132835,3
1.4160749425274246,517.1321363009262,0.18542767370659688,0.9661518550598119,1.0515233958729204,3
2.735709198871831,237.05792754797625,4.163853944545807,0.16540039207824284,1.47174008406912,3
4.725380122821565,822.1935548002112,3.9631397805223556,-0.1533905327007064,1.9266941393754582,3
3.663222965441066,624.1304563589368,0.6108139182791713,-0.25811373879905475,1.8793156643061915,3
4.692406029507823,694.7141155973843,3.7913526553583172,0.09989923161507497,1.5153553029572928,3
1.4834519320353547,593.6732557282443,2.114557982594412,0.615742505086624,1.299617559300506,3
2.8283105284693897,546.3685075741349,3.333487460186517,0.12613048736157614,1.0407146768119757,3
1.233591600598295,108.01121850893031,1.2311923739261688,-0.27449188842200134,1.803781527837173,3
0.7180826427913735,729.9311725409058,2.573848955815137,0.34900565763000513,1.662894157320696,3
2.3904107465384534,884.2309782765276,2.629349609790564,-0.26565271995486756,1.5522780499239048,3
4.303441641676521,349.26779601483696,1.3251664825968108,-0.11217502362302352,0.6288515497923921,3
4.496075978160287,102.7097033780056,3.2741323788584498,0.07565041424185269,1.093837253814491,3
0.6858235111194537,910.1857823364534,0.5380140277077752,-0.05876969885846226,0.6796430407254501,3
1.7109821016024396,141.95323863532488,3.156118948256874,0.41278942232301213,0.9182511948949224,3
1.1623149347409756,670.4429586065106,3.0596991416657433,0.05052691678589573,1.9671837737042703,3
4.236153342989954,783.2750721389841,0.8858463003387788,0.4284995902058101,1.6754803268535903,3
1.5009974675979711,484.9682142843221,4.984961629610912,-0.4224941069775506,1.096129671823148,3
3.254398658825626,89.53016855963727,2.5983835491964693,0.12348942698217727,1.0155973362679085,3
2.679157982450708,668.2943342961777,3.1598010097218454,-0.16853651048537527,0.5152318336924064,3
0.35562918898415685,965.9050466784348,2.8465562853798674,-0.24999464509261662,0.9712440669957878,3
3.0639857922648144,947.0068187479006,1.3093995016525517,-0.09535437139890397,0.7928351624602662,3
0.9964229433263087,828.5694184807866,3.901098920476626,0.21944769196393124,0.9987202744247177,3
2.603482377821684,550.9085834634453,2.142955734895295,-0.19544564062724576,0.9171090349581519,3
1.4285058218726412,810.4447296565247,2.9091247998243586,0.22403764407424118,0.5674367116480751,3
0.44965105189004617,485.0416528194548,0.8639200287957038,-0.2488420872061759,0.7372891580369783,3
1.6003326108247775,104.8528746670841,2.841696386264536,-0.5709185692830835,0.6288097469959812,3
1.6046700366272018,916.5476562757628,4.836863319732716,-0.5097693373248382,1.4681896952786113,3
0.3536107518899778,283.75657852901276,2.2470210004765176,-0.13581451038457548,1.172490798931809,3
1.4446169562466709,900.7820913743484,0.7074719504087449,0.21299310760447507,1.7868653375189942,3
2.738096817438796,938.3482693591903,2.724447331959088,-0.2979449659019295,0.7701772205370407,3
4.6638027234595985,500.51766524220284,1.253187886162276,-0.24069909687346655,1.493826001815742,3
4.044523857927846,319.6886278315766,3.7585296827894967,0.2896079064335855,0.6821979531925588,3
2.2761980676816553,837.2148942287148,2.6248549210822403,-0.2973774712972257,1.4784344220521908,3
0.4778393972502776,577.1021394400888,4.145167006519716,-0.48198708598365875,1.2786558585645529,3
3.073434001534891,560.4532854775961,4.30536626048253,-0.22850278023750697,0.823001148786117,3
0.5483989542853153,427.9765561551567,3.8733322471960987,0.004471678200684608,0.8947670943700966,3
2.627873992504436,897.2105258790674,4.743019983412105,0.12365682790927836,1.2717517309070978,3
4.384897694123681,800.0350068969568,2.0888180351575802,0.15250075776381858,1.8926500780218376,3
2.489791403370259,723.2501486851303,1.821484311932875,0.12611134352566533,1.5428148211336778,3
4.215241063916566,687.7058809563476,1.8672115240517948,-0.08162338933618186,0.7075764112264897,3
2.439410161694997,757.2710752954887,1.1339983839172003,0.1344986364084971,1.9058533086345995,3
3.3575929346535602,165.8224289516405,4.004881846729597,0.5108827804047753,1.5223257519012547,3
0.7384133916314713,203.74937642759622,0.48799631881256444,-0.016038107379609413,1.0784466772907224,3
2.7999165432859776,678.2971817949636,4.155232176587591,-0.30108318244894744,1.0035243359004862,3
0.9224175787204223,550.3991049288633,4.1753931596394205,-0.1838194267112401,0.9400920160264763,3
1.69363592839084,261.88468779942446,2.287548178530816,-0.30708833710179506,1.6752275351211408,3
0.3386851678468902,979.0688632660026,0.2547805770369076,-0.10856799883493493,0.8667052157210746,3
1.7148914186126896,561.4044688371351,0.27764418693843607,-0.11241319514565588,1.7186367558090536,3
1.6079431937716444,904.3722805685256,2.0530469857303606,0.21325863729593164,0.8794570715890704,3
0.48682377345047634,919.8900319242406,3.1982097989735108,-0.2646176753318215,0.5150452934631153,3
4.047879402436462,574.7920644213459,4.734370361811459,0.6253436758535109,1.4699257628727622,3
1.9260210152440689,282.4106611079662,0.8325949570211769,0.48562117211634986,0.9551571019072067,3
4.835141469304563,784.1618880096867,2.9742440353965236,-0.22539869721428069,1.6392435683072892,3
4.5838969868055575,449.56627652427676,2.821520533129751,-0.1627529025717533,0.5383772906956381,3
0.8013896351962467,212.86225883247295,0.237522988564882,0.18354825459764854,1.3431875574399808,3
1.9628994177789632,985.5167908982354,3.7937223200443855,0.16025287841246166,0.9594325329893141,3
1.4191996446153172,52.260496284647154,3.463523206189148,0.011705032466336772,1.193286585434886,3
1.1392845176205044,22.11203457654439,2.7024840191100634,-0.3026289818106187,0.6474784881423392,3
1.5472105712519537,109.49648844186173,3.885106162774788,-0.002790953351705338,1.825597677371343,3
4.166870854576851,316.9308175692314,1.4548131508018596,0.5605573557852366,1.264175712276519,3
4.1799638310723415,518.7180335827173,3.306202115849616,-0.5166613003297121,1.9084378134641136,3
2.710561074413153,694.3256547021754,1.4426192513133924,-0.08478928650653027,0.9608931085310688,3
3.291138801860865,219.18782109466406,3.356956481857758,-0.33617946307624635,0.9929890517597997,3
1.0220139851766001,42.28411312703653,3.7490938014989563,-0.07501685923561294,1.3443438418285873,3
3.7305547457930857,426.72904271361284,1.6166128925214496,-0.25400704079227127,1.8896247519314295,3
2.5926581813088587,927.8312493560641,2.662319504470729,0.578157478661474,1.2798294977067342,3
0.26451533780807723,388.14280392660186,3.8754898704710734,0.036796251857150956,1.2951484248126397,3
3.447269686753077,958.9656928024662,4.477549359096166,-0.1375623667705573,0.9459987030245207,3
3.757159519630756,861.0781961729426,0.8946553117525728,-0.0961334718810422,1.92580769535499,3
2.5097784851494693,668.0465324572634,2.2306147619281287,0.10902390104463912,1.5237274855439182,3
0.3764728393085892,630.9966247057331,2.2125133440768296,0.45871319334214977,0.6771917219708434,3
3.9128432434706713,140.2600111797343,3.5040432585605283,-0.07089323854112664,0.7340469143963944,3
0.6131442368877031,355.9710112642836,4.597869969499757,0.3051802916722666,0.5619481970743945,3
3.180409009590207,799.3510506759623,1.800740334315991,-0.14386052345407635,1.553331262864428,3
2.427658239727749,379.5411181654212,2.4127626523566774,0.32967288843695636,1.7730892814787467,3
3.654546685143192,762.6724645427939,1.7484756361540115,-0.16617476291077185,1.8748066285295875,3
4.424792333114628,748.9297440476452,4.865182642523244,-0.026635054351723964,1.5261462108697026,3
1.0300228459315377,88.86977037855512,1.3007599517280894,0.03865228329689724,1.381223398027886,3
0.6641558490564707,769.9400071416961,0.4557772468029814,-0.2564020672718076,1.6002107084393105,3
3.4058179905112027,898.69907299041,3.2893339657032925,-0.12156713433897297,1.3577154994929144,3
3.7466686527317163,228.79271775986913,3.991533549485094,0.35606743145965525,0.6647595411001648,3
3.0150766319265334,956.1083191551663,1.0424506582945645,-0.0723498926087109,1.2933370844399656,3
4.32941863702295,200.839396278302,2.156539867873801,-0.2274766793622555,0.6333585787716977,3
1.6927773299924,351.28803782688965,4.011704876230324,-0.3525508350337387,1.4603632033090777,3
1.9967082128241591,257.6620326565079,2.4991584520472734,0.10966638238646297,0.8396455991330269,3
2.828309058800911,530.1093762584718,3.8904115923137623,0.22637484746450848,1.565497082372723,3
0.7209836281250319,820.0377347201158,0.6365228538579106,-0.09660050683431627,0.668841730798875,3
3.608080196912585,89.00364397062944,4.823601026484675,-0.05570091314160971,1.8513134110196916,3
1.4706254008783601,767.3695676560167,1.713526069790759,-0.1633167821928399,0.999014222374913,3
1.7556257013556686,659.7267234810487,0.4118895876126377,-0.12168859788956543,1.2194799778506806,3
4.77306951788313,512.7811386072458,3.328185934800468,-0.04452323254615357,1.9126105202596937,3
0.42469465176325805,922.935890062642,2.069456632642117,0.4743079285440737,1.1233032507790244,3
3.4204581197610398,197.60751428891342,3.572428101878365,-0.2565600007905861,0.6494892875885159,3
0.6832623864852447,254.4113273212355,2.1487218529737744,0.1395981846419385,1.1636220479445558,3
2.361289117998624,798.0328383926701,0.14539205180393547,-0.05439948153630814,1.5683199509103338,3
4.3897030706805795,134.74719831208085,1.1462322842950137,0.05674574820915498,1.2315981984672921,3
3.3408561125543086,409.7490073514762,1.3684911368464725,-0.06346923008283764,0.723729517151745,3
3.948362944992101,102.11411318378454,0.4472997240210964,-0.13947731113101608,1.7230313873082075,3
0.10612302306104952,903.3009900583203,1.61108066265657,0.1334335358114491,0.7702339886381019,3
4.754988560680005,900.2712683749019,0.2600336965560427,-0.034467663957059046,1.2288227547212995,3
0.418765860995461,738.117143610957,1.3199451372758852,0.4288614328140624,1.7491418816655224,3
0.7925547892536434,210.95356390679285,0.6354584140921237,-0.20830828974357118,1.6022150408907716,3
0.9770353155234587,33.92361854733692,3.7554361030052896,-0.3783952844429371,1.354202519076928,3
2.3224396110356893,500.916687673307,2.307776641280518,-0.10835707215329396,0.5763174332561598,3
3.682220508000184,296.61718188179003,1.711068523089996,0.15804083106559108,0.8906876866881086,3
2.7338802581398993,404.9073840106255,2.136416963781893,0.25534987078187044,0.5588786862886034,3
4.085318514866467,71.7247536275402,4.261926711724767,-0.2629726398252306,0.8209431425249303,3
4.377663093198741,141.00872495226784,3.697083179989088,0.23277453658699937,1.868202608504766,3
2.908825832142698,338.8760293865696,3.9763123050044844,-0.19097535327654167,1.0500642831777454,3
3.653845493325542,359.7108445612327,1.2399701722247611,-0.13041588684609498,1.6985607526580608,3
3.277621528297664,146.50586436246013,2.571029060160475,0.26761749622836606,1.6731670603826065,3
1.8065045785582334,285.8399000988836,3.851508656713444,0.30211088516352025,0.8227201606620611,3
2.9480841010495746,392.7535149551802,1.6421607629789325,-0.203085287383077,0.7247023461414593,3
3.844016087697544,369.81363545330515,2.9902061126741946,-0.29935116078186513,1.9289192444802452,3
1.7732796661193093,878.4473053260924,3.224594832624474,0.3636012798686405,1.2575334679890207,3
0.1677550920722053,704.7944613951684,3.5327533369489896,-0.32603166278912943,0.5435157306807317,3
0.22939203854514695,270.55359647162504,1.2413123643587507,-0.10086599691772612,1.3311917002919178,3
4.334890780708919,587.7956537252547,1.1719562454167274,-0.0908541818941596,0.9051792619634349,3
4.037116406699682,239.93050455891327,3.604968419518303,-0.4286104743899631,1.7332229466274254,3
3.342844007602423,81.47377577176884,4.0994445466585425,-0.2470376260195344,1.1682877142944301,3
1.7677872796263367,274.58707320515504,4.669104913936242,-0.11716201969905866,0.7147062815230831,3
1.5009676908254892,488.0270234426032,1.1897355073801856,-0.1879431050443527,0.715422500529292,3
2.8026792403124023,288.71914874895583,1.9010949068435616,-0.15028091464333662,1.2701014074510686,3
4.933226083759886,602.0996457832599,4.202452096306407,-0.258404245310729,0.9310402041653099,3
2.308335394044517,871.9693128550912,2.015990738363794,0.32861936121357316,1.1013098853800807,3
2.4328131409322626,549.953184138685,0.8573025851487404,-0.11480308703576493,1.0646178906878165,3
4.30045838777161,621.6492557841736,2.008093101065911,-0.3805493674225739,1.5000466254628742,3
3.7598196762357685,403.53318151405966,0.596131814360523,-0.06683085054498952,0.586248092613505,3
1.6109077233858156,847.0682393319801,1.299261067059296,-0.16200714893130252,1.0163992947117715,3
0.2961689343472741,408.09094517157416,3.145168363830746,-0.13977751108668354,1.9670034019370195,3
3.092020151950881,590.0488728300609,2.201689527029624,-0.0559650597506681,1.7792824006195154,3
2.1404554483263594,734.3226593019164,3.5004236648526215,0.316114007707935,1.9452022102898636,3
0.6321898375632672,662.9396111595987,4.97996729137669,0.07717810004388016,1.0501245168129247,3
0.9075123183555396,493.6533286987211,2.5769356975015643,-0.0810652207710606,0.8843511777029087,3
3.3205457028473546,543.481906239025,3.6674305669366656,0.2833759036715027,0.6804334878399895,3
1.940432531626025,712.0460217199952,2.2493887435029034,-0.1397768236644177,0.982741859524467,3
1.416665522030119,454.71614296907313,4.439188770443806,-0.26966549046000304,1.2114205430322187,3
4.5724275525197005,344.173842598558,3.246142809419483,0.13467429549584567,0.9421843530460203,3
4.5169450315500255,103.08644349637477,3.6662526070840142,0.5527097309207674,1.4950502968856083,3
4.670083444350622,741.0070733547497,1.1698610037709956,-0.07160306170472494,1.4378712542081116,3
4.4662780724309,696.3018565204105,4.1121827698821845,-0.3169857885844467,0.9612918383754208,3
4.901241953226779,274.4423023051664,3.457719470407397,0.6180606852588272,1.2188095900850944,3
0.49564360882989267,128.12341786853372,0.8481219200820193,-0.039916582099375354,1.3545134939841588,3
1.1737384421336992,253.44755721801988,3.382377838279946,-0.1699711114750541,0.9256572143090759,3
0.3305525605857283,77.67636479695238,2.7841706982354104,0.1336130862428415,1.8188320086409124,3
4.287476626077977,475.63384254824894,0.435105471288857,0.4307707873201278,1.640516189767975,3
2.1037604850367817,838.8036345167426,0.9087583984588258,-0.25564064187491475,1.8188326631077387,3
4.554391084806068,459.02917539553107,4.66750629963492,-0.2141326372494519,0.5534993799690939,3
4.409015047865885,13.157015601744805,1.903682790397926,-0.11455479416816615,1.5135971812992275,3
4.329897283307613,571.6275086817077,1.2371316351285528,-0.05870735863585595,0.7845651081015991,3
4.536657708421002,821.0997777446888,2.314196428394638,0.535968227467865,0.9765144995602697,3
3.8180016586444596,401.78899226741396,4.105200871562275,0.020405370531753373,1.5022052778375414,3
3.508481524418562,480.2709174960754,2.6100861796814754,-0.27617296870742924,1.0316400728398933,3
4.66026745339387,964.4054581517188,4.76766099245688,-0.4336942504423705,1.7168829862225077,3
0.8550588317312078,401.6650675975423,3.458951261910755,-0.47754069702708296,1.9510429792023336,3
3.5074088441657714,119.24813648534587,0.2979858671884538,0.23715552298903836,1.4077367254308855,3
0.7229662412055061,668.7298628455379,0.5560349317871202,-0.24263866258864852,1.6557475564803703,3
1.034939838316276,486.5395376327444,2.481229484849126,-0.36939713015087294,1.7317439848217955,3
1.08533959854555,667.9082197547143,4.609851674982841,-0.36859695197019227,1.454267061878505,3
0.30762117022031715,31.53094373767418,1.6438325660436555,-0.1437230935410232,1.2231839285554276,3
0.6327817667189746,595.5205190937761,4.644212375663272,-0.33845365697883645,0.5006378118781933,3
1.7330820381910272,685.1850932718951,3.5839179034008275,0.4068753141432186,0.7619455086169427,3
0.4287194297941812,586.7431987264108,1.8751939003483018,-0.18261813720057615,1.4874516994966687,3
4.882102705847241,460.28884859482605,2.948326350789072,-0.148622666563597,0.5400621291071822,3
2.9344735535393145,420.5144704804176,1.6076122981178214,0.1441551075869978,0.9010051497689593,3
1.2781453203026034,722.4038327120204,4.07979969087623,-0.1134582430705724,1.4566346843474547,3
4.583803954741266,541.3822252937556,4.094192229342005,0.11475125685726634,1.3336142606394727,3
0.26272409941546937,513.1799128165362,4.363238973388446,0.10930658950906819,1.9392666139840062,3
4.981986529890411,444.76551331837965,2.616188691924163,-0.33693307303805475,1.4905888727221492,3
1.6349947394136433,68.99831753071174,1.2349972529552329,-0.4398620322349983,1.5779301592676627,3
2.2717168579269242,676.428822168041,1.7799475469667407,-0.32938320403647864,1.2557454965259733,3
3.130460591294582,58.58122103686076,2.125889620541908,0.5405170666322213,0.8490414618008846,3
3.9645906570105,382.4259579395465,1.7664212681621725,-0.17764403198481046,0.8050435833499927,3
1.0013748722137934,330.47444286817426,2.474246913302066,-0.3894608323619004,1.845029061266368,3
1.8706244509486574,255.66945467653517,4.800975319189571,-0.29909127542128905,1.8525728437574998,3
0.37358825317328603,121.54912767359677,1.9622585767546552,0.014219764345285804,0.9118112607139176,3
2.816834074751177,503.41337565327336,2.315144664220164,0.07091011500291924,1.524130005215944,3
0.8260212737725846,651.9491405053025,4.554553250936297,0.32436545808437334,0.9587018799565903,3
0.4337405897963127,698.8407598699401,1.1821528724595092,-0.36079791069323747,1.301555785130461,3
0.48476270340826777,287.73084543124605,2.538124995112392,-0.2627227982923818,1.210656492438558,3
1.2300491405583607,735.169777354392,0.4583242209729861,-0.09874332304754992,1.4829740115246661,3
3.9430883690178757,555.238627289639,1.4195029621276374,-0.1518152926147159,1.159706595756525,3
2.7118730443110093,682.9674222385885,0.48162817540932634,-0.0836897688435415,0.8503723606753274,3
0.8783426571906225,445.8467544139519,2.7495682228670737,-0.06434503034910136,0.7460997268388712,3
2.0575043429149664,242.5341208855793,2.3843715142830475,-0.23175188302333036,0.6198071685705535,3
4.653067749048291,581.8451934529126,3.0793153158906317,-0.10137165330332722,1.109080026417386,3
4.808219238775999,274.4966912991573,1.9025758584409433,-0.18466796362579785,0.5266234979021225,3
2.2492325108850073,544.109762874556,2.3307691164447064,-0.04697925885985762,1.8256885309607156,3
4.182622190667074,259.34400385904826,2.3715682649907235,0.3063034367112608,1.3034273288051994,3
4.945051598800282,974.6710183710886,0.9830271352127019,-0.06336718037032284,1.4243303103934717,3
4.3180617115252495,79.11724793843436,0.6624706456241493,-0.2008582338212253,0.7011010192505954,3
1.3398161692349935,564.5676887072021,3.712226947976253,0.05363990874926196,1.8830333431891304,3
1.56962974120518,32.07502424662228,3.939699215218073,-0.04712643871551551,1.1645545649200073,3
2.4188363442428122,440.6463400452689,4.98483218026092,0.11246754409263245,1.2377455067556948,3
3.9071737089574468,883.3706594751347,4.145765405428773,-0.22991829033058944,1.8581474293664222,3
1.4375143626569495,63.08983326392852,1.9347252180418264,-0.17588455148869886,0.5324822482830356,3
4.05826640373329,978.489957848133,2.624878344346196,-0.17027454674632736,1.587922398912171,3
1.3975762606946356,328.0039242631859,1.9170552544358497,-0.01243527663428116,0.9048677389680444,3
3.270203163024127,172.7010859223479,4.178807616926754,-0.09232833304235598,1.4900635893505154,3
4.190029800756301,190.54035018228055,2.851860117103231,-0.36402902498243533,1.4829384678823503,3
3.7518901031054357,254.07403005090435,3.796791973653194,-0.5878401636803791,1.4253566519822005,3
0.16954770831922877,874.363362350999,0.24644490433315056,0.10141256397302216,1.404311870690665,3
0.61224290470185,582.8813785508376,3.5408587751992107,0.15081373592272457,0.8198178916732887,3
1.9908058956150603,513.1614488726157,0.25144761613932504,-0.12367133253313001,1.265641700037473,3
1.987294430899764,622.8263890857747,4.879443060614453,-0.3961595525836137,1.492375308551007,3
4.631576902307372,233.942716938065,0.11539256601548248,-0.07171218338122763,1.598649427038099,3
4.947397525229399,594.0284173523565,2.281595222715594,-0.16676536673586187,1.4665828508162035,3
0.8337679214150191,254.44432186255844,0.6867789152538092,-0.2728994404908684,1.827678785329945,3
0.2000710735290469,412.3567669925221,4.874398611113692,0.10642127711197404,0.7768397219716736,3
3.963924846440868,661.4600527128887,0.9431032688542615,0.8577334295124223,1.3221393471592966,3
2.668752939348372,792.0135550625226,1.5993291659365956,-0.24777910852145532,1.4918807815917117,3
2.606055082680584,583.4409375570601,4.11546498010944,0.4203406161314744,1.007864182484719,3
3.5811288728989634,499.40631028231326,1.834379073263818,-0.10897008237997918,0.5461114791645687,3
1.0224686766670266,541.997052863125,1.9374678442469528,-0.27726112387775703,1.954202464438844,3
2.309304638072823,921.2849369560706,0.5779117560788856,-0.08599581946235285,1.1354290217377312,3
3.7098840179336245,933.2061960598904,1.8909654779239313,-0.134172819202684,1.3990611495933873,3
1.2841961987345119,150.48784018672555,2.8325558136495617,0.020250999424568546,1.465182498031818,3
0.47744089466025497,821.5459192255815,3.941718295016982,-0.02974727682005613,1.4946044764835698,3
4.230115098817944,572.0581243962832,3.184102277216827,-0.10427746459790035,1.9781057427757887,3
2.1104811536673447,374.78765949532783,0.5339521355094544,-0.16140876799041748,0.8520789026271248,3
3.4007721715850074,78.38405744202248,0.4440929039245224,-0.20406204725531712,0.8661962189881557,3
1.49268647251846,738.3380249971215,3.1351992976073446,0.6250407497736608,0.9495171793162909,3
0.997809637758901,256.94971647440667,2.6417992425788124,0.4333132021733199,1.410440766282353,3
4.646341929115471,187.47873167637826,4.664319058466813,0.8675693391758019,1.7967180236053686,3
3.8408014340597485,801.6460905979636,2.0334270504007317,-0.17745269504158995,1.8964407326988126,3
4.120658888396294,818.2310861959025,3.8640020927136107,-0.12447309402530997,0.5850564158627094,3
3.2488674150024903,217.6506831092717,4.5568806779257836,-0.3323963882088609,0.7246556571744387,3
2.3232064512285344,437.52471941862444,3.5153636704708724,-0.5186557353634309,0.923954941908633,3
2.6850915200142063,731.2827994116053,0.9509754159310189,-0.11660888429136315,1.0678790439434882,3
0.4912087329507804,505.5686588775089,1.0653980918564905,0.38546057857823207,1.0321336717779337,3
1.1700327225580824,389.1604450390594,4.129590246799918,0.04567807747454835,1.183622506036325,3
2.8210129327843148,776.4919261111347,0.7019097342529964,0.46289860229098995,1.6425246933456674,3
1.6661417765071829,659.3524664339803,3.33628546281343,0.30796284788852385,1.234422612635853,3
0.3710162867110547,823.1928355175944,0.17229683970195975,-0.07263214096356418,0.8376929312865984,3
2.386583091919895,711.8247948434799,3.0943779674753604,-0.15147004664306574,0.6657871741855503,3
4.397985609996698,175.34275620576005,2.4780804780059436,0.3787447980516642,1.9787940448910706,3
2.12760712331124,285.3106641317931,2.9990288655845156,0.4605291241108688,1.092079759002994,3
0.9508903583636601,700.6315782039075,2.4406886672625174,0.6332645043217542,0.5080627386015175,3
1.7485293972920322,128.92335947851322,3.670700050086541,-0.43669243328687013,0.5873276208410105,3
0.8177844781334079,806.0169612368718,3.7075880990940644,-0.41392745128754305,1.284823179969987,3
3.2614857642089374,635.0453178953552,2.035098099107658,0.24267450125065676,0.6963966686406117,3
0.9701074742124519,662.6481218827801,0.5385090532888553,-0.24282332309301324,1.6055272061325268,3
2.995808760504064,475.03303605061353,0.9095904889416666,-0.44162675560765235,1.8677077823670267,3
2.757860984692013,242.13882257741852,0.7007890104804014,0.5592616881114476,1.363732246894405,3
2.274223717563434,313.64001098646855,0.876164136328708,0.49009265864342333,0.562668130066903,3
0.9604547936292926,399.2684366738522,1.8832028552370237,-0.6047042789341942,0.9961803437773128,3
1.4090563796829512,399.9837101227385,4.190633193448648,-0.22582281587674,0.9109919153858452,3
2.3633063904023994,246.28919052955422,1.175321111542747,0.22683839713629528,1.8769106825238486,3
0.9108825280324315,714.3601747670816,0.1469984669281587,-0.07153451415943114,1.761041774392444,3
0.2251140569636174,681.0627111577393,1.6792786813514704,0.02697800089445886,0.6484309510944867,3
2.703882663564259,602.5537760812764,4.868377090493052,-0.5504330754921674,1.990000426417238,3
2.0154206941440926,740.7310332332788,4.63348498197835,0.5959448359275424,0.7611856326384264,3
4.4421720426568045,335.1390344104691,2.1771937769635867,-0.3715392201005409,1.3709675636035616,3
4.939048253227116,396.4450000971628,1.1720163564475707,-0.2703070695867006,0.5112730008974354,3
1.7338266813512353,70.95681504751056,2.4137113127949887,-0.5924905593222752,1.2541986240485872,3
2.1529303019108563,817.004685128507,1.6681176936706295,0.24265017039746492,1.055838285712221,3
3.914635677076408,182.84649272167422,1.4177483199204466,0.03449218979171114,1.0578311467966695,3
2.2392147837071588,539.2665059754466,0.9739289444091367,-0.20769388048478887,1.090982202026209,3
1.5650409488322612,632.5158379060472,1.1163803577284144,0.10441636168808247,1.5828490341633787,3
4.552760903229919,700.7021768878684,4.922603104338482,0.06939014294865448,1.4810701803846609,3
2.70411518815155,558.6347534477324,1.4945642686434297,-0.18516058027357496,0.8019792260369647,3
4.486269156390519,651.3280717211771,3.1375988557800425,-0.35367713083407176,0.9969349914554666,3
1.9891867327493316,653.0450062092491,1.7744019404841407,0.04044317399204705,1.7742812545379247,3
2.404902959385595,365.3855892752688,1.9475912559284099,0.1810876917997438,1.822574451353153,3
4.332018078758108,140.1623998829061,4.163907112745603,-0.782703905198029,1.9438820604557272,3
4.736177290290712,626.7663924063429,3.599792521812172,-0.48557899891968753,1.6141995077589677,3
4.361462351003813,100.82192041153158,0.6903741813841844,-0.23401727200164044,1.024357608806704,3
3.9345322878885614,643.0884077477535,4.760800480680303,-0.07197887997859533,1.8751445016346715,3
4.450507256209827,122.15948880815756,0.45389266642685855,-0.1783703424164038,1.8198408250042202,3
3.053688723081622,600.4748938633157,3.2134357168417638,0.01725300798676708,1.0842334347992422,3
0.936258215639425,738.4490670623068,4.315070383274955,0.3035806977174315,1.4931613919843603,3
3.770261398862407,385.26683426651596,3.2566149815162846,-0.1517660570452512,0.6513630287713599,3
1.9912530024199386,176.21856752604378,3.4019319518260005,-0.17783222719990788,1.495968580633533,3
0.9183158127619728,476.25990786075585,3.0946633414169593,-0.11594540029227743,0.9017162553862066,3
3.7884523269279216,417.8856964180849,2.8295789030890117,0.04193715861830022,1.0549838609804745,3
1.1845861574995868,759.7638035634462,0.5828429024811063,-0.19051479971124424,1.311778683641758,3
2.851746683886588,597.9714731628886,2.9019134388692964,0.18057485147511645,0.7403276741759781,3
2.770713037835281,177.71318110862438,0.9873622239272601,0.20259283265878467,0.5276009411404379,3
4.854551367250929,754.132546414626,2.897695487544629,-0.22182047262787244,1.461688932326013,3
2.8426394807710844,841.2932991161952,2.3421295023897972,0.11644453724757776,1.9120627837421817,3
4.548710272020552,574.1850857178493,1.1596665052219706,-0.09635102909619891,1.4803401161711753,3
1.8278632137434863,502.37364243824845,2.439314701453421,0.07635266773850065,1.0689010379530346,3
4.0062873756522706,515.3238928353609,2.381729697912807,-0.1642082693010793,1.2175382013982259,3
1.7621679921191564,161.7369580610007,0.35081067250690146,-0.16246896794756382,0.7017389491058161,3
1.1899705808823202,58.37559874472772,4.076766934138561,0.05273605666690049,1.5387334670408839,3
3.2643213774715867,638.7626366172597,4.024136412267752,0.027289964212506564,1.13613290950674,3
3.5942526383930526,198.91075875635877,2.433085572595445,0.5792849683422195,1.6538570132717823,3
3.952118030863641,233.02523831808287,3.850575152967603,0.5282363885365571,1.0847327848497768,3
1.3736353847340335,825.6789662743573,3.033671795094615,0.08560390304627002,0.9389736483826279,3
1.8634423921709586,937.3892067500033,2.707163302421469,0.5600994514020897,1.3730554902017091,3
3.051965113488853,470.96909686020877,0.4040695824416689,-0.08859615182067189,0.8279283126244738,3
0.1027880740792037,490.15975448332256,4.953613234424408,-0.051111108494611354,1.1260677231754759,3
3.305724300623562,374.4594038344772,3.9250887098006166,-0.25714091883621826,1.340528284543123,3
2.7152303322909077,25.477163730946085,3.7521524052650332,0.07680973519895078,0.6320484438863325,3
4.351162300383875,391.81193596500617,0.9354406622419269,-0.13050042375606724,0.6303985449121725,3
0.6202952068690651,823.667326309821,1.77796451722226,-0.341226507545235,1.6432536163178346,3
1.5861698797847579,768.7828021776121,1.459992468036516,-0.20925721780171308,0.7089818383537264,3
0.9811302729815884,258.47401677758864,2.1341890251163274,0.25680165816229733,0.7917329012810437,3
2.6575353526405987,556.9291584485251,2.0496277451809553,0.2459954443160786,0.9611834862449355,3
2.7270140182625537,66.09733513668228,3.7185767625299526,0.4092539125617806,0.7320199467930399,3
1.3788856556282771,38.12610519386611,0.7798852932372499,0.644927366128504,1.0464226033899564,3
3.8821655889020517,470.31985808479715,2.195149658260904,-0.15730672184382238,1.302948262755991,3
3.571481277221204,249.72455339707344,1.4513359109278665,-0.009722590476324998,1.779632958769918,3
4.138126027369912,323.9978632164703,2.234270183263615,0.05618076223482016,1.4779800855603977,3
1.8050336445604866,760.6333564884219,0.4923306364785828,-0.19110880831142968,1.843666571310663,3
2.664467162800477,20.00257241679258,3.0997990690699284,0.06674395465138701,1.853809830568075,3
4.776706107962386,584.9732644364569,4.723148604309047,-0.1594676476411149,0.8806033605964376,3
3.444308004654869,427.00492685567053,1.6423849357318472,0.09206755657555869,1.5887569354521502,3
2.2547392465440654,575.6040379034932,4.12833175653912,-0.1180240324444815,0.6439578102474723,3
2.4383018588936456,864.0440018822379,3.3655606559832205,-0.34413099129395386,1.5151174105768148,3
3.3336941198655707,220.1895249490758,3.457424686776624,-0.2947972004116965,1.7834519307814065,3
4.233143141730548,729.0383215993484,2.586136069945254,-0.11586435314411123,0.7730868334094292,3
4.251371802095812,609.167488923106,2.0596472459794364,0.36796425279154454,0.7490529533436343,3
1.040363150733734,773.4102191079012,1.9915955482325673,0.010576530616067968,1.4488126153067058,3
1.551389072269982,416.5991970061714,3.675683208479058,0.21676489812249666,1.5783558361756667,3
0.3781269355950374,610.0429979600227,2.8294623151268694,0.06634613246771018,1.078147306640993,3
4.01509761765715,423.1545830415647,1.080757373404026,-0.12873232811615895,0.6573668430883557,3
0.8646203889548701,953.9157652468091,4.7381848941093,-0.25414895255007613,1.4545325163616116,3
3.6768802167688834,856.1895264819616,3.713130493477502,0.4231785875409467,0.5774445202646241,3
3.6163054120982103,390.3104908051141,0.12680982904199098,-0.024122880998990164,1.4736136325398141,3
2.804169592609885,161.31576059015882,2.3304504131418717,-0.07450217421146337,1.0507566728051057,3
0.5,50.0,2.0,-0.05775745143967237,0.6931471805599453,4
0.28642902968891265,482.60895184543057,3.595063700212769,0.0031600313675256256,1.1340445472371194,4
4.160561349781421,935.1957589254596,2.1983002087619834,0.09490378688616637,1.9740025820510767,4
1.7935845043678105,617.5189443842793,0.32787114304126785,-0.10138880316313872,1.6152515369332585,4
0.5028218594740148,855.6414842287077,3.3939987795399698,-0.5033267782185782,1.0659445653990343,4
3.635165425758381,332.3188616978517,3.412913417846801,0.6437838427256317,1.2180785011787068,4
4.578562469592743,517.567905764792,1.19814476193856,0.2879857795414725,1.957885542226931,4
0.1540712875963235,538.1742303008812,0.19728528687921243,0.8301825105969889,1.0742425037320489,4
2.5624586595800327,250.84584100338378,4.459719526462372,0.5252725834293037,1.126121997177865,4
4.029533401842344,129.76263034602312,1.0483488499815736,-0.08182759537750979,1.974524963961962,4
4.104307619106182,688.3901820869058,1.2485287041520439,-0.15304093517004821,0.6740111355961216,4
1.6430645211588908,992.0095771673145,4.524112018572829,-0.3236736029656976,1.8944327210847554,4
2.2961148375441813,830.2161281697461,1.6066617345589917,-0.23728371132229065,1.6905383522035957,4
4.583804518856838,240.2510296040695,3.2505171281254674,0.22160677859480718,1.5639625714634044,4
4.202670283080278,856.7009095372738,1.2975177536546392,-0.10923976156476237,1.7957202214606152,4
0.2381271626763265,481.38004206618564,4.02741429455616,-0.13374218236547364,1.1027511455694443,4
1.9518238355391346,578.0313448099348,2.1242130893637974,-0.2669888421195169,0.9422483523772973,4
4.691197273221899,297.6882811836059,2.274038485996036,-0.016506061391521974,1.4250910576767493,4
3.052194351399084,646.7852053119406,4.631968260522277,-0.33629774966331694,0.946029674727248,4
2.130403173751336,82.84837294019474,3.538984060213801,-0.44570558516946296,1.1481957706636237,4
1.065642533344791,313.77071872161275,4.725249497409221,0.495700710240974,0.712711017419882,4
0.4814450523139865,304.575014451799,0.3489194402050557,-0.01829601072400256,1.8491833910952182,4
1.6852364883994908,810.0782859632039,0.7828147528866586,-0.1415745226285458,1.731384566602177,4
2.8656196773943576,923.2259993574484,4.827284917374202,0.16970980874536784,0.9955852127060507,4
2.229594647389381,93.72336582993539,2.520187253113816,-0.09463337792206146,0.968056086680454,4
3.3888786157385313,175.27756012107218,3.538235137365213,-0.6459173197866883,1.8328190634850294,4
0.124508338326834,611.6871992903527,1.7923108168350135,0.2626059661286176,0.819826212759236,4
1.7681951390670458,23.974067352001097,1.8687667301835227,-0.2072835688658992,1.127362380936616,4
4.8918858482412055,246.1183043319309,0.7770935026103812,-0.07630979444707324,0.505958998991674,4
2.7192711686868303,531.215728715899,4.129299467983023,0.2901698393862524,1.7970440833327284,4
1.1717439553340177,172.89104259532382,2.281633188503854,-0.15713007800877324,0.9703977425501791,4
4.270039846513956,426.5206656649307,3.2097114491908285,0.2786043159787532,1.643048099815229,4
3.5961057169763015,395.9583324088656,1.5568333535618253,0.3212735401240333,1.5855615091950923,4
2.4644044406159207,770.8168603953324,2.750515694041831,0.5505479445493916,1.3641014481789868,4
1.7684184937607206,625.6434656546924,4.532172136046668,0.42590727092994285,1.6925381135796167,4
1.0695976173391186,335.13815376531954,2.700531804765922,0.8928284644737827,0.676280663286567,4
4.602462124885818,141.60233550959077,1.1692966437159225,0.2788748021727516,1.440725277708928,4
2.281547756864508,530.8738070793795,0.3879234040890066,-0.08262985303942426,1.4040231600168516,4
2.2916576051852284,579.6865261301901,0.3637622804995375,-0.0848689867492736,0.5395580071584425,4
0.9584007553968981,630.9831487347749,0.2608171301357871,0.9803933901471252,1.4668542031998215,4
1.4674574268439196,41.85172048383722,1.9512777879738192,-0.09980193303966521,0.8785868650187812,4
2.723928652978503,812.1292200155453,0.15626445423708685,-Inf,0.6301469412235595,4
2.426486890462136,839.4364922014726,4.8805637907397506,-0.4504654376651081,1.5591624599771678,4
2.8695717812556407,194.6045215081916,3.8628215533538426,-0.39577669916509384,1.7056790462018454,4
3.410843011783614,397.4866671523709,2.1193748443192666,-0.2984390324022835,1.9365916263358391,4
3.8488512622504674,324.9344502123541,4.437692396032275,-0.04354924372398516,0.9545072704544768,4
4.365867184486566,763.8005761111917,2.282934126276316,-0.11473275217573607,1.4181173341739557,4
1.6658866452320602,385.7758138187188,2.3375452139302526,-0.31236922046661647,0.9270229904441083,4
0.14415122884147719,655.2705345796085,4.700350215386807,-0.03947332080920571,0.8221518140047286,4
1.4849305865835516,761.2432369364407,2.3371366410167513,0.035314844033330066,1.294294157917616,4
3.5231890153521364,923.9459587811552,1.5806616723313132,-0.047171539148809595,0.5753249972747055,4
0.2762039993964005,607.0207198928575,2.9421280467399917,0.13286377134149419,0.7232194349855925,4
4.065380245890636,549.548420163161,2.5211213816811484,-0.21093930733980312,1.209842772600541,4
3.2350222693669624,784.685995048963,2.077189159708601,-0.19826918732448198,1.7961510536377219,4
4.5926234640526955,67.89484189753614,4.363562984486561,-0.41915122796436427,1.1712297350157554,4
3.165571440839572,565.9077328326925,1.4776959302888235,-0.18976786465987577,1.4014739149090125,4
1.7390391442672242,948.3144051901539,1.0787136482075446,-0.21074352299356516,1.374655459110281,4
0.10625635808456754,585.9790640890968,4.028861931519593,-0.11564600234233043,1.2104873452641849,4
3.625256544088792,561.7069047307111,4.3417904883781935,0.6171891847617527,0.8235768759280567,4
0.2951576051663,195.2817047231743,4.873982880632728,-0.21302929350808048,0.6431870631700949,4
1.6474824026060644,118.16284947862214,1.181967909949492,-0.09898486215136144,1.791892633655848,4
1.7921655950273825,343.7487189172329,1.3925271282688727,0.6004944604469423,0.770159475007675,4
0.8546272874199272,736.0162513076041,2.5983766813876823,-0.08291391200368371,1.084235951517585,4
0.5968722013649764,813.0936647010324,4.094582431440755,0.4595814773702317,0.5692989982516015,4
3.949933242054929,501.77163992781453,2.8972862241053035,-0.3447148509968816,1.6646415841053743,4
2.3179777688049743,711.3432108017215,2.530279713651069,-0.15016979529252014,0.8178664204255377,4
3.314733783878864,495.7306344695976,4.225783287562907,0.5726919284227521,1.2222734372319266,4
1.3323781757700164,175.94139255453527,3.615402218006104,0.5124809044979426,1.226499679412019,4
2.4520409926060496,70.12756989033821,4.559449475572764,0.12382392663474186,0.7039980578307152,4
3.65465931196814,389.933495620515,2.993066858630454,-0.30400703229547293,1.768393221146643,4
4.982845671703869,416.3343719656146,2.6779721930783054,-0.1396230186323723,0.9162607705756243,4
4.545382638747051,849.339139808882,4.338441093753311,0.2625409378204162,0.8270708476005285,4
0.9176283603517548,426.85820321255886,0.4204861577910054,0.03099517842276347,1.6855027302872654,4
1.3877996531631076,778.0985138647021,1.1682819992274665,0.1753713236042344,1.7115771921222955,4
1.5568096822854474,193.6148841169566,1.3709240760440478,0.3764466726998143,1.8222082426253488,4
1.9803956878779958,16.003437055747362,4.587493953780641,-0.2570598433483018,1.1779536567714304,4
2.599924008757253,353.37830765277783,3.3827804401041925,-0.10513839640536188,1.5453265688018916,4
0.6361038987755225,302.48343096210243,4.175350672685133,-0.09742470566053489,0.5346363569331769,4
0.7808853064914061,532.8527981542289,3.7590391428871484,-0.009274751232023369,1.271626904558769,4
0.37302163175028136,582.147964682059,4.293434533112764,0.265187631744892,1.1175571600062364,4
2.1406990751810793,653.4145253304121,4.7841042384100785,0.0927485796488447,1.691230699101728,4
2.099976182961871,197.6034490560638,4.057472250356274,0.5120730870243455,1.2339584269660069,4
3.743004066353598,101.40326646341788,0.863331420556615,0.691766677023212,1.49386317578958,4
2.275376584034722,100.12720493228996,1.3003185618919983,-0.11255801323526451,1.7078569894634634,4
2.9956691867458085,165.0118576414197,2.0943230787697327,0.13235079833161031,0.52865301609912,4
1.2980074225362603,635.4135353713216,4.486236115939661,0.5000602052979586,0.576842015182149,4
1.050619502871964,345.101717046211,3.197902868092924,-0.09752164940305631,1.5251535966834495,4
3.6226900300993443,214.57390257427397,2.8814721876459606,0.12052780459063088,0.6538801697713752,4
4.126683201577641,560.1020577690243,2.807309079208557,-0.3232249310216239,1.2081507520646007,4
2.8689564353133408,804.7164380629637,3.5666201944747944,0.4538200621228363,1.4606244628032201,4
3.5631950228154974,974.7958007135054,2.1611206372872673,-0.13849541836194312,1.0820534404851117,4
1.218392200945381,528.9591100484678,1.2716362812876276,-0.1348809251633784,0.6026960745954462,4
3.774329722000842,578.5989295477075,3.8741204998250223,0.0023824649025392113,1.213435761524154,4
0.30066971920798213,155.1482116321423,4.652996352385288,0.03832606001780671,1.595763423827946,4
0.4295818063557342,505.58496080096523,1.621192060973037,0.07577336271935343,0.5528429629384347,4
3.5512338963469734,496.73220309742607,2.2196738210877247,-0.19370573321922285,1.0848598426048466,4
1.564329546030997,422.1041646797989,3.0810431093104094,0.021658983834665045,0.7488330347606749,4
2.3588714773061406,593.1897370576587,0.27944277847607857,-Inf,0.5844766728787785,4
2.0549711027437305,462.789953470035,2.710236066328838,-0.17552386963512848,1.8259553627003855,4
2.230216032721876,171.2299445449838,0.7878780329414561,0.45587451189580175,1.3035744138107765,4
0.31967528471917706,248.69194577263568,0.3195061472411215,0.2958479012580725,0.9913291252467911,4
4.502874064128933,398.07484221647036,1.4744707492500588,-0.2455716550888976,1.4920695356602893,4
4.065546227443692,913.248576887813,2.756694788427771,0.13219155597219384,1.9362391795187903,4
1.933096180594255,729.0519599279229,2.4026635789048516,-0.13478023806383796,0.6169134767418573,4
4.042363181106189,260.54368448452715,0.32920732096253796,-0.0671638374431728,0.6119251970737921,4
2.790033365439339,836.8778058575091,0.26212226263469907,-0.012910346974429556,1.8471727097388733,4
1.9277770122505302,801.1751025876374,3.4780967372513842,0.22253093151637396,1.888964227248103,4
3.927553596763241,601.9815072078862,4.521716324049678,-0.2197923071023,0.5174157569773568,4
0.9773013367031085,790.9963343218727,1.9282441844670664,-0.20549345820018786,1.990857199336015,4
3.210093192483589,664.2446402073942,1.4434379342796877,0.312430471436459,1.1925329864953351,4
3.719753672882248,922.8767300562542,2.050153779136885,0.33460665809206347,1.3516537281466001,4
4.007025323782001,919.5465541684144,2.2270335942777812,0.6615807843689214,0.950416812878641,4
2.6509535451627366,216.94525080393646,2.038857821910868,0.2737748358626458,1.791286379216257,4
3.603790790655194,645.4435144571967,2.42889681604578,0.445217044642134,0.6989368150817268,4
4.092346058212537,192.69051799955676,2.676368398185812,0.5462224181268234,1.3922786508601837,4
0.5555345854908413,210.19554515133015,3.8137273398018823,-0.48480082076464603,0.6087526288007797,4
2.50864562626211,139.1412265622623,1.739591731325251,0.14981767541357174,0.7071674633234998,4
0.4298666977464948,449.8148651495691,2.783909152736579,0.1995282469353526,1.1552057324023959,4
4.117145770034522,496.3527719291577,0.17681432977321027,-0.02339514184223016,0.5712684078850117,4
3.0591772679951257,228.89773641305612,4.165850977126039,0.664107289615022,1.141088254342655,4
1.9860092976216537,277.73536473436167,4.244917985393403,-0.03258883924178796,1.3702938881971742,4
3.6926919284592863,887.8667517160953,3.8046434177381085,-0.4006921704209479,1.6847712376294397,4
1.7834704979482925,968.5358451561834,0.706765864269976,-0.13860334436724453,1.3972548086762875,4
1.9378924170895002,454.46327305972824,0.6022483469725166,0.9011796061596761,0.5236240672257821,4
2.2748972326711048,607.8881343679071,2.7014987136946162,-0.3670570988129588,1.6111950980024865,4
0.7729822936464485,574.1137444028358,3.669085463693769,0.7243854658845051,0.8066857554846972,4
1.3467108807899544,97.27596156325826,2.8249159677396016,-0.03243618769408873,1.4361569685370994,4
2.8276185314752884,495.8905511759577,2.3493850916582186,-0.33438793582540494,1.7248119156563049,4
1.4983246264021874,384.14782557026496,3.04515102520018,-0.5062727865205485,1.042946187111251,4
0.7575076627927341,66.50802319154391,3.940807548439694,0.08230567921622835,1.9971113680501418,4
3.7120701126098035,701.6439414292515,0.6160550688146242,-0.07698365260695605,1.2079364285543241,4
0.13705508244704234,862.8431741352873,2.718226856516209,0.19432887559366446,0.8828779199007458,4
0.17927906774199662,158.97709686061998,2.9741207604144586,-0.0060386794074460265,1.1343272626423655,4
2.243815762262014,252.77324307514206,3.8941322466538058,-0.07787388002450991,0.8769789216577112,4
3.63690413470112,45.7817919616921,1.4943580526898042,-0.6672429875931114,1.8155812194690015,4
1.033288314146605,215.31708985866976,4.5612310651882755,-0.1273314001820919,1.8730358266297644,4
4.5751482571813815,971.1393079618023,0.6753922809315404,-0.07487217376137545,1.1524810753414036,4
0.8809722504797922,434.4091027883546,4.083940358341833,0.6094108660956918,1.406094664162641,4
0.56035712404548,736.3325190347618,2.7994490184892418,-0.317780579654134,1.0321691060296696,4
4.127719978547118,232.50997962079902,4.882793462926095,-0.10837454889776803,1.5448850942786903,4
3.0485917319128157,101.95805710111738,4.496499466487906,-0.05509858333779699,1.2075276835478357,4
2.7946966207044874,970.6642177680867,3.005358174512575,-0.1846817772824149,0.6907074633771051,4
0.37969394472704565,575.4604725328295,1.4876746100699278,0.15282603283725493,0.8303306760570057,4
1.7818401399890857,50.6839863860097,4.496549264531553,0.3952332666175986,1.4193652364900338,4
0.5935597091640817,860.4343490764271,0.420657098942978,0.2488900438733406,1.1969405535162312,4
4.600238452442722,248.98758305638248,2.731378931706119,-0.13897400227764012,0.9493802456704903,4
1.7344695716476224,321.9978986135588,4.679939234457074,-0.30553545348107347,1.1487197735020893,4
2.6856270840274394,416.64481499553096,2.8085739803769556,0.22509683462966515,1.8691525358654555,4
0.6017668309957876,761.6550276554182,0.537873896537527,-0.17860978577214295,1.3568634798125265,4
4.000645991665186,584.0646162885239,3.498153265975295,-0.15069752941736794,1.2032966347037704,4
4.387869992139679,440.14934955964105,3.630105091045961,-0.20625921191545563,0.8274965785230162,4
0.14712628480736317,505.4454004230806,1.3936197461650723,0.06817004990606994,1.4541900659727105,4
1.4646146089179113,759.27560849227,2.4540595143012474,0.12343798754953969,1.2116883157346543,4
4.956356143317839,159.89665062280773,2.2846453672314704,0.08961610076269375,1.137625428384037,4
4.797043319822375,65.09110662169036,3.9504349785648785,0.6540817209939769,0.6892027275255581,4
3.8531250647671094,664.4239131578888,4.720570036794393,-0.17221044419264078,0.583125841371037,4
0.994962844540442,299.2427997671103,0.4648458067364827,0.06860223941169452,1.129841381729316,4
0.9637607878635603,837.9154730992353,3.7230467106370826,-0.20979174756752,1.3270989437337564,4
4.158004585605135,564.2237289865047,4.523293446648515,-0.21610842256093782,1.7543329364799503,4
2.4915522723188204,134.51243933696037,0.717566641314175,-0.24050952423496788,0.6645937161635063,4
3.7667444283002585,52.94500270790151,1.4758921717043467,-0.5826241892244581,1.0797322899344766,4
2.1443513029217303,466.0475668404145,4.249613491956843,-0.2476543284108138,1.133630587105718,4
4.4190527740955154,878.4519243512391,0.4790616197960461,-Inf,0.8506587553724496,4
4.379527989944431,534.7163546431699,2.429853059840564,-0.267290386760893,1.6414970146858094,4
2.8387126015419555,847.9061151500216,2.1074413133880308,-0.06515517737637787,0.7299673865340615,4
1.450930963549156,890.5223551770472,0.8087151428091237,-0.15763622734833138,1.8136162109013374,4
2.038700914028061,640.0704914065441,2.9156579252310473,-0.001203293239566783,1.339547990001532,4
1.4719360073499081,933.7123203690956,2.5124591198842445,-0.20597495634002488,0.5526364560991986,4
4.858848243593606,597.6216225307566,4.276936135841421,-0.18730109912425674,0.9074991154948406,4
3.045241302666573,956.3732728481716,4.881386654055987,-0.2202748963528139,0.935086099014657,4
2.992209691864766,493.35156859698094,4.937341302499796,0.2942290597066726,1.63375706970538,4
3.6298080587159465,566.524183144748,3.326349898864495,0.23867364276034148,0.7362637838808268,4
0.7750729342037913,751.3380667817423,3.510453977295511,-0.29858530536911687,1.4247785633989356,4
0.7012293793457438,476.757862157464,1.6577951508509636,-0.45826635705319674,0.7892732115166219,4
4.941362523823592,956.6170519900671,3.487596700630393,0.23947024153362548,1.310753978875831,4
1.4753454630908351,477.6918967866084,4.560266118905711,0.15669500263805788,1.7816739042111236,4
4.0207321893877666,34.871155364935944,0.47727383390511113,-0.24783129239952187,1.3676774545217307,4
2.859775498717972,533.0497455028461,0.12551482851653348,-Inf,1.101218151850726,4
4.309477262505457,237.19981038790323,0.7796927126078886,-0.09847102959918005,0.8131980274954005,4
4.827549797799923,499.3639735991825,0.7482322075291099,-0.10993152558287962,1.1797188449159068,4
4.064717252892756,730.7782001010625,1.9340439663629296,-0.11802704748439553,1.6112377424673792,4
4.937904734579344,938.7934756674109,2.8670955289012685,0.3345698606466497,1.5112714576902004,4
3.368294992991409,414.5761361124868,2.653109980847501,-0.2170112733362652,0.6292954516872737,4
2.174122720451062,399.12687893911976,4.466751655346279,-0.2842328232643394,0.5402603896775617,4
3.373786106121218,318.9069585154065,4.4997096291027985,-0.121048537258621,1.918400622439427,4
1.9651128155302495,115.15796027699739,1.6906917328718378,-0.004553881975502505,1.186962906876501,4
0.3639306261583849,481.97717372275724,0.7342017666179894,-0.10656104752470642,1.5081034734312277,4
1.4000128552087383,107.60032623759776,3.608463806214296,0.11098480980554663,1.8173922082884906,4
1.5557182166361234,336.58552348024136,0.953313675292542,-0.25349718717792574,0.6798280475587679,4
3.9921599187870105,265.2285716296034,4.009505697887956,-0.12816585979855014,1.342366348844698,4
3.400608848799626,287.64254666852077,4.833750676658246,0.41042937992753475,1.962397890079666,4
4.619620421054441,241.24919843078382,0.741216765761603,-0.10772851254798953,0.8780906701800437,4
2.279906552423469,269.7016764233976,4.287357163127084,-0.5148969890271201,1.0267602526315593,4
4.428931694375745,809.7136330668908,1.4596313011076543,-0.14461434521497774,1.1268121540661682,4
4.98908618409523,770.2455193929909,1.7004433560476306,-0.16854503160635997,1.926739563840372,4
1.9857556031563202,258.285423456325,2.4132076782793996,0.4401986773307717,1.148389847439449,4
4.43543091415733,355.51029833853846,3.1574725325496593,-0.489002961574219,1.6382629870478373,4
0.2608403359319197,513.9357616764844,0.10755120485654074,0.14188875140630966,1.6731216868963874,4
2.364464079050126,889.1269319206914,4.058272971405223,0.7418706409902107,0.9774415983829996,4
1.9810897670161087,513.2094070542879,0.8635806100585225,-0.2129192208134524,1.9604708752003028,4
3.0449236411295755,731.2350094548884,0.1111551867506707,-0.027655853639433344,1.4346699339011486,4
3.0743764381830054,836.7764259357493,4.417637282351758,0.5037149960980574,1.2189144108141572,4
1.2698371086844162,827.6185465566621,1.2656599420054049,0.14173148618702316,1.3867749287443054,4
0.6718406824868409,685.7675099720341,0.7870534439695338,-0.1689231951170135,0.5563305502597642,4
3.405659079346737,314.76297918072356,3.2853668511821494,-0.5935546176866352,1.6543660125320643,4
0.6865569385773317,342.1421846799288,3.475370829755491,-0.3715547684951757,1.8202002485823545,4
2.6131775133338095,48.248902246248704,1.6501901098147034,-0.3087305890988598,0.7108338199873891,4
3.6476356672734402,174.99093075243135,2.586454393350788,0.2542630340348199,1.520405962647587,4
3.208769895221866,665.7711964506989,0.4769603172911223,-0.05476863198796122,0.7268331333733729,4
1.6889053469451367,263.8271131200919,4.135143182926901,0.18492540541125072,1.2067507867350244,4
0.9621250772479617,596.1108346564621,4.195278374203759,-0.6219051880680095,1.3634979092420862,4
0.44459933338177493,693.3454688895748,1.6242907500211279,-0.2324342152624693,0.5473425128686072,4
2.1915716716041045,707.5979616148231,4.750818602875557,0.027436000352815678,1.4866502082720896,4
0.41707036610142456,453.4669188837471,1.4815292824531763,0.09940443375901427,1.1716915093460811,4
1.430217446309511,195.2310990843251,3.2822680972650735,-0.03387234957850562,1.639281253333748,4
0.32384345521142194,788.8478070400057,1.4285965549085522,0.3135282227501957,0.8777467306557463,4
2.221748365014065,339.2084590153832,2.258537658579243,-0.3388339123649625,0.644905305940533,4
1.0890607561480907,573.8344444708787,4.877584630907414,-0.5656112486750003,0.8370643323758999,4
3.580517676546533,290.9826125297634,0.42300556589839666,0.40753869885305155,1.3156085045448687,4
0.4794578256411657,764.3151958443184,4.5193854086500735,-0.21979047886224828,1.4443290871687664,4
1.2148878782797343,699.0534933852267,0.1917213080402388,-0.16847696704702028,1.1827399898280722,4
1.7274225814017425,307.4261193792231,3.5330753104034427,0.06979759993856018,1.162769510738539,4
1.3636257478923286,980.4491133233793,3.3145612652754965,-0.28127316250747036,0.882321668630031,4
2.481279534881247,286.16134400181005,4.524371430552545,-0.053326369350826484,0.8161000954157082,4
3.943063265657442,223.5662936089594,4.496225972410454,-0.07312642375690541,1.4566501254159925,4
4.93006775864554,122.35275992480143,4.8259045832580805,0.1305683552336686,0.58258841907959,4
1.2180020792973008,566.4731001353887,0.8757256047473028,0.040981326042113235,1.567414197040558,4
3.4162546509588005,316.7541187275025,3.602345366266905,-0.6514102134254484,1.9838999055713737,4
3.416262298664412,209.71764118150438,4.4903732304680135,-0.26609990159317093,1.8097700158006227,4
0.9324451877840086,440.03401134001325,0.9794501059266129,0.08876882105459184,0.9501164517131453,4
4.781478055105801,926.354007002476,3.844630336608101,-0.23311443757899578,1.7639447732620455,4
0.8144627068953982,925.2755534105369,1.323153659440485,0.15470434854495346,1.1424708871446574,4
4.74380476579709,688.1595839277473,2.4583917437058584,0.10571874410714949,1.6026814028408864,4
1.9851284772069089,374.75694019493153,2.6105539904265647,-0.19821550656271728,1.5708439872153517,4
3.016001264978553,195.25967448623769,4.674899503499121,-0.00626505281313914,0.59922750130045,4
4.442381674414804,45.6862835944202,4.607425992103861,-0.5453558136940511,1.2613178602059583,4
4.707913217917053,750.3402288365802,0.9040709936667553,0.330368113438158,1.7364980108506565,4
2.6229246410738543,186.83992450390758,2.4170948495952773,-0.14027035934974372,0.8641073303986804,4
3.08778237465934,898.2388630959849,3.9151273784469383,-0.20025909736302455,0.5874822903739917,4
0.3987439210800581,23.827008535995887,2.221691214395521,-0.018088695882327952,1.989661135407542,4
4.6567348583608705,880.2848690280215,2.536033638843771,-0.04491330017808552,0.7728982489809751,4
1.2990057069475531,233.0082234069937,2.5948151164422635,-0.2609346353902788,0.644044733751722,4
4.592335979196425,32.40077205766249,4.187147954840876,-0.6413151922240746,1.7199225150243649,4
4.600549381145733,51.59423764413967,1.7481213809100629,0.5715433190438302,0.6888255195032149,4
3.753053730967317,242.83239957589498,4.513536980347281,0.3810158586613479,1.6564630346146307,4
0.2671902392213618,371.1777043895001,3.0166437975006812,0.08279713311244906,1.9750550135553118,4
0.13616611892714287,573.8048599654421,3.8276999725491225,0.04674683826503036,0.5177871565305172,4
0.15612099616964537,483.4327334647982,1.235477271690516,0.20940439882049533,1.59514187412888,4
0.48971190446239876,321.4297653693581,0.9357909430083942,-0.252612823942184,1.2383608776483346,4
1.3434290002758593,736.4956243185247,1.9701406539444883,-0.06940657696323166,1.7355387952518264,4
1.547381565190235,841.964514694913,0.18902088992845076,-0.035686706944489464,1.2162541837590772,4
3.702528485028658,873.613906127313,0.4092371609341594,-0.1489881801412736,1.7663017372529481,4
0.31943001865710796,923.0674879673578,1.2085920679251827,0.17989192012501237,1.3935942122403988,4
0.4707380748844534,865.4730932246208,2.9510178017908104,-0.38619320398705287,1.0687751360551685,4
1.1092512994778922,892.6781923500778,1.446289234021152,-0.16651887088631767,0.92339030428499,4
4.036462744625579,369.0443426006079,2.795630568864294,-0.13943749167640393,0.6508221133151486,4
2.196696915467949,852.6101038913348,0.5347866665061343,-0.07852832458077544,1.2416564079415617,4
1.9868352553928879,314.54301373343435,3.948881418232266,0.0969884982234168,1.2862507814515036,4
2.0080895069057116,779.3888407124431,2.450332006605257,-0.26646748620339167,0.9378131240809411,4
1.6763834744514843,265.6821854603601,4.542537981557444,-0.13498477737263834,0.6507189128775213,4
3.1202733206486837,237.16570898357307,2.450149440274448,-0.12194293262720945,0.6032191165543637,4
4.505510866746444,274.7038314557549,1.2232080257045543,-0.16928239476852872,1.2039561521991087,4
3.6908785346601074,22.90980027716786,0.39706266708265303,0.18207015591997913,1.8093219599430883,4
0.49517990494688136,540.0289940419315,3.4174125843131677,-0.2795267191082836,1.2955755872853407,4
0.6505544071381143,498.52568690237666,1.4141684617601633,0.3366300193229177,1.1913696348383422,4
0.8571657203611909,77.25043932726976,0.6585492870103322,-0.06371648932338524,0.7833920590716239,4
2.4377043938247867,665.1193032717221,3.8569434592537797,-0.481236076262364,1.843091319219318,4
3.104714311785828,649.3327354601779,2.4794779113035146,0.2904032741387898,0.6873640534713932,4
2.9876536072235593,938.5371068061013,3.060329760937882,-0.28981155577693335,1.5105976179382967,4
0.8071820141219372,256.0548110387434,4.804427126967902,-0.09547167338896988,1.302336089858376,4
0.7633878134362526,768.6069171494538,3.6791552895896373,-0.09666451642992661,0.8273417635355058,4
4.87104135986188,151.23434917856548,2.8357685860080775,-0.42942965723341064,0.6934436420781127,4
0.18757463515766332,834.3277444171837,4.0995535104339105,-0.04549732911686878,1.7421852913155895,4
1.314108472725344,427.5531975673796,3.9176681773886957,-0.2581184413890752,1.5592672186090006,4
2.824987756134903,799.2722908253584,4.837500876003186,0.5354452357974545,1.3449723578813733,4
3.8106756374587936,534.5585691474347,1.284868543990197,0.32811418705787926,1.6866359135457527,4
4.395060182276356,555.970070586326,3.654675848316223,0.17837045256775313,0.9339292704239772,4
0.4141670963065931,962.4304408038162,0.7184989351406407,-0.019453619760980687,1.8701566365045195,4
4.7779611804237305,525.1719199683345,3.8262336836268807,0.48853972073630114,1.2667481765533506,4
1.592946390396437,845.6656320739808,3.458903518082517,-0.16477097173519378,1.8224698550970444,4
0.9772298836894057,474.92338019912233,3.4290490783086365,0.26503844363855955,1.4766699191312451,4
3.449474031264645,629.555608874976,0.2234189201232351,-0.08412039432656737,1.7235949131437844,4
1.2440477910870416,734.6750261714982,0.6957648312354499,0.37314064338891456,1.3874756176630993,4
3.812608127915247,54.0858820664842,4.254877799439751,-0.512625632916598,1.060000970159333,4
4.859154535322781,319.4979161704531,4.10190210820256,-0.1740187384232694,0.5389225786878284,4
1.5574713262209083,33.96938021728616,2.583815564317297,0.3339188823037146,0.8711414500902344,4
3.288452301918147,344.7703000251192,3.0845671637225207,-0.2093658309425104,0.824909302153561,4
3.5319877457953033,707.8461251198295,1.6211961007372921,-0.2366848938936137,1.9765326025470942,4
2.0691416332928823,581.2996797921886,3.0915035299567974,-0.47201037170494525,1.47947964963267,4
1.223376885847909,948.7364159537394,4.32120426856065,-0.3964091763411247,0.8777420692095487,4
1.8753220047014125,592.8432561402393,2.3178523023972057,-0.2642837664193345,0.9845955596173497,4
1.7075008084948424,674.4615175807968,2.289694832242117,0.006902817525326104,1.4303496409607688,4
0.21462650371451625,677.3552476260257,2.732394239486821,0.0065977444071275895,0.8230353242499384,4
2.434892567795768,376.2758365229007,2.1215099252196494,-0.11936909604625252,1.3092355205601307,4
0.3862026904900828,794.1517270652618,3.751095592214587,-0.21316642938137761,0.6130202104743094,4
2.50928498316907,403.21293469771706,0.947755651510929,0.19176023943111828,1.6606661418471025,4
2.064612919809966,281.83127083672827,4.617133810043689,0.4727220013872338,1.1045295274214726,4
4.592235384365374,137.45028123193936,3.2469696862802016,0.18198501181449347,1.653413295283721,4
3.412391875352519,503.60806615744843,0.7094357658550416,-0.10625419673914162,0.8600633289377742,4
1.94895439134584,53.23447170877006,1.7287805564914651,-0.43161874425386254,1.4441455310143114,4
2.8931284789855685,289.82211700378997,4.3986811427231185,0.15923209814644887,1.8801509236248992,4
1.2675345516701781,409.12575259506684,3.548130148267821,0.12601298642550096,1.9437185565340045,4
4.7773412520203715,72.73796212279682,4.154395497715138,-0.3319324813505617,0.8492587094531268,4
0.523543745330915,158.49690151735558,2.75826772937629,-0.40641379534236155,1.1742112453641556,4
1.6068159765659966,492.05578887666445,3.278787207099525,-0.11464374018016034,1.2467020335931833,4
3.422869938305095,395.5508271615142,3.083194045763243,-0.3964728359674267,1.2065458278097942,4
3.322335213909263,802.7397119741004,0.6651413238098113,-0.08068957178693412,1.3705045649510468,4
2.7724300356267255,940.4482294514241,4.087245701800582,-0.36897047684995404,1.1070013199208792,4
4.046039709985053,190.3671277939984,4.678580827542723,-0.19896696722171966,1.3864370467786187,4
1.1969532261143643,736.8117865305995,3.8901046292450414,-0.5181955199040555,1.2599018887467257,4
4.294843117201403,25.61342707910041,0.5838830698738909,0.04967520243938638,0.5692296928148046,4
0.16517526982840053,610.198569103392,1.338473193185571,0.3233063894547425,0.6483296977686299,4
0.8444467112597672,433.76795922705264,3.4111663126168534,0.038846230307772914,1.1702414165098431,4
3.030705401571611,530.8494753119154,1.4060630497734494,-0.13794451566318722,0.5403760685707899,4
0.10372482550629855,617.986098922986,3.1293982601514423,-0.3099750823956301,1.3485666751847003,4
1.6411119631761717,407.27368994347984,2.038688244935933,-0.09412289519607632,1.410352176582379,4
2.0983329478346326,738.3366549475522,1.0654241039698162,-0.19260492400463852,1.0698425508064786,4
2.552765763853732,289.95846074602207,0.40806798114642984,-0.14360477354177928,1.279467197685975,4
2.650308945905829,985.5331502769433,3.1231201675306557,0.1765427279832629,1.0657787407210306,4
1.1737194141405722,969.3834897692913,4.897176416431774,-0.4005859435227807,1.9875945793800764,4
2.9215215004759783,931.7057015868697,3.292780316286966,0.32472065583792054,0.6044026973260845,4
2.353849067008513,516.2338564834677,3.542941237892499,0.38077573662181524,0.5103528486594611,4
4.219419112271471,66.37109958982495,1.0209503877911172,-0.2406987107699638,1.4158211665078415,4
1.336755299629602,911.8805930216333,3.5575115049135406,0.08659732981253844,0.8995206217904376,4
1.3113163265707215,204.31547008218382,1.305462615661696,-0.3039210490508853,0.5758231244748802,4
3.5343923421904333,791.3352316939267,0.15982635098199377,-0.05373983619445879,1.9577633385605373,4
1.5850431981515125,872.8519153315038,2.7286521602071017,-0.17462219394375206,0.8641705458121929,4
3.223689273403859,280.90638352327755,0.32775144236348763,-0.05732349135102313,0.5795452882132688,4
2.182738181360174,591.7700845995272,2.5595554023525886,0.13731100078522307,0.5274964624993469,4
3.5184062325319614,390.42359892826755,3.671989974624494,0.13600852233970934,1.9918528527523267,4
2.0484585245878275,623.4195464856423,3.633664380843421,-0.3391835630015764,0.9250477407729452,4
2.409958937671826,628.5873022585047,1.3726415773276326,-0.20684158434464128,1.7333599774009634,4
1.1936242282164444,386.68236394098756,1.4814763557331887,0.5302128043501063,0.8687544040797157,4
3.5197357895361425,854.7221092894749,3.157442010403328,0.5880032431557589,1.2001550579482092,4
1.071690458623989,90.95547737253504,2.7560650475143995,-0.030600496555914833,1.7409458851565096,4
3.7854682222823866,414.5290437755351,2.432098434195827,0.6136797937667807,0.6189096339149431,4
1.143228366737408,846.3631788972131,2.31257732923663,-0.32103380123534914,0.834638972017404,4
3.2081209142297737,977.2443272978713,2.2274725124907127,-0.07780593800830901,0.6163108257301722,4
0.4841419046738541,118.23510155970824,0.1772886499265366,0.14604614855645157,0.5439235263794734,4
2.654892959191493,383.4875230293712,4.440467222529293,-0.06987333549416894,0.9222146298753933,4
0.12335808439254485,91.87139284193071,1.2298685466259038,-0.1118214716753945,0.72642195289939,4
0.37698009434834634,73.85838247815315,3.431581472260727,-0.28802136905786535,1.832670702921034,4
4.773218745399289,304.26095764226136,1.14475149951122,-0.08746516637277699,1.0806431750657457,4
4.552418638205764,92.04516666449493,2.5642600244401064,0.0320506589146747,0.9488605238183979,4
1.558573205091212,85.45168555174352,0.6556314576363801,0.17850701785095346,1.4975799560470089,4
4.185482400555285,600.0287236606501,2.445169302662781,-0.5347869352550402,1.8174097609493245,4
0.2456614495796395,953.2524910144624,2.186607644683103,0.21245570076285883,1.0563282990100367,4
4.7462104542235055,813.1142017422388,3.805575000893345,0.284925882549482,0.7209454057065466,4
3.617507026494651,271.41804182872045,0.8766431290022003,-0.10188081411316488,0.6498310991469954,4
3.9150806646944347,333.33661148062436,1.4901123141137849,0.38639104298435234,0.7422887163287822,4
2.9904703207153696,603.252101139727,1.94755156041231,-0.15735058792935666,1.242376229413669,4
3.1764369128127576,609.1942154961896,2.493527993948326,-0.13522657707257693,1.3098021568718266,4
2.441849167257591,647.9126317266097,4.037033084041355,-0.1295673390988731,0.6235655165641949,4
4.527413104171036,953.8068574035339,1.0455151381365344,-0.07369205701330817,0.6503225780991186,4
3.6840947905338286,522.4832528648192,1.2329220252769317,0.4062968014483565,0.6582167384630742,4
4.7276465301972435,117.57496646715123,0.4944563270009287,0.2627973755386749,1.727305266810025,4
3.4848311949896,721.1136674638122,4.162862879280335,-0.15286192434391305,0.749367156767754,4
1.2852099012892684,59.22673962660484,2.7944899331409583,-0.08352261313858061,1.3682225370170573,4
4.063027479829898,933.1089925024185,4.313401372996499,-0.26028903714739904,0.6207020379436888,4
4.3680411524149125,323.6275844969082,2.5094169708366696,-0.023310262001567366,1.362605767014143,4
1.7975926227457462,127.7103893792302,2.6371091831664626,-0.011982541424458287,0.5587817114492061,4
4.644230397711087,218.97952579335288,0.6985027798616599,-0.1894686739495807,1.0446568048480085,4
2.829878936997771,592.0373831754822,2.000657356131544,0.9648252517278618,0.8469796914528174,4
1.3193189116541315,199.01834502811556,2.4819628395809032,0.024672944100583703,1.7312305515723914,4
4.64272199521562,344.08923871244633,2.816016556783782,0.3180088600519726,0.712918870764385,4
4.558898979874307,791.8262747263393,0.9297337794268825,-0.11944335031764755,1.2025736173491592,4
3.437221673474498,493.85198379537667,1.1348855363395498,-0.08130189939842249,0.575208013221565,4
0.25525008066537686,684.4344051452131,1.853980589136771,0.0616411950788926,0.5179427994279673,4
0.11639928578002356,626.4804917841506,3.740437710064246,-0.030383360044649515,1.9180939051060366,4
1.1154763508798478,418.7377629428124,4.50457989605884,0.1815026048607956,1.3634660477776697,4
3.2974511039823513,385.78282516108277,1.399886277463683,0.08286104092767445,1.5609653968708028,4
1.9139128893756066,426.1734295747589,1.593089423324218,-0.35240394624185356,1.6082480304253923,4
0.556856198640339,145.52623416455253,3.3040598245024695,-0.32469221232047146,1.3084732889633028,4
3.1924746957248673,249.4989383426752,2.872115085858898,0.5054689579213176,1.5029832444444104,4
4.518158393761236,244.37939699513805,4.661335701547463,-0.06481829514825839,0.6218013117933852,4
3.125137981843358,255.5214147973556,4.225692246662074,0.5815685984953726,1.8175399569489852,4
4.729158694442193,48.78209101708764,2.546245315235558,-0.027400412099674257,1.0174832725917287,4
1.3152343245085973,461.1160368391769,3.4858196125791157,0.4561420670999613,1.4409409855713113,4
3.421391812847194,179.54839531739088,1.0667754716779116,-0.15534522448329918,0.5725673138478791,4
4.99155388110344,286.8012180373874,3.2772293759550153,-0.1268472749432462,1.3056532047857354,4
4.062371731455836,660.6786427651673,4.510313113632811,-0.5179515375682215,1.8773485797778435,4
4.5052897866972,637.7051944849826,1.5628406672616797,-0.12906225559128104,1.923283286517596,4
1.8258758834600115,899.438343458891,3.3042508825663695,-0.07448619182236521,0.5325914994578884,4
4.433688195337745,890.1089654867351,2.7291818082016635,-0.11463473545416934,0.541570584017556,4
0.7378093923185945,796.533942187061,0.6784716151220437,-0.2655624561950057,1.555885718368042,4
2.725998955752617,461.7651645466593,3.2757391151123816,-0.046710499180790746,1.5720886449067817,4
3.474218153375309,47.51977372338708,3.3879523509935137,-0.2571962861623894,0.6149378820545905,4
1.9072183415968291,524.3879079683487,2.3863311818341404,-0.2882458908725422,0.9243927064271411,4
3.440316152941775,54.86403471797539,4.51103650122632,-0.449940759928606,1.93461395614166,4
2.475250277184984,461.2171032909553,4.466887355187002,0.3358467261774399,0.6638846820060953,4
3.761442599062023,614.5732661146317,4.8023021855244155,-0.664827692792305,1.826323881346673,4
4.306342407740869,353.7025328462143,4.432254138036855,-0.1996453782020163,0.9275344644033234,4
1.280253437423362,787.1851008178485,1.077430208898143,-0.1430258900669978,0.7411360855477116,4
3.721093299432897,27.91317396579778,0.5339656052889353,-0.43965747995335275,1.481679798651366,4
3.122797898528553,627.171501530511,1.3405041789740755,-0.3083720686847542,1.6778251697267406,4
1.0336417933106392,342.3026841441902,2.7843749195030427,-0.2034123949523378,0.8792987536102987,4
0.8117153577369658,862.5840429078667,1.8096570862575916,0.25710361782329905,1.730849707643639,4
0.5432907545624412,434.728407097026,1.4412445015393605,0.16560255688689804,1.679907710621625,4
2.2750321175229855,547.3960697613076,3.605232034982229,-0.26385060340733146,1.889245980272725,4
3.7097965676766425,110.1950720402274,1.5026659203106323,-0.11972963476404172,1.1256477019335658,4
3.8300605168449966,483.5438359242113,4.113834827114462,0.07215675359971097,1.85708634055527,4
4.364055094727975,30.805634768754956,3.245098245252383,-0.4993211355282061,0.7396052553368476,4
2.5319777365318274,647.0894820894564,0.6663596371612279,-0.094204242538298,1.385898058903498,4
1.160287834488148,250.04882345492823,4.682592836595402,-0.3714762225729,1.1644817930579314,4
2.0886584277070286,857.9390311911906,2.2657954061711965,-0.22999002758642983,0.7547453351219247,4
4.0326595064518,174.0311890967001,0.5024476671840193,-0.06806995136988736,0.5845254784570042,4
2.09363432649066,246.88833924735087,3.15353282451512,0.16640269597366855,0.7702750588646315,4
4.3246346323010245,696.7968280952962,0.4422344562944497,-0.04125714003864226,0.7781659599905972,4
3.9243837253508858,401.9126613311844,3.747054932618053,-0.104545484162871,0.6820014666408317,4
0.10321711154753498,428.96499857885607,4.6421491657366465,-0.1557595459817201,0.9107890279881359,4
4.178708756391356,688.4784713918147,4.775134760605534,-0.28687974386785137,1.1267760998530132,4
2.0114764747209306,302.29370016153786,3.7760249346911983,-0.6650714818404494,0.9169439004314772,4
3.0301793651365396,365.92676273853107,3.883889759861084,0.4742385395368873,1.7190915825508117,4
1.2801182965804794,497.8599055890297,4.598957435792236,-0.20473771276187708,1.2482331205933994,4
2.3926739725802886,732.857237027183,4.311842393250276,-0.20175625394505364,1.6278901274274498,4
0.16780233469047168,988.6453095232636,1.5892662576079364,0.46703096898650287,0.763299451512472,4
4.349882207762201,673.6062182594231,4.016853341530586,0.02181688962156636,1.01316766707945,4
0.8045830484804765,626.2093045580592,4.14069937880738,-0.01037847841406734,0.6609081510051807,4
4.293643635123966,603.927350891627,3.874837403937755,-0.16008968506261412,1.0205230129923941,4
2.071685636618739,687.58196643235,1.9005250520446961,0.1526438079445371,1.122681132964323,4
1.59435869540227,48.18954189293543,4.375521715757194,0.36028132732093376,1.1184257281598844,4
3.789794437976995,731.1810095967244,0.771787403989294,-0.0798573576714949,0.8139281475322574,4
1.6341621566826892,44.808347317212764,3.245007552601592,0.07755230426102355,1.5448639632659993,4
2.974241768094399,901.9696492491099,3.5263221208928948,-0.28909992534879214,1.237105276618398,4
2.2701199286238936,311.9700215576901,0.9195949735329526,-0.077877619997103,0.5238709504197745,4
2.4964962660557686,999.6627358888016,0.2759115798315207,-0.03284650009942273,1.1428999202892365,4
4.294047129309723,750.5506703798399,1.3456540264854875,-0.22696783948801166,0.9900914117887848,4
2.3808829132636924,92.26080297645063,4.472234844242199,0.3883150771672064,1.1469395132388125,4
0.34929523079044966,296.48349929687924,1.0165232346367357,0.033287719206109186,1.332383691408857,4
0.7357615583262479,532.9050532085096,2.226265926591871,-0.026062803560741876,0.7015353257234782,4
1.163446371330704,286.29938715100997,1.901640696758406,0.068840944527946,0.55237839678867,4
1.6290600053171802,99.03639301547653,3.634025893731675,-0.14793743203983842,0.6442899954231727,4
0.4044210562570356,471.12432906035815,0.7414204572412991,0.4407104592797829,0.6530691057472906,4
0.5668106419059897,55.56614131399396,3.0813886345519577,0.07643704550836854,1.1992505895850307,4
4.4325341047140805,423.8167646856181,0.8178617376288664,-0.05570673382283175,1.0739596816658405,4
0.7553399794691024,241.82539971866262,4.969231301653031,0.04889477994212838,1.8281282533101568,4
0.7021525072553956,442.2400075226394,3.8357257063749035,0.272520771180374,1.1165338565599474,4
1.8328469374196388,863.5261892468637,4.7038231216787425,0.31029803010470464,1.829726204839329,4
0.9920603905102682,300.4377917760994,1.521460675599235,-0.6371524193158161,1.6464069717178385,4
3.1005045123439876,453.8698312415943,3.301091616835054,-0.1722331828792711,0.7240415178054359,4
4.305884133908428,828.6984148969566,3.7503474539009503,-0.15764606996184252,1.1720259251021627,4
1.3587121237949036,659.082393085496,0.39997529833506684,0.39739608900817625,1.342484625632336,4
3.3729614101312952,133.6708037441892,3.3908387076473656,0.2635774444584202,1.9159641150547626,4
2.126989309625491,982.499714652737,3.3565403530942253,-0.03555873566875454,1.608619308214183,4
4.545824980391513,172.12453394854583,2.280729728693282,0.04914343425948038,1.6844079134767984,4
4.452668637561766,843.9066047721211,1.288416467726189,0.4608061095901645,1.6272429225516638,4
3.4474640212540435,513.4629826487751,4.635422036218713,0.22774977915277086,1.9707499263285522,4
0.1683708398752795,43.35369480727555,0.659485507200248,0.08071790581797225,1.032922764555312,4
1.7646164508365687,956.3407541370825,1.2418449128171645,-0.08522996900508319,0.8224119611951284,4
4.794628622805033,381.6293080703738,4.439541410679491,-0.22545228329371325,0.9084957533263313,4
0.24560354725003417,706.7014494294745,0.353754035570758,0.05517367222645901,1.6040532778682786,4
4.77687603618618,393.99474268778675,2.6310358637572975,-0.3168584384761802,1.5443853456685024,4
4.271384007236142,855.6466759684131,0.15752456394588663,-0.020119249282399648,1.0080906077911251,4
2.0056504601292304,296.3615467259078,2.6829304575196207,0.331922723319992,1.0376122640411096,4
4.097571635034832,838.2447301496767,2.1149143776158117,0.39623504961402667,1.110458995669278,4
2.4191420659497735,343.56489063237956,0.31149547842642633,0.41834648280871,1.8060282356684638,4
4.505441440348333,468.462925746579,1.3797857128704005,-0.11880300254818839,1.1156951564278232,4
2.0436012915760378,677.246911783756,3.718424529827864,-0.2932479382753403,1.6043488887635424,4
0.3245684125238787,986.181452097452,3.2182448372404684,-0.3159288125765903,1.3197966085217587,4
1.7275190735778465,506.51008637387537,2.396890516565986,0.07826104845234784,1.05454294980192,4
1.1105978642854846,371.374343559833,0.9785299905319192,0.31255946514960226,0.9243849497884857,4
0.5494201331481511,907.2500695980383,3.0754721292509672,-0.1510347891616868,1.5978326983955515,4
1.893587588290347,631.0037333981428,4.124904033309794,-0.27383278312546877,0.6889720056365756,4
4.787546160731921,389.95890577311945,2.725563904215261,0.1436962905898217,0.6020650690502618,4
2.65287147445615,719.8732398194905,3.2220277987947585,-0.20449813933072755,1.0834965972271564,4
2.9910537044507315,265.1998287296957,0.8100596657095207,-0.21672070896026235,1.960998308791581,4
3.5710471747858197,545.4161443691983,0.2362405033023626,-0.04870312197611128,0.8002894047721648,4
1.3647920874070896,349.45274671887967,4.943336008331301,-0.2042191888643378,0.9175685397183151,4
0.5425825578441911,530.2678758542447,3.366349805125363,0.04197012870417678,1.6788428074248993,4
3.9685146616298237,304.24035687094477,3.872982547039528,0.4339489508343491,1.583318913867347,4
1.913483424611906,382.7241471565103,3.5867257342675227,-0.10009851471220643,0.6718065956212679,4
2.7698498425727758,328.24557022676066,0.4527818445153239,0.38703288774939876,1.154652038735159,4
0.6937432908980881,849.3913425067459,1.8999312112971352,-0.1262909553320719,0.5423217740587778,4
1.9582905059756799,600.7040260242944,4.908560940620207,0.1511157313662426,1.2026272597588559,4
0.809405736399532,311.00914095737045,3.2993413690195963,-0.17094689757364379,1.7155975368348129,4
4.580596459649349,540.398223956181,4.582814662279474,0.18267456142838137,0.718993076326776,4
2.409397765514265,554.0742344781132,3.440178592064192,-0.25574325971018547,0.9526868286204994,4
0.7646106683860143,396.9508781834324,0.7685820620482186,-0.05476842295542696,1.5311532750375776,4
1.828889060892264,284.44519098558993,1.107825797092796,0.30510091055329397,1.9069488086566628,4
0.6604298933579815,966.770376664386,2.503409149599395,-0.37923491056329545,1.0595545619293316,4
2.980673857823102,586.7525811281248,1.0715720331326146,-0.10034354063328002,0.8173951162614299,4
0.36049145132111393,301.9964090426317,0.6652372853273331,-0.0842389542529485,1.9639240285471673,4
1.994703526578176,723.0950188172092,3.780802987978418,-0.55349204801556,1.5041957385488318,4
1.1727240825778007,988.9029141351662,3.8109262973505276,-0.37040443621701385,0.750550897040499,4
0.37311951825343515,386.88189852157484,4.609391323229664,-0.19670886615997488,0.6493629932488776,4
4.314260178552328,418.7453901685525,2.6196145690450776,-0.5100574091032252,1.6103663569271562,4
1.6930489220355127,877.5536924766715,0.34605198957095384,-0.03759772284473326,0.7181051098436833,4
0.7495889472091379,887.6044479839505,1.3389980334148937,0.344902429920579,1.354583475677312,4
2.651188423659301,602.4278184317498,4.919322010908618,0.017639670645346665,0.7695102455327882,4
0.5311925443503466,646.7556146353504,1.2219399047033825,0.09590867303241916,0.6063953359679453,4
1.244116278537563,974.6750611611714,4.674208870939904,0.9852314276879731,1.017840900002983,4
2.9713285953999806,294.59429634706277,1.5126953963571816,-0.2702612234265347,0.8402301830498964,4
2.1343800082237827,413.3288795132078,1.9066768233331464,0.10425235664086266,1.070820785058677,4
0.6967173365996753,942.498109816073,4.729273439902745,0.04556864947722142,0.5427390496786102,4
4.525273589404277,523.9270160234305,1.7249987576509618,-0.2177414414096228,1.0818790239107026,4
4.757336915522355,86.17842410045013,3.449244261947204,0.004293070512267166,0.8695550544693417,4
3.2464091493331613,858.9237306968373,0.29547918942776785,-0.03355047257016868,0.8334855499424432,4
1.829492907843646,237.65672690560243,2.8494849891932788,-0.009123548997263078,1.075625970370717,4
3.0142003018880588,321.94534639932505,0.39423794467788853,-0.031361437074561016,1.1667886711774962,4
2.4280018281899287,490.5857977355456,4.744534530731744,-0.4135942212534018,1.280929427430681,4
3.089575855247472,443.9528182608384,4.743611302435084,0.10002419418092089,0.9662591949980424,4
1.8106263729701122,931.1747124624036,1.5572053399814525,0.04548431465648954,1.6158161458964149,4
4.697524496497448,926.423462810154,2.399481510204022,-0.2050450836358384,0.7606684206737582,4
2.0794882098724314,897.8559702464246,3.145656196800532,-0.23947959240500255,1.3779910969756184,4
4.108713776586778,769.4462013709278,4.268317927300408,-0.26202720471127816,1.5871454057038965,4
3.047472537337989,976.9081926703523,4.331235261640382,-0.028679260013301976,1.633155780127462,4
4.398382401539318,60.94367292528798,3.034615894416256,-0.7358005764529377,1.5287723609091084,4
2.593707318671773,507.5429293628831,0.6128384440126743,-0.179819085384421,1.163007722270299,4
3.196256924160177,756.3742755871313,2.2172010398265956,-0.1234028508253463,0.6532491094362518,4
3.824221741763093,298.37528688949385,2.963401155720475,-0.010361206805413074,1.8628534108019201,4
1.5323722214684088,617.9534376415188,0.9935689591782197,0.25824340795625234,0.8157566835970154,4
2.7268142909930138,408.20084657729706,2.7022161211425284,-0.5450946906953911,1.3004595885340344,4
1.446619875277966,505.3760131923515,0.786504127980868,-0.24299397495255248,1.294256904232532,4
3.5701275567805553,251.58133723313358,2.0948283348887595,-0.38693533467856683,1.9567936652647915,4
3.1175160753825772,76.10237394272472,0.6736427244596741,-0.3365172144879585,1.6760790268662729,4
0.5444791943409607,391.69929811125564,0.3617124112821466,-0.3681401051559925,1.7256594952395004,4
1.6114840636568082,773.8911478464886,1.3683246121970296,-0.22238833990944903,0.9228823005695446,4
4.775753748418735,481.19671751113856,1.2480330793792884,-0.08531465042785631,0.5772883142443737,4
0.6087753052968882,752.2479604314267,3.5132429498506483,-0.3423784232177483,0.8135345950115618,4
4.626418057362213,349.3901010753253,3.4305865946276297,-0.14004809699246543,1.916039172929115,4
1.7425062674892622,669.1668072606268,2.4235084479765088,-0.18900500122250788,0.6407084750892449,4
3.4229640482464463,815.355248069359,0.5809297961449763,-0.07945449257495293,1.4946946052580337,4
2.548132016148276,982.8712483460305,3.823431950153471,-0.5988446719117552,1.8885488802418797,4
0.9697491184954422,452.8203125982389,3.5428236789354495,0.9593167817035716,1.713766418268483,4
1.5758287015313883,955.9451384930992,4.200583071231505,-0.027790194000040853,1.1273719667243483,4
0.8985137180140907,726.5741991533821,4.492854756166707,0.25281177228103774,0.7664042662492703,4
4.4285138639258985,935.4363085418444,1.206938995826249,-0.2043634702824972,1.2794348704804792,4
1.8319470119561845,360.24853818917137,2.3657339712771215,-0.25507873950785714,0.8530145588025952,4
3.750524862462571,956.5026029413372,1.9838306117421933,0.4513253350192908,0.7002913922568088,4
4.381857697371875,429.2091060868522,2.4188946124270148,0.05936276902244498,1.459215421378948,4
2.2886810072160397,508.0712085587844,0.8931716715784688,0.38016324891445336,0.8312456649958699,4
2.578895765279984,882.7327387818755,0.26372438594238645,-0.09071914893751763,1.2487558663222535,4
1.3383358215066772,810.9810479320869,2.169078350410125,0.2379365330314902,1.9424954689523057,4
4.400238297114381,691.0195422355453,4.449977954893606,-0.12879962776964698,0.7894688201570996,4
2.565543949029446,149.40888326921274,0.505054625442965,-0.16285232518563708,0.6893007179196817,4
3.3269662690191906,572.2470734035801,0.5793252696399042,-0.08355039470753425,1.8331761501548927,4
0.32290849822708556,182.8328288781305,2.203824600201295,-0.0872969949554906,0.7972727256962527,4
4.697963785119876,767.2670800822328,1.4413692201136912,-0.14723872455627793,0.6966221346226342,4
2.4604917425981214,565.3318247991807,1.068608211780986,-0.14500035448495405,1.3072985702294162,4
1.660695546539551,746.499125774544,0.34147793651877933,0.46626477021095847,1.5754873008231045,4
4.169197740236085,303.66165419924977,4.818042788392341,0.04968178394520313,1.1549911896611391,4
3.204926190892906,120.66511130913646,0.926371727131013,0.40996915219042107,0.5425530076572138,4
4.727304420482486,506.6724997320701,3.4719653591735193,-0.20492002644675203,0.5605549037421237,4
2.7280685216083187,616.5310120140726,1.3490155462244926,0.2380714624759178,1.7657537183082535,4
3.825171237455068,287.58144165490637,4.306089252559015,-0.163058281808336,1.092877623963005,4
1.2954132972760162,770.7148445070446,2.2216496470333174,0.4007005157441834,1.6699513214245096,4
4.712828860435473,404.01702245913185,1.4819368297858795,0.37058629031208956,1.234267590440603,4
3.9277907788796966,296.1097554856416,0.20845963650898042,-0.07409861949273835,1.1050873943431485,4
1.8747747403481727,775.9349824268788,0.22178478032133164,-0.17478998974637824,1.6435372892467615,4
0.5385148185966625,274.99553214355757,0.19873426987408777,0.33899029124433727,1.0064437764921057,4
2.015351973753579,23.147135504045462,0.18231259089548565,0.03590748057497419,0.8698692850872727,4
4.048792447837753,866.0693576046733,3.822242277476056,-0.39400076070375956,1.7818363004421318,4
1.9482685832406577,734.643440551812,2.148796197591195,-0.39711004727612675,1.3140435122425003,4
2.773691315921611,767.4726176236919,1.750052518089334,-0.09353774945574896,0.5506440235902379,4
2.305982631054911,206.1255900435747,2.479680319289253,0.39531673598444544,0.6168794276806414,4
3.653593764686861,58.99847877247511,0.7514603437505145,0.2760859146970053,1.2250099614509506,4
2.3530599883360357,576.1110739356378,1.570975887562043,0.1796142598408535,1.1634260845953501,4
1.0781986412167455,524.7530997360425,3.6924849015565577,0.29148886971765975,1.8469871987261461,4
0.38704081261272905,797.0556430314614,2.300055878817704,-0.28618372885995486,1.6006733782281417,4
2.137867399130833,742.9340673716325,2.001628252751852,-0.22528580031411755,0.9954582527436369,4
3.0259920782100354,506.37975424189364,3.4675056973135527,-0.38698229245075144,0.6217432087337206,4
4.714127741197957,77.62751141583102,3.1223723268665147,0.3608460518812729,1.1223403828941254,4
4.385200121925815,293.1363461546273,3.881707544946555,0.021862767544209,0.7594817688598725,4
2.903653008955193,39.53452677416567,1.9853364559985236,0.011085764044646526,1.9883966497098648,4
0.9130648848432442,641.7612569243606,3.9153767930154793,0.1905740251928365,1.4039788957727442,4
2.051409197468261,673.5650282445403,4.230035408447005,-0.6379538316472312,1.4547877108972438,4
0.5736441342067365,918.2166647975889,3.5930848687417796,-0.048631860009158846,1.7984338167687297,4
3.726670537339667,869.3610481588626,4.76096195325089,0.11057800368011544,1.3871600170317133,4
4.603565913860082,172.08068686190515,1.8569786288586911,0.27266240210810605,1.7345545774277982,4
0.8972402496338877,812.3101524343493,3.719565950690991,-0.22262790390801987,1.8385978886802168,4
2.96592982093748,955.3821518244017,4.232768629728505,0.2917909009440459,1.2839360236572626,4
3.8896699918534563,379.92956814455755,4.095290721457785,0.43445003608853405,0.5007641166772627,4
3.3081127733704836,739.1255365339313,3.2245078323555365,-0.3050478529950055,1.4353379285761834,4
1.7992874110406147,504.747897540882,0.4889106399276175,-0.15099543160294093,1.5475599528157653,4
3.316009441282129,628.5133921162162,3.088721427259346,-0.2405244182138914,0.7938813444833159,4
0.6592698467215494,155.08977003284062,0.3782835364263871,0.2872120068382824,1.793509125988265,4
2.9947140745810237,601.8744662002653,1.3668019883627303,-0.12982103114968957,1.7144848420709788,4
4.641514665030145,86.00561319805655,2.9772095311511846,0.6651563427901195,1.6476493405492478,4
2.3515618631901765,650.1952792468651,3.0578605140755877,-0.29510452269982435,1.279403912779655,4
0.2285843696236735,231.64966008272802,2.0728769293756786,-0.019645848497859608,1.2567968373544147,4
1.754862719164891,517.9327377100299,0.3976032511273728,0.3709939046360895,1.8941596960586178,4
3.5507555511051874,276.5197722845788,2.037159340704737,-0.16039984401779123,1.1244296758869001,4
2.919342692344391,764.0124506204464,0.37246797053090497,-0.10531773990280577,1.8379611460558494,4
0.14606964842349354,10.350425079103502,3.8022659079394074,0.026808667368751402,1.23713561348443,4
3.3275296272878876,670.719284212466,1.8296159375207044,-0.21859549346027826,0.5289036984904987,4
4.030631689215294,412.304952362371,3.9129348791457907,0.10168947130013481,1.2586497560250343,4
4.35366820854518,878.0529716853305,0.14724247330308932,-0.01594077764665274,0.6787050347576857,4
3.0818789888494322,594.2496914010994,2.3600391184389773,0.02572171709144941,1.9997906957598834,4
2.8870483791108033,908.4806704388856,3.174611303405563,-0.17173248679573946,1.0099010654341698,4
4.408254842154259,715.6236013015993,2.993713979608212,-0.12645718568167486,1.8979549430157847,4
1.2293555775153735,534.136869406314,0.6439800791943295,-0.17278868731605582,0.5197372925635164,4
0.8155499823952423,219.69376334860283,4.914829569212284,0.0817485524670368,1.7664376357491947,4
2.231867417243101,121.17836736464972,1.5380469730061983,-0.5090498687960114,1.5059983454806878,4
4.63775363939004,26.794250951965996,3.180432251293893,0.2876146449331445,1.6372911089912363,4
0.37485371506705445,647.1061365848464,4.216229315267175,0.5097802430724052,0.6157921274820897,4
0.5429538158791221,675.1608501293584,1.1031683088227693,-0.010383744319854126,1.2242448816710705,4
1.248001623233189,498.50923926673505,4.5591359087103625,-0.3433004286647843,1.3690941015390194,4
4.422608749410045,407.10876735389485,4.730243416665594,-0.12031044907427726,1.9798840534518247,4
2.313954434172743,207.5348629862318,4.596484988963532,-0.3070265505347681,1.035503583765568,4
0.8632316533830262,88.43469721726657,2.55487584766909,-0.3407112655364349,1.174477920978496,4
0.5479127533724372,532.490389237086,0.7833107961418407,0.030591161022361955,1.1656958584676378,4
2.518094835983668,437.3461314429794,2.2960645616941044,-0.29334175704493576,1.319467408240735,4
1.5762791964036131,804.303499918265,2.104907777268648,0.270868713188977,0.7196447620960367,4
1.9322713975902728,389.3331517622163,1.49562897024395,0.3401659271623743,1.561319908426711,4
4.485168315580187,679.9764258174042,1.9599271483053873,-0.2072012685915679,1.340199491080921,4
2.108113973976982,545.4394709172993,2.120257225859374,0.06358671596414028,1.2838802903720852,4
4.596893830210932,434.5791595720554,3.1876254268500395,-0.2476546074115773,1.5527935705277511,4
2.098938810903264,453.9888024819365,3.964061141991802,-0.19033661723419845,1.2340635753603064,4
3.050949525624907,179.44289720551203,1.115528290544157,-0.3282848868384192,1.4141354602006098,4
0.41972241211454386,554.5807990865624,0.8159032456620905,-0.10905245722685553,1.5756648267710174,4
1.0405160171340841,372.99673690256367,4.320824051343355,-0.3802716603028736,1.0744541602240865,4
4.565476177109291,265.0054706848969,2.230256756430216,-0.17921484053460138,1.9171472138065182,4
3.1630150830364387,732.5428608643969,1.8969279219933257,-0.29225957302852335,0.6042385063063405,4
0.30431865743642406,79.64372765499054,3.624911930973311,0.03988521195353592,0.8644885930089588,4
4.8899847068833555,500.4316753418652,1.2636033986667972,-0.08614058475482003,0.7493223924086447,4
3.699041834312673,242.07611487290131,0.20859144696921145,-0.12577330487835342,1.9315433545291396,4
2.3242064529043884,20.68430247410627,2.319166236595024,-0.3223182821718409,0.5642414795114661,4
4.435014806375897,398.22191118978844,4.714587743200377,0.5278043889975781,1.6860221312992842,4
4.192854615524909,165.3892450275727,0.2359877506636646,-0.10363173031296677,1.985932192766571,4
0.48350101597693484,69.74283908459576,2.423314366244149,0.19472705292053924,0.8764827491127569,4
4.313119466177368,835.0986352265572,1.5624210214001462,-0.15975055956015743,1.513509892957887,4
0.4771442173676306,493.0696379008372,4.573213175093222,0.20119656985090623,1.6144691896592422,4
2.161802634325431,596.8312159857722,0.22744602816838796,-0.13376172759678615,1.785917777649058,4
0.20628983120485822,345.760198339595,2.3749478783348787,-0.1977035082252942,1.0244526233029811,4
3.2592378213728304,602.7394702467329,1.6875075185396053,-0.11575538603125271,0.5211135778256818,4
1.0743759600149838,270.8015354139117,2.7714013094874534,-0.019407730756880688,0.6090069133897933,4
3.856352885492795,88.51433429563565,3.0700321985359755,-0.4521285391245552,0.6628686423582958,4
2.461060296655079,646.1334669300236,2.704239113185772,0.2132932305236344,0.8831448535909022,4
2.4705243289850785,41.578899085033896,0.7892946539253564,-0.06346694417765242,1.3355498884254557,4
4.7871121836445845,824.9495072787304,0.7102778874518453,-0.05854097742965375,1.4935930119331702,4
3.7768157187975047,531.1007658891008,0.4850807035298803,-0.09142301353115434,1.8832620872354986,4
0.9738261121866676,898.5837043571224,2.2281180374753706,0.18270547809866125,0.6244872085097695,4
1.6110657512195863,930.6240500265675,4.890434700418786,0.08134181304439671,1.8821748687960906,4
2.3662596261762525,151.614104842353,3.4599053175768675,-0.5434059843946523,1.9068971373366728,4
3.7995017898772576,805.7552582493015,4.799170244900441,0.17282043737254923,1.1406449862046586,4
0.9102882028193329,911.2520440442709,0.4771870642908448,-0.06529358198502465,0.8700947327956342,4
3.077902583922897,387.3363134215435,3.756243495389103,-0.30002960852589133,1.8131227678064363,4
3.9069516458790154,234.1455248993252,4.750643272762715,0.34855359935905667,1.786745274745543,4
4.308610846639413,803.8673888203168,2.2807921530620456,-0.11430979280193834,0.7449422724491579,4
4.3085674249775545,936.2780020806659,4.803107578077054,0.3481882791256565,1.9296086928326937,4
0.6076212320007468,847.7040588858598,1.5145344362023554,-0.24626022622140556,0.6495539478847107,4
0.8840050214591569,27.94939274307914,2.682652783810385,-0.07598987327128351,1.23723900550503,4
1.6325101670306543,22.21366431519379,1.1966637463127414,0.1384632439671287,1.6220420185934974,4
0.20186478218932757,206.10831805825484,1.9799091991487126,0.03076132295438253,0.5970282230698201,4
4.623877776836945,300.18293681633384,2.369475034240158,-0.308113850577643,0.8299681999367041,4
2.514495388123534,995.247737624033,4.926636622312579,-0.20151381082129596,0.7251487676200072,4
4.817006996226084,748.7380519344899,0.7587056311909457,0.45882474722967564,1.7860032784062998,4
4.741949736062413,643.5873870907708,0.36703661990046976,-0.06026424110896506,1.9321428787812487,4
0.3875984732800839,597.149958719373,1.0894256619127298,0.09721251940259892,1.5218553246181354,4
0.8096401117589803,646.0940093800563,2.568271628680325,0.36328683613244356,0.8255587133937066,4
2.790601412290656,835.5031180180531,0.2871197479100571,-0.07059102854942542,1.1884586284983973,4
4.842507611570041,748.1473962324236,4.627453168570462,0.05067643047686692,1.8147497416025304,4
1.0082160680674144,823.6163143494106,4.404892799399662,-0.03002716961923911,0.9220782247117569,4
2.3639854917302494,73.11315127566611,2.464523396592555,-0.5842327373696514,1.7795809525577169,4
3.4469465091567497,206.6611868992768,4.275331267009043,-0.19741192065984875,1.8709303953296974,4
3.3677453308159517,220.59046893411679,0.8292699772428822,-0.053653687102620966,1.9836074391702516,4
2.139324729093973,202.42854800246823,1.1814927092873593,-0.23552993247214038,1.696867718662524,4
2.0488966500416375,908.048567455711,3.217700368708428,-0.2985654058765057,1.8618726299921393,4
1.5451453151992893,823.9106049125455,3.052563845975237,0.5434009602079077,1.0706967398280973,4
2.394945651990181,678.889853883885,3.8879012040834793,-0.1559542969459488,1.9175967482911014,4
4.598386829017386,735.0109185990403,4.365782046051154,0.5785337360963083,1.8394553743848814,4
4.643072182728403,37.40285001947952,2.468023183997772,0.03020019481284913,1.062448939928702,4
4.355383158844412,986.8196944345605,3.0010917072424426,-0.32287721273071585,1.8304383936440876,4
3.465414088626349,906.7716632604241,4.617997635693351,-0.2901121295360797,0.8757929633994173,4
0.729705169251683,99.64799449148886,2.408317461326672,0.24979548714742641,1.3141744775042792,4
3.265791618992018,88.99255777851675,4.1199055641776425,0.1725302582794481,1.4751744936680855,4
4.318809623017797,874.7373784345439,3.8954579547890664,0.12151885068404522,1.3684400978125315,4
0.9059246938506677,454.66067815470893,3.849012925369195,0.08668722233835346,1.5417596328163565,4
3.9691625791204004,915.2977059261577,1.9702589339249041,-0.060449521247488945,0.8553674773074516,4
3.8625426195446653,684.5300655590089,2.4986270463786067,-0.1905408183228981,1.0270897228792397,4
0.5017755737758864,172.43185530418324,4.35935728367781,-0.2608815683852939,0.7896430416699869,4
0.5914261947347961,266.24575839998147,1.2022142160908433,-0.3465801194513878,1.3668214211411198,4
0.4620970732028964,755.6746954948189,0.9286405084884176,-0.19058372886830033,1.6924286731832865,4
3.200506119454265,213.573527694667,0.3077208385193301,-0.0935284285378155,0.8358333208965726,4
0.6495168071082915,904.8894716441173,1.253394860999853,0.09219056095095937,1.26566274212269,4
0.928158534476151,102.46353947561268,2.3529822741329087,-0.1391206195925315,1.823580883989127,4
2.6907874145733284,382.08468288040984,1.1858159826588672,-0.2658368325008406,1.1783922206904935,4
2.1887761915335955,547.4691205513082,1.2231272463619347,-0.2811605834293738,1.000581695978962,4
2.6759211271752315,61.977643505681414,0.8657112541986028,-0.20424745306882874,1.3504491503016747,4
2.6208585069053636,312.64705061608765,4.941550577985395,-0.20549331137125645,1.8292192401023013,4
1.1086634287294002,762.116978358456,0.8631752908560459,0.09262754459814647,1.7977980827776858,4
0.9171429602963356,314.0027529514235,4.525331665613258,0.4158054068848612,1.7622708445852358,4
4.846085290959085,810.7380123697877,0.6719179002456266,-0.08505082358721652,0.7867620683262242,4
1.2416821295495766,559.3463921496397,3.9461630489436885,0.44383233875908373,1.3396294848237056,4
2.177853516324371,253.24234751587366,0.5605991213249437,0.18184101579124784,1.815528188511915,4
2.8678849418090753,107.8838041562626,3.2529476226382705,0.2565128940467877,1.1722595106809308,4
0.26578384851516834,79.47218474593642,2.079123426037904,-0.10826708986428522,1.7076104556815384,4
2.7546439218056165,438.38030473845254,0.5082406492172944,-0.10564215762044366,1.2578940013197375,4
2.354743652414312,817.330732359923,1.5680502761747066,0.19729180500782204,1.747842098363336,4
3.8301863466242567,753.8860048008165,2.3350074848599682,-0.06266220299654812,0.672517539854909,4
2.9661412519199897,430.1015195278269,3.5498610954282452,0.7105962174549232,0.7495316076238697,4
0.8819277958781303,307.8587464729236,2.6018685913404944,-0.08359194236872516,1.3131619658645917,4
0.21465916382232542,220.94481842276582,4.219860933811246,0.2307517801589009,0.8685103563427332,4
1.4665122066842207,153.96622579821505,4.556595271896887,0.013068390392058944,1.3897237406577825,4
0.2805587468641581,353.9013081053581,4.925184890632516,0.12136519323215732,1.213637047489648,4
1.6942181585736367,81.86160520676117,3.8374169119279915,0.09862896478335854,0.5968197025941802,4
0.7007300696889914,864.7982600115948,4.493309510796203,-0.5350843220706877,1.236637977561868,4
2.329821388357887,836.1339877097868,0.8732995915098034,-0.16947067557265671,1.8877087207017185,4
0.5167369977318784,45.221182920492,2.868950597054552,0.20248182829179706,0.6920887492862953,4
1.9824685625953393,884.9511586152387,1.340506886003935,-0.1830555326238831,1.6854284618966235,4
4.281806504300804,118.92149460176559,2.039668787952083,0.0824679616552133,0.5590566410048565,4
3.1328453494830257,218.6462651463724,1.6244911841847418,-0.08901220583835283,1.6797411752872162,4
1.5850119042908442,915.8001247795452,4.692069251046898,-0.0930809282523432,1.9670398602357324,4
4.9880319307638565,731.4725374772013,1.1624264719967192,-0.11707073351300817,1.922163240876152,4
2.276965255627662,180.54928251685834,3.634707099476795,0.6997514789736884,1.7655513126092,4
4.360482180786419,200.95215451123394,2.4631528349233958,-0.16941803854341483,1.8791466590026087,4
0.5379257580334895,940.1812093038768,3.946192346656753,0.1979241388602465,1.6664422958395977,4
2.0180236689302493,260.2021506400607,0.1095458772034879,-0.08571063747495286,1.182567309883019,4
4.005011216648983,181.24676073435901,4.662341574367473,-0.5403931886111684,1.5223911111683566,4
1.6060098702862131,81.8755478000711,3.7934405186957485,-0.2075296203125095,0.8851204088333349,4
2.3565689416871236,121.67233214727388,3.636969566247881,-0.007921223762064944,0.9320580935367898,4
4.803044471944538,826.7873961244968,4.843126871032133,0.16296979898934807,1.3131139978314796,4
1.6885419413371574,574.713415037146,4.279949571955055,-0.2981235916002132,0.8578612372240559,4
3.9132116996504616,105.6945192422885,1.3441971029364608,0.3411703602999548,1.107381052387373,4
0.45922074908128374,601.1091428323044,2.7557626728835665,0.20664035096667763,0.59239904403999,4
4.119376437973924,220.47709700524948,3.0121088913634533,-0.24228868126342953,0.610527941781412,4
2.592025988846616,452.3976147993468,3.5833453385404694,-0.3247060463384469,0.6758644011718591,4
3.8963442204124448,302.02698510105375,3.265155568612383,0.6443845255388619,1.7499471831458242,4
1.7295625375046932,563.3071637239368,1.4936362765590243,0.019439611253504307,1.5464158935105885,4
4.774113270906856,879.6564316986698,1.8342934113761735,0.926676446313971,0.7268252053382378,4
4.102468827611421,93.71757817477976,3.1969811525016336,0.17269089970507503,1.1540764871496187,4
3.821093583757909,958.9690450129442,4.805114805110731,-0.3866358992428981,1.507129972019014,4
0.31375964383662586,759.0067804634183,3.5646651349044087,-0.04093065085008048,0.7671610687604824,4
0.9321473540914132,458.8566791732649,3.970145802295171,-0.26190353033828523,0.8997880498892004,4
1.2756079497480504,297.60063321334314,3.6411311478128594,-0.2579014688409584,1.6689811097459337,4
3.8950031021201483,607.7233491099462,0.9351634450603213,-0.09569199694994981,0.6361740273945582,4
0.5769808052645045,11.784950651149307,0.6249663020446644,0.16448470369073617,0.9343501727550324,4
4.612794037672633,651.6233319014343,3.1579945165522423,-0.28697201747777273,1.996767709193736,4
2.269023637656127,556.0684941290278,1.2516701253335334,-0.1408964886178983,1.2005265949142285,4
4.928704848326549,853.5775361856195,2.755346055947102,-0.1789851073135411,1.7687054052476119,4
2.4302063528761573,813.7394658333426,1.4893557322715303,-0.21187271905266247,1.402739145670543,4
1.0213472984201837,99.97361338923493,0.9994759408653905,0.40195746630069146,1.4264728781828284,4
1.8764628535951395,353.07610673459607,4.19520493991769,-0.2557432736878019,1.3018147702708969,4
2.4308864277170024,840.6225981073134,1.5795772817300995,-0.14288085413305124,1.798092893185458,4
3.209377330301268,64.395673216439,2.7557556498819555,-0.04169366156567074,0.6064482215817957,4
1.184984660260319,802.1389335649005,1.6502758970896312,-0.3976696386525087,1.9264724416884436,4
4.007569148256817,650.7894684237546,1.917200234923946,-0.10966967305697892,0.8600654151103206,4
3.7030586792069085,879.2474405336923,0.29709044166301674,-0.04536085995316384,0.8872958566975557,4
4.886247446152392,366.32365589776157,0.5840477386131401,0.9491038418433343,1.135963107093246,4
1.6376693619887686,53.498230598435526,3.7537040773611627,-0.21315071574276295,1.0683574462601502,4
4.569030473045321,870.4411923998257,4.301574920048732,0.25214673792498216,1.0920288845977302,4
2.2417794487568035,725.6095031582289,0.19973884775452028,-0.053321106507877615,1.234161178198831,4
2.772729741909177,316.12564942517304,2.3454430675778117,-0.17739267998248612,0.5944982002885528,4
2.8599735712106242,807.3689745428098,2.7838775780084917,0.19155708331611995,1.7000616930971648,4
0.23088946391372744,506.52673005072216,3.582360566763471,0.11004838198902239,1.8227865250231292,4
2.3896598878844024,528.5425233358567,3.056266465282281,-0.19368232988559875,1.2232147067247985,4
1.747108572693275,896.1394578922622,0.7557437281653997,0.9668203192583801,0.5616894004067741,4
1.799563866939595,87.12009459598451,4.10133291196981,-0.24766307585323072,1.2817531276874639,4
4.951683426936331,997.8101603272958,2.8694120691303913,-0.18009841762846976,1.5358895402331445,4
0.7800846139940871,199.84775883752158,2.4767905678125666,-0.16255421723167443,1.3180051746196848,4
3.344618402483709,214.03016644616326,4.047699952107833,0.13366064326844787,1.2942995363481877,4
4.0412043794735935,100.65157846547858,3.4368652644113475,0.07726805838240189,0.7455515691146625,4
1.5057951664199092,97.25432087965955,2.7537799128913223,0.14904087131117885,1.048397582972235,4
3.2187016722742,96.33330049787467,2.856865763020994,0.001134073411022336,0.5417949691773152,4
3.6198051594249945,456.8225440083626,1.3143804193684567,-0.32513621235557155,1.2637196078658945,4
2.8148128793033496,607.8291990668974,3.421841190267937,0.39322589600020763,1.1872812056011488,4
0.16450031598193682,138.86045937582412,2.0437331157159773,-0.03664524734990277,1.8955517263367057,4
4.905231313487051,606.3690973438626,2.7363712851568858,0.2398019914362662,1.1027301639161065,4
3.4936384771067543,293.5154431016944,3.87265869398583,0.00418213902763075,1.9692100340742753,4
3.9694946068994716,946.9565132010707,3.9891424670732567,-0.13070227125174536,1.4626124308833428,4
4.835521643156729,940.755807542594,4.681591530969526,-0.106423985137842,1.021859745743305,4
2.685772724293242,350.1681141452176,3.301387418199787,0.20495752007639972,0.9505750945160538,4
1.2009713642706565,692.2408762151633,3.3468549023110015,-0.37458254469704044,0.8947081530972238,4
4.932026173996752,396.0469175946763,3.589014470368685,-0.3354403174852324,1.413200795087499,4
1.4055728186674283,858.9177128989254,2.2674002700858025,-0.05700620553890143,1.8315170877828355,4
4.9743920600376725,853.4008086647656,4.749947615775604,0.9455634946068908,1.5623455395718895,4
0.2748511846295472,695.7137856040041,2.9537543406777207,0.1051863336902912,1.9013965546647766,4
0.9772134805381593,512.419326723116,2.9921176444950657,0.056914853336326655,1.2461962521164631,4
4.966776161289067,795.0774057721956,4.722576048255899,-0.1355560465339961,0.9368580653117167,4
4.2774211094439805,413.3332146629093,3.3624739945127478,-0.2535007879818644,1.130618646235042,4
4.082772840552141,21.528152144841826,0.9360104619718762,-0.11255587474428956,1.9072710930746273,4
0.7972981203952664,147.69359982428182,3.524828085359733,0.23916735400221226,1.3727115540432593,4
1.3177239213197445,514.6859932624657,0.4181023682303673,-0.10770146119797555,0.5938304356227089,4
0.9427482203471176,550.9717640126534,4.08680447091985,-0.2976132463119468,1.0254374443552554,4
0.6175118318535846,592.6451299972521,4.130263880627181,-0.30173196176435585,0.5161157627540538,4
3.945125738123487,148.3369241642424,2.380802691445289,-0.09210914564049646,1.8369545458084193,4
0.2665674664935823,697.6806622572984,4.7135306216987525,0.09461264295209569,0.7073182057838626,4
3.4110236604993913,540.7546026118378,4.2007118024502095,-0.027345762532769238,1.209976320227426,4
1.9757518732646564,254.20701418591372,4.144734351095669,-0.5547674354517429,1.1371821734098366,4
0.9874456553686037,736.9889988489641,0.45542687043240015,-0.27250477761524683,1.7765470846320262,4
1.6577724696738299,704.8366204555421,0.9748659063116346,-0.1475111745441336,0.9191374635540186,4
4.869155873869195,994.4956065760629,4.340312042939161,-0.21863311127740576,1.432418335807288,4
3.0452087321832235,54.562540478944996,3.0371142064564465,-0.6088939772533868,1.8755866710849227,4
4.911646481317268,644.373771347216,1.8946887102849608,-0.10234683830785787,0.5610676855541911,4
3.993767999434685,943.1932040311235,4.722459583110945,-0.1507096565907042,1.262173375327406,4
1.2851715448922925,288.0568365654407,3.0631362234352735,0.09106333891887927,1.5919451100802826,4
2.0811532698819057,915.9315332786642,0.9104464858543729,-0.12813535767844156,0.9963788875917123,4
1.0240393082911388,269.331928362806,2.463282961297403,-0.16371947553026645,1.5587634175460814,4
3.5124442719922873,69.0899418973201,4.514790272639684,0.14551580451166482,1.1429667026747978,4
3.7799287122003102,360.29789581283836,2.007392067223385,-0.1767356152405102,1.6443910149935517,4
0.2571353596239362,733.2376388647302,2.159924415729833,-0.15359281979337527,1.2553144255753805,4
1.077881471309821,69.30671885620418,4.055777806455362,-0.3931028670734442,0.9828484476300972,4
0.8758456538485123,225.0370400002337,1.9396866131862522,-0.26037608095069303,1.926379806320022,4
1.777110053218584,359.8452527760258,2.5140487865800996,-0.5881516643539593,1.6224737123807582,4
2.356003349526992,69.28185167237525,4.313785445875729,0.2661741038094294,0.7758975308020328,4
2.6410342657444494,46.12339867735171,0.6554305249166553,-0.0971344166897482,0.7276802467939603,4
2.719656194742574,502.47114080210974,3.1860286569670992,-0.36521532376756455,0.880543362946862,4
3.256384218657789,150.4599640373502,4.7151257481654945,-0.3337603113790448,1.6317182339427443,4
1.278845500226167,656.0575373958154,0.725701173285699,0.33275727353259893,1.3937311330637963,4
3.547140823317659,279.2627075424875,2.93713735796283,0.169377472169374,1.8365750756415138,4
3.2526659120376213,586.0960065371801,2.932136388999685,-0.36625747895995736,0.728018536582504,4
1.2013919337543992,610.5954651321514,1.2988066751396923,0.24322881525217338,1.0993308153649932,4
0.2597345453943384,612.6025170378567,1.1468008913343917,-0.07381219537177398,1.4364771202382394,4
0.9262058773866364,885.4407594920717,0.8232970273075061,0.24413803370977108,1.274669873689602,4
0.49618570867464606,526.3425945446281,3.8227492526770086,-0.3606779012214817,1.2097519720352172,4
4.942397059497746,259.90046380583817,3.581448973167888,0.035270803068434636,0.5149298286625132,4
1.4274658496479449,635.0545557511641,2.9143889767272664,-0.23835848777231242,0.7629933165482463,4
4.675004682849454,332.1215620674088,0.17723396873697664,-0.09471440560393847,1.928617135133626,4
1.6716721709874622,191.7655221770938,1.3858227065876547,-0.3156130720041259,1.8186384074009774,4
4.940837061462933,691.0294906701101,0.867046452973688,-0.12012846456607297,1.153883131224899,4
3.0694320278764535,974.9890889183794,1.5399687057236695,-0.14015064375249672,1.8715228485400786,4
1.4167195515431392,842.3214412742925,0.5505602545645996,0.33247303772682485,1.723362800418997,4
2.097863950527595,104.17922014792676,3.3318205403618597,0.03468543315168659,0.8013983068558772,4
4.4704176077283915,172.25951520370748,4.08035369945593,0.41466615383371574,1.8882986578497576,4
0.965363398699148,287.3642684120551,1.5944425358228655,-0.39527334547011556,0.9701033941883392,4
1.2403018862728117,327.9510761614024,1.3670608915111755,-0.5148515248475185,1.5346271269715912,4
1.3268791130098072,869.0373047960819,2.9526887191235205,-0.29372892011029506,1.8539694105456934,4
2.3540129037632807,254.98401655164253,0.536318354858536,0.4598466741291274,0.6501989136911163,4
0.1831950545276311,995.9737668133431,2.2343019598761322,-0.22678275285576227,0.550724431783548,4
2.4943054027331923,650.6134490142455,0.6094122607517444,0.46358017421284264,0.9181352242072599,4
0.9528259129902201,499.55448098459885,1.072692385432769,0.504924049213207,1.1369450870530584,4
3.987344600599421,679.9431362903127,2.2174262414778716,-0.08651381057711588,0.5696363123557056,4
3.2121908592997137,605.3284193875611,4.0715067215607945,-0.1448641404074714,0.7111791378162577,4
1.5550400668866466,892.4493211744118,0.6635182118639847,-0.13151874325032092,0.5510205384264435,4
4.278469156262321,561.1371298767722,3.207594132822222,-0.10625957437199766,0.7672402844664861,4
4.696365815635121,578.003000188184,0.26234213183649835,-0.09237863182402893,0.5737568392663818,4
4.271132343311318,170.7115822950486,0.6527310859649034,-0.15602011888075681,0.5443057358438154,4
1.8267203354918862,722.4994385780404,0.5137399975559117,0.6018789959189182,1.9031709615656527,4
2.0487600236094172,130.82901090090436,4.862867647096844,0.9990092361537406,0.7651974777401691,4
0.12784936988979193,44.11112938444747,4.408469173962915,-0.04248551590893299,1.8383087220650263,4
0.1951600914660181,61.03626216095356,1.3122066278790265,-0.20276977280774233,0.8436323783095936,4
2.133283309169265,72.92820328862999,2.224455028139619,0.14685221838554496,1.6695063100705814,4
3.715315617099804,728.819976634176,0.17039156110283915,-Inf,0.5625920236962483,4
1.8894532223891718,374.4488361635696,3.067547491345693,0.05053111625131608,0.5968874145679033,4
0.725815562345606,739.0904714780643,0.24955477338274326,0.9861719440941803,0.5081176891279129,4
2.8029313925427917,683.1631562706656,0.9339696841344336,-0.13406031221243175,1.3831399669568343,4
4.5104347179747695,810.8950401577404,1.490228852660355,-0.11537918645029302,1.6289827905460803,4
1.6107264296451578,402.8166985182548,0.7982377634232303,0.26734985412253603,1.9417794839419238,4
1.937446609186164,293.60687572281074,1.6166240471224673,0.4039042296299671,0.7194634489782369,4
0.4069499970997118,697.6750939802438,1.5700265632489487,-0.11202334694827175,1.3189316752094589,4
2.4909500260361397,750.8744517724972,3.987218597711311,0.9206087565322296,1.484766271259523,4
4.234741525310329,549.1536715997378,2.342840434516068,-0.19799169362716618,1.236270357963929,4
2.0972441768901153,604.5965134260774,4.967341773842122,0.04060082556119034,0.7757606870562292,4
0.5336234953010524,383.6539470258684,4.253921312543049,-0.3072595785377897,0.990571238832292,4
3.5288075576826285,579.4960441069802,4.968457002941195,0.28242172398455656,1.423092576888131,4
1.6094834651048726,949.2898264833409,2.7152774385030622,0.13729036563917651,0.8061695729532017,4
1.7369723745748458,491.5711009780995,4.432429956347706,-0.6347735138214806,1.597375494952369,4
2.5876793752684875,500.9258631205562,4.867875350562762,-0.23139302742183232,0.6215258388696888,4
0.7009315847122216,355.8213186735015,3.4073946484096274,0.26173019556417976,1.3165217312025626,4
0.2520407470437968,20.74693876652878,4.2087408412733955,-0.15246495450023897,0.5090390147925381,4
1.1593161911599659,737.4472970353967,3.923992705702604,-0.03822133235603702,0.7886360495339646,4
2.9249774498396346,261.6706379158894,4.2864260831869965,0.9345867461330533,1.7967677399486583,4
1.7109530590052549,450.195596439082,2.151159698434474,-0.3282795503554447,1.8935786888186374,4
1.0445830902391031,819.6159059405464,4.004156948300188,-0.6485727959736332,1.6935694488699313,4
1.3644666146904747,163.045415911308,2.235594784900614,0.4657151955567487,1.3621997135553725,4
3.9529625585591424,923.2269552568195,3.038172881455246,-0.1876902942328345,1.2553742979381064,4
0.7722596652936949,375.10729117379816,3.698753116343328,-0.04676179989838894,0.5908196213120889,4
1.18411583333878,292.0110534311955,1.2362041786608255,0.1872619395066543,1.2725948208826885,4
0.7008670471617999,912.7170720737828,2.2575170893144207,-0.39587323421483234,1.81056642046017,4
4.396636801779803,610.6025527591152,1.9309779490690904,-0.10823475491056612,0.934175160796533,4
4.039087844394315,956.0341089064951,3.315078156640854,-0.17272361807999265,1.7889999606888118,4
0.8053161021908458,931.212742571865,1.7946502962721496,0.47072140774333615,1.3634051959357152,4
4.6443803040679414,336.3511537395378,2.3516455357834247,-0.07450358030372997,0.5058551811246408,4
4.890699765792884,204.51935219975755,0.9320412718069971,-0.10992056677669582,0.5068813887573071,4
1.983373077928662,409.236081752261,2.2107212985340627,-0.14553689481100762,0.5755514355991591,4
1.883246547992178,298.0090438195865,4.307992722362405,-0.14156237144352313,0.7449293649201849,4
2.2699259219233396,988.1820280030508,2.810603854949317,0.17371902443278023,1.2707594840955165,4
1.2218438623513677,368.42533966845417,2.6801285075740937,0.030380090319527812,1.3036192686503156,4
0.1374049068670697,570.1035539995256,1.7998006708398029,-0.2852855581545393,0.9007171658777815,4
1.7870407214410642,158.72390268040647,0.9034354355932062,-0.14675963849742096,0.6046598140619532,4
4.620502665664617,924.3820755201532,3.310809751336926,0.57200182292882,1.5182665293053637,4
1.4132156277986283,268.73440950686563,4.82331100969262,-0.40528689289279785,1.1345276887385616,4
4.574645202535692,423.68782550755265,4.033564087484008,0.13568866651601286,0.6751289001692508,4
2.7084648890901497,196.2436926884457,3.0001825778752447,0.3976328537950648,1.0646430135881888,4
0.1830732676239402,783.2185684440796,4.036752421941163,0.0019490575241333946,1.6953724281587985,4
4.056935944175722,930.5481386554798,1.8007271634698165,-0.08408723089145428,0.8975682035832389,4
3.637747479738394,20.357734331973894,4.383879839532158,0.021601709975520144,1.3047997578672281,4
1.1632480160758942,958.3338950731608,2.951060204777979,-0.156451750697538,1.7460494192516671,4
3.8623564617181945,617.9071388290354,2.3486878776799656,-0.2010114420098629,0.8599608296216883,4
0.4348774331635087,188.19976630933124,0.5555570834045561,0.028714981321150884,1.6830725466121896,4
1.5310545118367378,271.3875118497796,2.045140546514828,-0.37072739937343835,0.6849819734290108,4
2.2387562360154405,607.4955153235194,4.14788628257981,0.4922310621374129,0.7768027601771333,4
2.614005952710256,208.38261998831163,4.170925186140773,-0.22588840494737714,1.2958155387770642,4
4.849929793025523,907.5217894818205,1.7973688585942067,-0.06128641155879869,0.6653352564865342,4
2.737000769344418,29.8636502778465,3.2444896534256342,0.2175630876206516,1.1788910167798066,4
0.5724814829959,738.734082522869,2.5306329183887217,-0.028605164134724227,1.6619600697849357,4
2.97591853254789,152.91716849539716,3.527949468040856,-0.8875041837210949,1.3702567255584972,4
3.9790571166196904,886.6865946308478,1.1120770078316682,-0.039808945573157804,0.6385411745145042,4
4.377166004733587,673.7036776906688,1.6731085678137518,-0.23737123387234169,1.6039455596478596,4
0.24512066605896596,549.4260688385333,4.29193777523637,-0.07554358754405179,1.3212243167059945,4
0.8531447544166764,935.3194331564241,0.30393860894401104,-0.15477122337265797,1.7093395573578112,4
3.7381867418555172,445.8409677820555,3.963747633733811,-0.0984816850530133,0.503698258763428,4
4.484593207319512,441.0357573596162,1.0951860591792586,-0.2016740562024573,1.2940745931717967,4
2.576385455597544,973.6776024495384,4.791722837174659,-0.2896845151422299,0.8201760867404877,4
4.685709140590505,771.365137596806,2.5648240596381537,0.2482204183975605,1.1111443678283521,4
1.5163784169656807,390.5680628763545,0.2144841591192571,-0.1503540246292541,0.9158364865029498,4
1.6266388528905238,268.5445916330445,4.197814343925851,-0.07424905944612686,0.7739460485685458,4
3.716981816808028,820.7103371027331,2.1510804946110205,-0.14970752371377136,1.2927237331110066,4
4.300679199149693,137.97650061058482,3.2794793403220335,-0.2385637277766573,1.3331972792708693,4
4.769851210573481,614.3148257079856,3.019461191461561,0.5701742830438127,0.6755044509998653,4
4.015099999579922,639.4883082762948,0.175271512871593,-0.032718927704391686,0.7255313242973858,4
4.277074911131715,536.1894827029606,4.799774804673303,0.46442572817159866,1.2333710647720297,4
4.2808850781463486,580.2076944998862,3.1930616393055753,-0.16774256445401173,1.0560715693199463,4
3.73081574566937,411.55452467624104,0.15408701497533916,-Inf,1.0174945886964097,4
3.063364659271244,617.8614124067283,0.10490403610074421,-0.01935670909968479,0.5030455115157667,4
1.5319293401488132,919.8214151939724,4.530634171562341,-0.39335105541923393,0.9575105150402352,4
3.2974669281288613,893.2350910399448,0.7683438104350763,-0.11752772646639952,1.7244734982114154,4
4.869037320438102,883.9384443159748,4.690181666407789,-0.12743952111706042,0.7226248817953478,4
1.7481158495043188,990.7702281855225,1.3871862883681996,-0.10283733293209442,0.6106572254541203,4
2.4582255531108625,627.3256204921313,0.8397096919155643,-0.09087053759624243,0.7139552277235272,4
2.768067437112512,267.88832481976794,3.8457619474446414,-0.26036519549123366,1.3977948623603347,4
2.2774517169028576,728.5625878683296,2.2669735133177076,-0.2344297390484158,0.7136526247672998,4
2.6294912903226257,423.4221205345867,0.7073576526557978,0.9817501329501865,0.7604325915402577,4
1.7002545746923323,59.58730715998274,0.2148038303664464,0.42337213042933586,1.686192708656416,4
4.983792561734164,787.3921167753426,0.5964246676558296,-0.05209482779950937,1.3641004367626448,4
1.0523206982468154,596.4646863558004,4.454387882318437,0.543299314455531,0.8760413338670108,4
1.0198221598277164,619.6263599398492,1.0508911441080342,0.3364734542310055,0.9135805558253703,4
1.0720224689845375,58.33640052873315,3.817608665087707,0.14255380996823153,1.6745747320887878,4
4.023027384277566,963.8588632061973,3.9876802729448033,-0.21607179055298298,0.7617154259713612,4
0.9377155050922568,598.7068820955811,1.1541324076282033,-0.18687006151596963,1.4066918251073712,4
2.696646401088495,54.35753286592515,0.8523530144349715,0.32992895088064617,1.5148999739267681,4
4.949120967557304,878.5859451625079,4.581426664031273,-0.22234080823251254,1.744540860091183,4
1.6237147094993478,891.350607729603,0.6074812809286992,-0.10079563462117526,1.2923588109839619,4
4.22706303421345,619.2562300905477,2.2543504303678614,-0.24756966980051165,0.8757922399785341,4
2.5815594703118108,433.9706331321856,0.4457870501315545,-0.08799158190350542,1.0740385183728112,4
1.3502938905467927,306.54882381976256,3.921054662853481,-0.4766014214934867,0.7967218367330946,4
2.7030257782817615,470.75983758186635,1.7691860557257926,0.5768077211516497,0.9126303402683316,4
4.452595208693463,576.8394249582684,0.2971617844892046,-0.07120221852242775,1.7933104882525515,4
0.7088453665232215,232.2503798248934,0.6196600594974327,-0.029455997875177817,1.0111097771231403,4
0.38831023545447996,393.1775874751507,2.253033740602225,0.2872362379061255,0.6187038934455013,4
0.7388648540347157,301.87902654843515,0.5197682668589505,-0.29253832151271414,0.9471131686250445,4
0.16240990555778725,217.79511487683106,1.8616496427304552,-0.012022890837629167,0.6659352569175492,4
4.567490975599398,697.4376039420207,0.5690567984578271,-0.07145535190401119,1.1938419600037429,4
0.5478122249891862,78.4515888287812,0.12239911602814901,-0.34435765282018327,0.9039913047585946,4
1.877468729155624,954.5305468888997,3.6968138400106447,-0.2382280927689817,0.5214589402171441,4
1.9659478624531443,152.3823599322639,4.452728880999787,0.1901703790155701,1.9819027331795593,4
2.5116235592758893,772.3297036712074,2.1405070856005692,-0.08623812317564952,0.5437042428586012,4
1.9768181287183277,117.6716899011751,2.4709106647246,-0.4509685112931852,1.9403483156755847,4
0.18004324937848584,147.49078249718897,2.153678361799908,0.18083104787087728,1.3376863012035196,4
4.486534951792993,518.6437892163959,1.136608960241476,0.42422513984126686,1.0030535306181474,4
2.905876890091298,769.1288385865256,0.2158192887934095,-0.06367020997917161,1.7536430023195275,4
2.092031955098375,141.85723975310444,4.374830854103673,-0.16729423357319495,1.669907722771771,4
4.149082497381823,22.48160802319145,3.7396137359599475,-0.09892362804421818,1.576626596992511,4
3.980754202540938,806.5131006400497,3.04876460744108,-0.1679580595430425,1.1516267839297236,4
2.0947430359331785,871.9575014377726,4.416925689676794,-0.1779140149688592,0.5042436574518462,4
2.4602586850904395,428.09372402460957,3.484319926493407,-0.24620698149820708,0.6172423647974776,4
1.9795160463015573,664.2247264668677,4.121895841984772,-0.41040455638491014,0.6711002529360023,4
0.6565233355534663,203.5465408781815,0.7000872063771605,-0.26130761821361964,0.6786301945653359,4
2.356697641825949,854.3725969325513,0.6853677383802577,-0.16697482165257618,1.1685416828992523,4
2.2525839126873297,207.95962147484713,0.3346300920587857,-0.20199190479061732,1.9211766685070142,4
3.180835836646736,777.5982633179013,3.3095833964270467,-0.10205574410487049,0.5488615935021923,4
1.5866701321151582,188.0768285768783,3.8472198424641704,0.19525975665543732,1.2815959979892344,4
3.0965094930086017,357.5838771645379,3.5912569314814378,-0.26587727975520364,1.6494157364027398,4
3.5470089046036763,485.99811348362164,4.656169595806486,-0.4749380601136376,0.8861055651829166,4
1.6278747642274143,844.5074730973902,2.712732781386234,-0.2668256886997755,0.995492077428344,4
4.178169596346489,834.3954284329321,3.533982270946752,0.05790745983393539,1.610613436274123,4
4.4850927862014025,573.8209489542849,0.9677846218220488,0.4287144620461836,0.9666695154877851,4
1.0273200418986554,618.2190239454146,1.012865417804128,0.1402627131457206,1.4182963719477601,4
1.0750265003224706,505.70605881563955,3.061257516840345,0.5247728428268413,1.1258553527918091,4
4.88359209154492,439.2254374341433,0.11726319392463203,-Inf,1.6069811639625535,4
2.3510829472502346,478.6969194998208,3.3738022833718047,-0.15492973638372912,0.537993625185605,4
2.1248845803431617,130.63702712762296,0.19732029051756178,-0.1366586136360663,1.4170411938841445,4
0.737192814096491,990.8974050906388,0.5251387960067273,-0.18719985461525906,0.9158886354989559,4
1.6755583348842604,446.5320483762472,1.259650246083353,0.31249730950750176,0.7595944608071648,4
2.947446972180269,354.7200019827086,4.089408596757537,0.3879685645493706,0.7188056737802646,4
4.435651943782854,76.87177304570785,1.447251171803073,0.00181321652226039,1.286014285384451,4
3.4977793030454576,652.1845878210918,1.921916749745552,0.05868386154847871,1.7832798793610665,4
4.801132393351915,943.9122501756291,3.1996802431635345,-0.13608697850884677,1.286746822966461,4
2.5390804356486236,467.41669315429436,2.4746859674054873,-0.4443823484063591,1.4127303283275734,4
1.9118982448569564,940.0874707939031,2.2958262146003543,0.9553902939119688,1.147399657179884,4
0.7233513218956483,922.2449650926192,3.2227112575766768,-0.11165213547378122,1.1520450060707628,4
1.4460990986155484,39.03943673225513,4.540443723480749,-0.053334831469479385,1.8465337120661025,4
3.816998339140875,787.6844399625478,3.609846277224244,-0.19507848065685218,0.5980469549839649,4
4.108962406069848,32.73093864250487,0.35891573889013495,-0.4818903329924748,1.1162073764896308,4
4.344296780051293,176.56237600186105,3.4625918367046906,-0.21351098758125353,0.8609316632002153,4
3.9741037597503004,899.9983825999386,0.8393452615479843,-0.04988946379294496,0.5419732777110569,4
3.335435435538448,441.3497547898085,3.9256130184342193,0.3205966083508752,1.6787767514575873,4
2.4384792123692467,315.5549464436167,1.4606973749768344,-0.21448468209691007,0.7185107017770547,4
3.199987334133396,78.90834565589043,4.533069674603298,-0.27249675910292714,1.75056286538424,4
1.5346377851817294,459.04791329329566,0.27229429395953064,-0.14176100003679934,0.6615155238085293,4
2.306582335872375,696.6994406282327,3.5021828274534115,-0.2824056266931389,1.3168387287459429,4
1.626667151651115,781.7131515328167,3.296137791270369,-0.30213311004419213,0.7269417733059917,4
1.362040267606439,932.0593983961993,1.6303671226144785,0.38652982449330603,0.7949458365997508,4
4.330490049836671,89.25174278021474,0.7475479522715077,-0.20258861519780175,0.819322700220001,4
3.1418812898481034,889.6189988307805,2.58073521799354,-0.19316890295381325,1.4420510260425845,4
3.9429904073622764,240.00294146557715,3.2487353031451662,-0.45271756718150263,0.7333897593592659,4
0.6640347117265669,808.7630047435279,3.842147676006715,0.2389181241933388,0.8551454590208438,4
2.16350574420114,950.2109556152438,4.535770052122952,-0.4641169481662081,1.4996166332822758,4
0.9742853588054428,413.4240736207896,3.697160398341028,0.5432924497067022,0.8055647182898239,4
0.28916355364457336,391.93096205194996,0.9575197094214288,0.17582924938713348,1.7804010443751797,4
4.86659206173861,583.4651161799027,1.5861339077458396,-0.12410487835236844,1.0772207768225104,4
4.380019287806943,756.1742970034315,0.5093074844974436,-0.07069951378945591,1.0862261839140834,4
1.144231289107282,161.7426450132092,4.235087459240272,-0.1445715269509569,0.6272473416665929,4
0.2204740168850043,186.15454428108617,2.73156171399391,-0.15919229458377288,0.9042375810192385,4
0.7884734816240169,950.7018930900566,1.2873123578767538,-0.3567752543671178,0.7937767795523103,4
1.1313939709737122,605.3191460248746,3.1271825101126085,-0.10508266368866014,1.6330627381892184,4
1.4208334856659552,263.61340408526155,2.371067445921624,0.27154278595051,1.3867495860688601,4
2.8723402191389122,202.4989666508939,2.9584832597831014,0.21699365399070658,1.3540649702297725,4
0.8686919219520013,592.6102957695754,0.45979129412984,-0.21542822868648304,1.6533035687155206,4
3.655699327958035,716.3773304550933,1.9296756208203947,-0.22779173667764818,1.762970311983828,4
1.2415498389964088,435.6089761217762,4.224853692070123,-0.34521780386893997,0.6471565783650302,4
